<metadata xml:lang="en"><Esri><CreaDate>20110224</CreaDate><CreaTime>16365900</CreaTime><ArcGISFormat>1.0</ArcGISFormat><SyncOnce>FALSE</SyncOnce><DataProperties><itemProps><itemName Sync="TRUE">small_arctic_watersheds_river_lines</itemName><imsContentType Sync="TRUE">002</imsContentType><itemLocation><linkage Sync="TRUE">file://\\RIO\Data\Arctic\ArcticGRO\vector\small_arctic_watersheds_river_lines.shp</linkage><protocol Sync="TRUE">Local Area Network</protocol></itemLocation><itemSize Sync="TRUE">0.000</itemSize></itemProps><coordRef><type Sync="TRUE">Projected</type><geogcsn Sync="TRUE">GCS_Sphere_ARC_INFO</geogcsn><projcsn Sync="TRUE">Sphere_ARC_INFO_Lambert_Azimuthal_Equal_Area</projcsn><peXml Sync="TRUE">&lt;ProjectedCoordinateSystem xsi:type='typens:ProjectedCoordinateSystem' xmlns:xsi='http://www.w3.org/2001/XMLSchema-instance' xmlns:xs='http://www.w3.org/2001/XMLSchema' xmlns:typens='http://www.esri.com/schemas/ArcGIS/10.5'&gt;&lt;WKT&gt;PROJCS[&amp;quot;Sphere_ARC_INFO_Lambert_Azimuthal_Equal_Area&amp;quot;,GEOGCS[&amp;quot;GCS_Sphere_ARC_INFO&amp;quot;,DATUM[&amp;quot;D_Sphere_ARC_INFO&amp;quot;,SPHEROID[&amp;quot;Sphere_ARC_INFO&amp;quot;,6370997.0,0.0]],PRIMEM[&amp;quot;Greenwich&amp;quot;,0.0],UNIT[&amp;quot;Degree&amp;quot;,0.0174532925199433]],PROJECTION[&amp;quot;Lambert_Azimuthal_Equal_Area&amp;quot;],PARAMETER[&amp;quot;False_Easting&amp;quot;,0.0],PARAMETER[&amp;quot;False_Northing&amp;quot;,0.0],PARAMETER[&amp;quot;Central_Meridian&amp;quot;,100.0],PARAMETER[&amp;quot;Latitude_Of_Origin&amp;quot;,45.0],UNIT[&amp;quot;Meter&amp;quot;,1.0]]&lt;/WKT&gt;&lt;XOrigin&gt;-12742100&lt;/XOrigin&gt;&lt;YOrigin&gt;-12742100&lt;/YOrigin&gt;&lt;XYScale&gt;353442495.92849648&lt;/XYScale&gt;&lt;ZOrigin&gt;-100000&lt;/ZOrigin&gt;&lt;ZScale&gt;10000&lt;/ZScale&gt;&lt;MOrigin&gt;-100000&lt;/MOrigin&gt;&lt;MScale&gt;10000&lt;/MScale&gt;&lt;XYTolerance&gt;0.001&lt;/XYTolerance&gt;&lt;ZTolerance&gt;0.001&lt;/ZTolerance&gt;&lt;MTolerance&gt;0.001&lt;/MTolerance&gt;&lt;HighPrecision&gt;true&lt;/HighPrecision&gt;&lt;/ProjectedCoordinateSystem&gt;</peXml><csUnits Sync="TRUE">Linear Unit: Meter (1.000000)</csUnits></coordRef><lineage><Process ToolSource="C:\Program Files\ArcGIS\Desktop10.0\ArcToolbox\Toolboxes\Data Management Tools.tbx\CopyFeatures" Date="20110224" Time="163707">CopyFeatures C:\Data\Global\CarbonRivers\raster\Hydro1k\Asia\as_str.shp c:\Data\Arctic\Arctic_Rivers_GIS\all_sheds\Arctic_rivers_data_Dec2010.gdb\watersheds\as_str # 0 0 0</Process><Process ToolSource="c:\program files (x86)\arcgis\desktop10.5\ArcToolbox\Toolboxes\Analysis Tools.tbx\Clip" Date="20180215" Time="161227">Clip as_str small_arctic_watersheds C:\Data\Arctic\ArcticGRO\vector\crap1.shp #</Process><Process ToolSource="c:\program files (x86)\arcgis\desktop10.5\ArcToolbox\Toolboxes\Data Management Tools.tbx\Merge" Date="20180215" Time="161453">Merge crap1;crap2 C:\Data\Arctic\ArcticGRO\vector\small_arctic_watersheds_river_lines.shp "FNODE_ "FNODE_" true true false 10 Long 0 10 ,First,#,crap1,FNODE_,-1,-1,crap2,FNODE_,-1,-1;TNODE_ "TNODE_" true true false 10 Long 0 10 ,First,#,crap1,TNODE_,-1,-1,crap2,TNODE_,-1,-1;LPOLY_ "LPOLY_" true true false 10 Long 0 10 ,First,#,crap1,LPOLY_,-1,-1,crap2,LPOLY_,-1,-1;RPOLY_ "RPOLY_" true true false 10 Long 0 10 ,First,#,crap1,RPOLY_,-1,-1,crap2,RPOLY_,-1,-1;LENGTH "LENGTH" true true false 19 Double 0 0 ,First,#,crap1,LENGTH,-1,-1,crap2,LENGTH,-1,-1;AS_STR_ "AS_STR_" true true false 10 Long 0 10 ,First,#,crap1,AS_STR_,-1,-1;AS_STR_ID "AS_STR_ID" true true false 10 Long 0 10 ,First,#,crap1,AS_STR_ID,-1,-1;FLOWACC "FLOWACC" true true false 10 Long 0 10 ,First,#,crap1,FLOWACC,-1,-1,crap2,FLOWACC,-1,-1;GRID_CODE2 "GRID_CODE2" true true false 10 Long 0 10 ,First,#,crap1,GRID_CODE2,-1,-1;LEVEL1 "LEVEL1" true true false 10 Long 0 10 ,First,#,crap1,LEVEL1,-1,-1,crap2,LEVEL1,-1,-1;LEVEL2 "LEVEL2" true true false 10 Long 0 10 ,First,#,crap1,LEVEL2,-1,-1,crap2,LEVEL2,-1,-1;CONNECT_AR "CONNECT_AR" true true false 5 Long 0 5 ,First,#,crap1,CONNECT_AR,-1,-1;X_COORD "X_COORD" true true false 13 Float 0 0 ,First,#,crap1,X_COORD,-1,-1;Y_COORD "Y_COORD" true true false 13 Float 0 0 ,First,#,crap1,Y_COORD,-1,-1;LEVEL3 "LEVEL3" true true false 10 Long 0 10 ,First,#,crap1,LEVEL3,-1,-1,crap2,LEVEL3,-1,-1;LEVEL4 "LEVEL4" true true false 10 Long 0 10 ,First,#,crap1,LEVEL4,-1,-1,crap2,LEVEL4,-1,-1;LEVEL5 "LEVEL5" true true false 10 Long 0 10 ,First,#,crap1,LEVEL5,-1,-1,crap2,LEVEL5,-1,-1;LEVEL6 "LEVEL6" true true false 10 Long 0 10 ,First,#,crap1,LEVEL6,-1,-1,crap2,LEVEL6,-1,-1;LEVEL7 "LEVEL7" true true false 10 Long 0 10 ,First,#,crap1,LEVEL7,-1,-1;LEVEL7_SD "LEVEL7_SD" true true false 5 Long 0 5 ,First,#,crap1,LEVEL7_SD,-1,-1;ORDER7 "ORDER7" true true false 5 Long 0 5 ,First,#,crap1,ORDER7,-1,-1;PF_TYPE "PF_TYPE" true true false 5 Long 0 5 ,First,#,crap1,PF_TYPE,-1,-1,crap2,PF_TYPE,-1,-1;FRMELEVATI "FRMELEVATI" true true false 10 Long 0 10 ,First,#,crap1,FRMELEVATI,-1,-1,crap2,FRMELEVATI,-1,-1;GRADIENT "GRADIENT" true true false 19 Double 0 0 ,First,#,crap1,GRADIENT,-1,-1,crap2,GRADIENT,-1,-1;STRORDER "STRORDER" true true false 10 Long 0 10 ,First,#,crap1,STRORDER,-1,-1,crap2,STRORDER,-1,-1;FRMUP_FLOW "FRMUP_FLOW" true true false 10 Long 0 10 ,First,#,crap1,FRMUP_FLOW,-1,-1,crap2,FRMUP_FLOW,-1,-1;TOUP_FLOWL "TOUP_FLOWL" true true false 10 Long 0 10 ,First,#,crap1,TOUP_FLOWL,-1,-1,crap2,TOUP_FLOWL,-1,-1;FRMDN_FLOW "FRMDN_FLOW" true true false 10 Long 0 10 ,First,#,crap1,FRMDN_FLOW,-1,-1,crap2,FRMDN_FLOW,-1,-1;TODN_FLOWL "TODN_FLOWL" true true false 10 Long 0 10 ,First,#,crap1,TODN_FLOWL,-1,-1,crap2,TODN_FLOWL,-1,-1;Shape_Leng "Shape_Leng" true true false 19 Double 0 0 ,First,#,crap1,Shape_Leng,-1,-1,crap2,Shape_Leng,-1,-1;EU_STR_ "EU_STR_" true true false 10 Long 0 10 ,First,#,crap2,EU_STR_,-1,-1;EU_STR_ID "EU_STR_ID" true true false 10 Long 0 10 ,First,#,crap2,EU_STR_ID,-1,-1;TOELEVATIO "TOELEVATIO" true true false 10 Long 0 10 ,First,#,crap2,TOELEVATIO,-1,-1"</Process></lineage></DataProperties><SyncDate>20180215</SyncDate><SyncTime>16145100</SyncTime><ModDate>20180215</ModDate><ModTime>16145100</ModTime></Esri><dataIdInfo><envirDesc Sync="TRUE"> Version 6.2 (Build 9200) ; Esri ArcGIS 10.5.0.6491</envirDesc><dataLang><languageCode value="eng" country="USA"></languageCode><countryCode value="USA" Sync="TRUE"></countryCode></dataLang><idCitation><resTitle Sync="TRUE">small_arctic_watersheds_river_lines</resTitle><presForm><PresFormCd value="005"></PresFormCd></presForm></idCitation><descKeys><thesaName uuidref="723f6998-058e-11dc-8314-0800200c9a66"></thesaName><keyword Sync="TRUE">002</keyword></descKeys><spatRpType><SpatRepTypCd value="001"></SpatRepTypCd></spatRpType></dataIdInfo><mdLang><languageCode value="eng"></languageCode><countryCode value="USA" Sync="TRUE"></countryCode></mdLang><distInfo><distFormat><formatName Sync="TRUE">Shapefile</formatName></distFormat><distTranOps><transSize Sync="TRUE">0.000</transSize></distTranOps></distInfo><mdHrLv><ScopeCd value="005"></ScopeCd></mdHrLv><mdHrLvName Sync="TRUE">dataset</mdHrLvName><refSysInfo><RefSystem><refSysID><identCode code="0"></identCode></refSysID></RefSystem></refSysInfo><spdoinfo><ptvctinf><esriterm Name="small_arctic_watersheds_river_lines"><efeatyp Sync="TRUE">Simple</efeatyp><efeageom code="3" Sync="TRUE"></efeageom><esritopo Sync="TRUE">FALSE</esritopo><efeacnt Sync="TRUE">0</efeacnt><spindex Sync="TRUE">FALSE</spindex><linrefer Sync="TRUE">FALSE</linrefer></esriterm></ptvctinf></spdoinfo><spatRepInfo><VectSpatRep><geometObjs Name="small_arctic_watersheds_river_lines"><geoObjTyp><GeoObjTypCd value="002" Sync="TRUE"></GeoObjTypCd></geoObjTyp><geoObjCnt Sync="TRUE">0</geoObjCnt></geometObjs><topLvl><TopoLevCd value="001" Sync="TRUE"></TopoLevCd></topLvl></VectSpatRep></spatRepInfo><eainfo><detailed Name="small_arctic_watersheds_river_lines"><enttyp><enttypl Sync="TRUE">small_arctic_watersheds_river_lines</enttypl><enttypt Sync="TRUE">Feature Class</enttypt><enttypc Sync="TRUE">0</enttypc></enttyp><attr><attrlabl Sync="TRUE">FID</attrlabl><attalias Sync="TRUE">FID</attalias><attrtype Sync="TRUE">OID</attrtype><attwidth Sync="TRUE">4</attwidth><atprecis Sync="TRUE">0</atprecis><attscale Sync="TRUE">0</attscale><attrdef Sync="TRUE">Internal feature number.</attrdef><attrdefs Sync="TRUE">Esri</attrdefs><attrdomv><udom Sync="TRUE">Sequential unique whole numbers that are automatically generated.</udom></attrdomv></attr><attr><attrlabl Sync="TRUE">Shape</attrlabl><attalias Sync="TRUE">Shape</attalias><attrtype Sync="TRUE">Geometry</attrtype><attwidth Sync="TRUE">0</attwidth><atprecis Sync="TRUE">0</atprecis><attscale Sync="TRUE">0</attscale><attrdef Sync="TRUE">Feature geometry.</attrdef><attrdefs Sync="TRUE">ESRI</attrdefs><attrdomv><udom Sync="TRUE">Coordinates defining the features.</udom></attrdomv></attr><attr><attrlabl Sync="TRUE">FNODE_</attrlabl><attalias Sync="TRUE">FNODE_</attalias><attrtype Sync="TRUE">Integer</attrtype><attwidth Sync="TRUE">10</attwidth><atprecis Sync="TRUE">10</atprecis><attscale Sync="TRUE">0</attscale></attr><attr><attrlabl Sync="TRUE">TNODE_</attrlabl><attalias Sync="TRUE">TNODE_</attalias><attrtype Sync="TRUE">Integer</attrtype><attwidth Sync="TRUE">10</attwidth><atprecis Sync="TRUE">10</atprecis><attscale Sync="TRUE">0</attscale></attr><attr><attrlabl Sync="TRUE">LPOLY_</attrlabl><attalias Sync="TRUE">LPOLY_</attalias><attrtype Sync="TRUE">Integer</attrtype><attwidth Sync="TRUE">10</attwidth><atprecis Sync="TRUE">10</atprecis><attscale Sync="TRUE">0</attscale></attr><attr><attrlabl Sync="TRUE">RPOLY_</attrlabl><attalias Sync="TRUE">RPOLY_</attalias><attrtype Sync="TRUE">Integer</attrtype><attwidth Sync="TRUE">10</attwidth><atprecis Sync="TRUE">10</atprecis><attscale Sync="TRUE">0</attscale></attr><attr><attrlabl Sync="TRUE">LENGTH</attrlabl><attalias Sync="TRUE">LENGTH</attalias><attrtype Sync="TRUE">Double</attrtype><attwidth Sync="TRUE">19</attwidth><atprecis Sync="TRUE">0</atprecis><attscale Sync="TRUE">0</attscale></attr><attr><attrlabl Sync="TRUE">AS_STR_</attrlabl><attalias Sync="TRUE">AS_STR_</attalias><attrtype Sync="TRUE">Integer</attrtype><attwidth Sync="TRUE">10</attwidth><atprecis Sync="TRUE">10</atprecis><attscale Sync="TRUE">0</attscale></attr><attr><attrlabl Sync="TRUE">AS_STR_ID</attrlabl><attalias Sync="TRUE">AS_STR_ID</attalias><attrtype Sync="TRUE">Integer</attrtype><attwidth Sync="TRUE">10</attwidth><atprecis Sync="TRUE">10</atprecis><attscale Sync="TRUE">0</attscale></attr><attr><attrlabl Sync="TRUE">FLOWACC</attrlabl><attalias Sync="TRUE">FLOWACC</attalias><attrtype Sync="TRUE">Integer</attrtype><attwidth Sync="TRUE">10</attwidth><atprecis Sync="TRUE">10</atprecis><attscale Sync="TRUE">0</attscale></attr><attr><attrlabl Sync="TRUE">GRID_CODE2</attrlabl><attalias Sync="TRUE">GRID_CODE2</attalias><attrtype Sync="TRUE">Integer</attrtype><attwidth Sync="TRUE">10</attwidth><atprecis Sync="TRUE">10</atprecis><attscale Sync="TRUE">0</attscale></attr><attr><attrlabl Sync="TRUE">LEVEL1</attrlabl><attalias Sync="TRUE">LEVEL1</attalias><attrtype Sync="TRUE">Integer</attrtype><attwidth Sync="TRUE">10</attwidth><atprecis Sync="TRUE">10</atprecis><attscale Sync="TRUE">0</attscale></attr><attr><attrlabl Sync="TRUE">LEVEL2</attrlabl><attalias Sync="TRUE">LEVEL2</attalias><attrtype Sync="TRUE">Integer</attrtype><attwidth Sync="TRUE">10</attwidth><atprecis Sync="TRUE">10</atprecis><attscale Sync="TRUE">0</attscale></attr><attr><attrlabl Sync="TRUE">CONNECT_AR</attrlabl><attalias Sync="TRUE">CONNECT_AR</attalias><attrtype Sync="TRUE">Integer</attrtype><attwidth Sync="TRUE">10</attwidth><atprecis Sync="TRUE">10</atprecis><attscale Sync="TRUE">0</attscale></attr><attr><attrlabl Sync="TRUE">X_COORD</attrlabl><attalias Sync="TRUE">X_COORD</attalias><attrtype Sync="TRUE">Single</attrtype><attwidth Sync="TRUE">13</attwidth><atprecis Sync="TRUE">0</atprecis><attscale Sync="TRUE">0</attscale></attr><attr><attrlabl Sync="TRUE">Y_COORD</attrlabl><attalias Sync="TRUE">Y_COORD</attalias><attrtype Sync="TRUE">Single</attrtype><attwidth Sync="TRUE">13</attwidth><atprecis Sync="TRUE">0</atprecis><attscale Sync="TRUE">0</attscale></attr><attr><attrlabl Sync="TRUE">LEVEL3</attrlabl><attalias Sync="TRUE">LEVEL3</attalias><attrtype Sync="TRUE">Integer</attrtype><attwidth Sync="TRUE">10</attwidth><atprecis Sync="TRUE">10</atprecis><attscale Sync="TRUE">0</attscale></attr><attr><attrlabl Sync="TRUE">LEVEL4</attrlabl><attalias Sync="TRUE">LEVEL4</attalias><attrtype Sync="TRUE">Integer</attrtype><attwidth Sync="TRUE">10</attwidth><atprecis Sync="TRUE">10</atprecis><attscale Sync="TRUE">0</attscale></attr><attr><attrlabl Sync="TRUE">LEVEL5</attrlabl><attalias Sync="TRUE">LEVEL5</attalias><attrtype Sync="TRUE">Integer</attrtype><attwidth Sync="TRUE">10</attwidth><atprecis Sync="TRUE">10</atprecis><attscale Sync="TRUE">0</attscale></attr><attr><attrlabl Sync="TRUE">LEVEL6</attrlabl><attalias Sync="TRUE">LEVEL6</attalias><attrtype Sync="TRUE">Integer</attrtype><attwidth Sync="TRUE">10</attwidth><atprecis Sync="TRUE">10</atprecis><attscale Sync="TRUE">0</attscale></attr><attr><attrlabl Sync="TRUE">LEVEL7</attrlabl><attalias Sync="TRUE">LEVEL7</attalias><attrtype Sync="TRUE">Integer</attrtype><attwidth Sync="TRUE">10</attwidth><atprecis Sync="TRUE">10</atprecis><attscale Sync="TRUE">0</attscale></attr><attr><attrlabl Sync="TRUE">LEVEL7_SD</attrlabl><attalias Sync="TRUE">LEVEL7_SD</attalias><attrtype Sync="TRUE">Integer</attrtype><attwidth Sync="TRUE">10</attwidth><atprecis Sync="TRUE">10</atprecis><attscale Sync="TRUE">0</attscale></attr><attr><attrlabl Sync="TRUE">ORDER7</attrlabl><attalias Sync="TRUE">ORDER7</attalias><attrtype Sync="TRUE">Integer</attrtype><attwidth Sync="TRUE">10</attwidth><atprecis Sync="TRUE">10</atprecis><attscale Sync="TRUE">0</attscale></attr><attr><attrlabl Sync="TRUE">PF_TYPE</attrlabl><attalias Sync="TRUE">PF_TYPE</attalias><attrtype Sync="TRUE">Integer</attrtype><attwidth Sync="TRUE">10</attwidth><atprecis Sync="TRUE">10</atprecis><attscale Sync="TRUE">0</attscale></attr><attr><attrlabl Sync="TRUE">FRMELEVATI</attrlabl><attalias Sync="TRUE">FRMELEVATI</attalias><attrtype Sync="TRUE">Integer</attrtype><attwidth Sync="TRUE">10</attwidth><atprecis Sync="TRUE">10</atprecis><attscale Sync="TRUE">0</attscale></attr><attr><attrlabl Sync="TRUE">GRADIENT</attrlabl><attalias Sync="TRUE">GRADIENT</attalias><attrtype Sync="TRUE">Double</attrtype><attwidth Sync="TRUE">19</attwidth><atprecis Sync="TRUE">0</atprecis><attscale Sync="TRUE">0</attscale></attr><attr><attrlabl Sync="TRUE">STRORDER</attrlabl><attalias Sync="TRUE">STRORDER</attalias><attrtype Sync="TRUE">Integer</attrtype><attwidth Sync="TRUE">10</attwidth><atprecis Sync="TRUE">10</atprecis><attscale Sync="TRUE">0</attscale></attr><attr><attrlabl Sync="TRUE">FRMUP_FLOW</attrlabl><attalias Sync="TRUE">FRMUP_FLOW</attalias><attrtype Sync="TRUE">Integer</attrtype><attwidth Sync="TRUE">10</attwidth><atprecis Sync="TRUE">10</atprecis><attscale Sync="TRUE">0</attscale></attr><attr><attrlabl Sync="TRUE">TOUP_FLOWL</attrlabl><attalias Sync="TRUE">TOUP_FLOWL</attalias><attrtype Sync="TRUE">Integer</attrtype><attwidth Sync="TRUE">10</attwidth><atprecis Sync="TRUE">10</atprecis><attscale Sync="TRUE">0</attscale></attr><attr><attrlabl Sync="TRUE">FRMDN_FLOW</attrlabl><attalias Sync="TRUE">FRMDN_FLOW</attalias><attrtype Sync="TRUE">Integer</attrtype><attwidth Sync="TRUE">10</attwidth><atprecis Sync="TRUE">10</atprecis><attscale Sync="TRUE">0</attscale></attr><attr><attrlabl Sync="TRUE">TODN_FLOWL</attrlabl><attalias Sync="TRUE">TODN_FLOWL</attalias><attrtype Sync="TRUE">Integer</attrtype><attwidth Sync="TRUE">10</attwidth><atprecis Sync="TRUE">10</atprecis><attscale Sync="TRUE">0</attscale></attr><attr><attrlabl Sync="TRUE">Shape_Leng</attrlabl><attalias Sync="TRUE">Shape_Leng</attalias><attrtype Sync="TRUE">Double</attrtype><attwidth Sync="TRUE">19</attwidth><atprecis Sync="TRUE">0</atprecis><attscale Sync="TRUE">0</attscale></attr><attr><attrlabl Sync="TRUE">EU_STR_</attrlabl><attalias Sync="TRUE">EU_STR_</attalias><attrtype Sync="TRUE">Integer</attrtype><attwidth Sync="TRUE">10</attwidth><atprecis Sync="TRUE">10</atprecis><attscale Sync="TRUE">0</attscale></attr><attr><attrlabl Sync="TRUE">EU_STR_ID</attrlabl><attalias Sync="TRUE">EU_STR_ID</attalias><attrtype Sync="TRUE">Integer</attrtype><attwidth Sync="TRUE">10</attwidth><atprecis Sync="TRUE">10</atprecis><attscale Sync="TRUE">0</attscale></attr><attr><attrlabl Sync="TRUE">TOELEVATIO</attrlabl><attalias Sync="TRUE">TOELEVATIO</attalias><attrtype Sync="TRUE">Integer</attrtype><attwidth Sync="TRUE">10</attwidth><atprecis Sync="TRUE">10</atprecis><attscale Sync="TRUE">0</attscale></attr></detailed></eainfo><mdDateSt Sync="TRUE">20180215</mdDateSt></metadata>
