"","day","month","year","flow","hyear","baseflow","date"
"1",17,6,1992,0.000636667,1992,NA,1992-06-17
"2",18,6,1992,0.000415,1992,NA,1992-06-18
"3",19,6,1992,0.00037,1992,NA,1992-06-19
"4",20,6,1992,0.000243333,1992,NA,1992-06-20
"5",21,6,1992,0.00033,1992,NA,1992-06-21
"6",22,6,1992,0.00037,1992,NA,1992-06-22
"7",23,6,1992,0.00037,1992,NA,1992-06-23
"8",24,6,1992,0.00037,1992,NA,1992-06-24
"9",25,6,1992,0.0008425,1992,NA,1992-06-25
"10",26,6,1992,0.00264,1992,NA,1992-06-26
"11",27,6,1992,0.001676667,1992,NA,1992-06-27
"12",28,6,1992,0.000756667,1992,NA,1992-06-28
"13",29,6,1992,0.000415,1992,NA,1992-06-29
"14",30,6,1992,0.0003925,1992,0.0003925,1992-06-30
"15",1,7,1992,0.010105714,1992,0.000377857142857143,1992-07-01
"16",2,7,1992,0.00286,1992,0.000363214285714286,1992-07-02
"17",3,7,1992,0.0013425,1992,0.000348571428571429,1992-07-03
"18",4,7,1992,0.00057,1992,0.000333928571428571,1992-07-04
"19",5,7,1992,0.000415,1992,0.000319285714285714,1992-07-05
"20",6,7,1992,0.0003525,1992,NA,1992-07-06
"21",7,7,1992,0.00029,1992,0.00029,1992-07-07
"22",8,7,1992,0.00029,1992,0.00029,1992-07-08
"23",9,7,1992,0.00029,1992,0.00029,1992-07-09
"24",10,7,1992,0.00029,1992,0.00029,1992-07-10
"25",11,7,1992,0.00029,1992,0.00029,1992-07-11
"26",12,7,1992,0.00029,1992,0.00029,1992-07-12
"27",13,7,1992,0.00029,1992,0.00029,1992-07-13
"28",14,7,1992,0.00029,1992,0.00029,1992-07-14
"29",15,7,1992,0.00029,1992,0.00029,1992-07-15
"30",16,7,1992,0.00029,1992,0.00029,1992-07-16
"31",17,7,1992,0.00029,1992,0.00029,1992-07-17
"32",18,7,1992,0.00029,1992,0.00029,1992-07-18
"33",19,7,1992,0.00029,1992,0.00029,1992-07-19
"34",20,7,1992,0.00029,1992,0.00029,1992-07-20
"35",21,7,1992,0.00029,1992,0.00029,1992-07-21
"36",22,7,1992,0.00029,1992,0.00029,1992-07-22
"37",23,7,1992,0.00029,1992,0.0002875,1992-07-23
"38",24,7,1992,0.00029,1992,0.000285,1992-07-24
"39",25,7,1992,0.00029,1992,0.0002825,1992-07-25
"40",26,7,1992,0.00029,1992,0.00028,1992-07-26
"41",27,7,1992,0.00029,1992,0.0002775,1992-07-27
"42",28,7,1992,0.00029,1992,0.000275,1992-07-28
"43",29,7,1992,0.00029,1992,0.0002725,1992-07-29
"44",30,7,1992,0.00029,1992,0.00027,1992-07-30
"45",31,7,1992,0.00029,1992,0.0002675,1992-07-31
"46",1,8,1992,0.00029,1992,0.000265,1992-08-01
"47",2,8,1992,0.00029,1992,0.0002625,1992-08-02
"48",3,8,1992,0.00029,1992,0.00026,1992-08-03
"49",4,8,1992,0.00029,1992,0.0002575,1992-08-04
"50",5,8,1992,0.000255,1992,0.000255,1992-08-05
"51",6,8,1992,0.000255,1992,0.000255,1992-08-06
"52",7,8,1992,0.00029,1992,0.0002755,1992-08-07
"53",8,8,1992,0.000375,1992,0.000296,1992-08-08
"54",9,8,1992,0.000905,1992,0.0003165,1992-08-09
"55",10,8,1992,0.000903333,1992,0.000337,1992-08-10
"56",11,8,1992,0.00046,1992,0.0003575,1992-08-11
"57",12,8,1992,0.00046,1992,0.000378,1992-08-12
"58",13,8,1992,0.00046,1992,0.0003985,1992-08-13
"59",14,8,1992,0.00046,1992,0.000419,1992-08-14
"60",15,8,1992,0.00046,1992,0.0004395,1992-08-15
"61",16,8,1992,0.00046,1992,0.00046,1992-08-16
"62",17,8,1992,0.000533333,1992,0.0004599121522694,1992-08-17
"63",18,8,1992,0.00057,1992,0.000459824304538799,1992-08-18
"64",19,8,1992,0.0006475,1992,0.000459736456808199,1992-08-19
"65",20,8,1992,0.000943333,1992,0.000459648609077599,1992-08-20
"66",21,8,1992,0.000746667,1992,0.000459560761346999,1992-08-21
"67",22,8,1992,0.00067,1992,0.000459472913616398,1992-08-22
"68",23,8,1992,0.00067,1992,0.000459385065885798,1992-08-23
"69",24,8,1992,0.000636667,1992,0.000459297218155198,1992-08-24
"70",25,8,1992,0.005033333,1992,0.000459209370424597,1992-08-25
"71",26,8,1992,0.00921,1992,0.000459121522693997,1992-08-26
"72",27,8,1992,0.00278,1992,0.000459033674963397,1992-08-27
"73",28,8,1992,0.0011,1992,0.000458945827232797,1992-08-28
"74",29,8,1992,0.00117,1992,0.000458857979502196,1992-08-29
"75",30,8,1992,0.0011693795620438,1992,NA,1992-08-30
"76",31,8,1992,0.00116875912408759,1992,NA,1992-08-31
"319",1,5,1993,0.00101799270072993,1993,NA,1993-05-01
"320",2,5,1993,0.00101737226277372,1993,NA,1993-05-02
"321",3,5,1993,0.00101675182481752,1993,NA,1993-05-03
"322",4,5,1993,0.00101613138686131,1993,NA,1993-05-04
"323",5,5,1993,0.00101551094890511,1993,NA,1993-05-05
"324",6,5,1993,0.00101489051094891,1993,NA,1993-05-06
"325",7,5,1993,0.0010142700729927,1993,NA,1993-05-07
"326",8,5,1993,0.0010136496350365,1993,NA,1993-05-08
"327",9,5,1993,0.00101302919708029,1993,NA,1993-05-09
"328",10,5,1993,0.00101240875912409,1993,NA,1993-05-10
"329",11,5,1993,0.00101178832116788,1993,NA,1993-05-11
"330",12,5,1993,0.00101116788321168,1993,NA,1993-05-12
"331",13,5,1993,0.00101054744525547,1993,NA,1993-05-13
"332",14,5,1993,0.00100992700729927,1993,NA,1993-05-14
"333",15,5,1993,0.00100930656934307,1993,NA,1993-05-15
"334",16,5,1993,0.00100868613138686,1993,NA,1993-05-16
"335",17,5,1993,0.00100806569343066,1993,NA,1993-05-17
"336",18,5,1993,0.00100744525547445,1993,NA,1993-05-18
"337",19,5,1993,0.00100682481751825,1993,NA,1993-05-19
"338",20,5,1993,0.00100620437956204,1993,NA,1993-05-20
"339",21,5,1993,0.00100558394160584,1993,NA,1993-05-21
"340",22,5,1993,0.00100496350364964,1993,NA,1993-05-22
"341",23,5,1993,0.00100434306569343,1993,NA,1993-05-23
"342",24,5,1993,0.00100372262773723,1993,NA,1993-05-24
"343",25,5,1993,0.00100310218978102,1993,NA,1993-05-25
"344",26,5,1993,0.00100248175182482,1993,NA,1993-05-26
"345",27,5,1993,0.00100186131386861,1993,NA,1993-05-27
"346",28,5,1993,0.00100124087591241,1993,NA,1993-05-28
"347",29,5,1993,0.0010006204379562,1993,NA,1993-05-29
"348",30,5,1993,0.001,1993,0.000434787701317716,1993-05-30
"349",31,5,1993,0.00155,1993,NA,1993-05-31
"350",1,6,1993,0.0021,1993,NA,1993-06-01
"351",2,6,1993,0.00265,1993,NA,1993-06-02
"352",3,6,1993,0.0032,1993,NA,1993-06-03
"353",4,6,1993,0.00375,1993,NA,1993-06-04
"354",5,6,1993,0.0043,1993,NA,1993-06-05
"355",6,6,1993,0.00485,1993,NA,1993-06-06
"356",7,6,1993,0.0054,1993,NA,1993-06-07
"357",8,6,1993,0.00595,1993,NA,1993-06-08
"358",9,6,1993,0.0065,1993,0.000433909224011713,1993-06-09
"359",10,6,1993,0.00604285714285714,1993,NA,1993-06-10
"360",11,6,1993,0.00558571428571429,1993,NA,1993-06-11
"361",12,6,1993,0.00512857142857143,1993,NA,1993-06-12
"362",13,6,1993,0.00467142857142857,1993,NA,1993-06-13
"363",14,6,1993,0.00421428571428571,1993,NA,1993-06-14
"364",15,6,1993,0.00375714285714286,1993,NA,1993-06-15
"365",16,6,1993,0.0033,1993,NA,1993-06-16
"366",17,6,1993,0.00284285714285714,1993,NA,1993-06-17
"367",18,6,1993,0.00238571428571429,1993,NA,1993-06-18
"368",19,6,1993,0.00192857142857143,1993,NA,1993-06-19
"369",20,6,1993,0.00147142857142857,1993,NA,1993-06-20
"370",21,6,1993,0.00101428571428571,1993,NA,1993-06-21
"371",22,6,1993,0.000557142857142857,1993,NA,1993-06-22
"372",23,6,1993,1e-04,1993,1e-04,1993-06-23
"373",24,6,1993,8.71428571428572e-05,1993,NA,1993-06-24
"374",25,6,1993,7.42857142857143e-05,1993,NA,1993-06-25
"375",26,6,1993,6.14285714285714e-05,1993,NA,1993-06-26
"376",27,6,1993,4.85714285714286e-05,1993,NA,1993-06-27
"377",28,6,1993,3.57142857142857e-05,1993,NA,1993-06-28
"378",29,6,1993,2.28571428571429e-05,1993,NA,1993-06-29
"379",30,6,1993,1e-05,1993,1e-05,1993-06-30
"380",1,7,1993,0.000688571428571429,1993,NA,1993-07-01
"381",2,7,1993,0.00136714285714286,1993,NA,1993-07-02
"382",3,7,1993,0.00204571428571429,1993,NA,1993-07-03
"383",4,7,1993,0.00272428571428571,1993,NA,1993-07-04
"384",5,7,1993,0.00340285714285714,1993,NA,1993-07-05
"385",6,7,1993,0.00408142857142857,1993,NA,1993-07-06
"386",7,7,1993,0.00476,1993,0.000431449487554905,1993-07-07
"387",8,7,1993,0.00409,1993,NA,1993-07-08
"388",9,7,1993,0.00342,1993,NA,1993-07-09
"389",10,7,1993,0.00275,1993,NA,1993-07-10
"390",11,7,1993,0.00208,1993,NA,1993-07-11
"391",12,7,1993,0.00141,1993,NA,1993-07-12
"392",13,7,1993,0.00074,1993,NA,1993-07-13
"393",14,7,1993,7e-05,1993,7e-05,1993-07-14
"394",15,7,1993,6.28571428571428e-05,1993,NA,1993-07-15
"395",16,7,1993,5.57142857142857e-05,1993,NA,1993-07-16
"396",17,7,1993,4.85714285714286e-05,1993,NA,1993-07-17
"397",18,7,1993,4.14285714285714e-05,1993,NA,1993-07-18
"398",19,7,1993,3.42857142857143e-05,1993,NA,1993-07-19
"399",20,7,1993,2.71428571428571e-05,1993,NA,1993-07-20
"400",21,7,1993,2e-05,1993,2e-05,1993-07-21
"401",22,7,1993,2e-05,1993,NA,1993-07-22
"402",23,7,1993,2e-05,1993,NA,1993-07-23
"403",24,7,1993,2e-05,1993,NA,1993-07-24
"404",25,7,1993,2e-05,1993,NA,1993-07-25
"405",26,7,1993,2e-05,1993,NA,1993-07-26
"406",27,7,1993,2e-05,1993,NA,1993-07-27
"407",28,7,1993,2e-05,1993,2e-05,1993-07-28
"408",29,7,1993,5.85714285714286e-05,1993,NA,1993-07-29
"409",30,7,1993,9.71428571428571e-05,1993,NA,1993-07-30
"410",31,7,1993,0.000135714285714286,1993,NA,1993-07-31
"411",1,8,1993,0.000174285714285714,1993,NA,1993-08-01
"412",2,8,1993,0.000212857142857143,1993,NA,1993-08-02
"413",3,8,1993,0.000251428571428571,1993,NA,1993-08-03
"414",4,8,1993,0.00029,1993,0.00029,1993-08-04
"415",5,8,1993,0.000258571428571429,1993,NA,1993-08-05
"416",6,8,1993,0.000227142857142857,1993,NA,1993-08-06
"417",7,8,1993,0.000195714285714286,1993,NA,1993-08-07
"418",8,8,1993,0.000164285714285714,1993,NA,1993-08-08
"419",9,8,1993,0.000132857142857143,1993,NA,1993-08-09
"420",10,8,1993,0.000101428571428571,1993,NA,1993-08-10
"421",11,8,1993,7e-05,1993,7e-05,1993-08-11
"422",12,8,1993,0.000141666666666667,1993,NA,1993-08-12
"423",13,8,1993,0.000213333333333333,1993,NA,1993-08-13
"424",14,8,1993,0.000285,1993,NA,1993-08-14
"425",15,8,1993,0.000356666666666667,1993,NA,1993-08-15
"426",16,8,1993,0.000428333333333333,1993,NA,1993-08-16
"427",17,8,1993,5e-04,1993,0.000427847730600293,1993-08-17
"428",18,8,1993,0.000499967637540453,1993,NA,1993-08-18
"429",19,8,1993,0.000499935275080906,1993,NA,1993-08-19
"430",20,8,1993,0.000499902912621359,1993,NA,1993-08-20
"431",21,8,1993,0.000499870550161812,1993,NA,1993-08-21
"432",22,8,1993,0.000499838187702265,1993,NA,1993-08-22
"433",23,8,1993,0.000499805825242718,1993,NA,1993-08-23
"434",24,8,1993,0.000499773462783171,1993,NA,1993-08-24
"435",25,8,1993,0.000499741100323625,1993,NA,1993-08-25
"436",26,8,1993,0.000499708737864078,1993,NA,1993-08-26
"437",27,8,1993,0.000499676375404531,1993,NA,1993-08-27
"438",28,8,1993,0.000499644012944984,1993,NA,1993-08-28
"439",29,8,1993,0.000499611650485437,1993,NA,1993-08-29
"440",30,8,1993,0.00049957928802589,1993,NA,1993-08-30
"441",31,8,1993,0.000499546925566343,1993,NA,1993-08-31
"684",1,5,1994,0.00049168284789644,1994,NA,1994-05-01
"685",2,5,1994,0.000491650485436893,1994,NA,1994-05-02
"686",3,5,1994,0.000491618122977346,1994,NA,1994-05-03
"687",4,5,1994,0.000491585760517799,1994,NA,1994-05-04
"688",5,5,1994,0.000491553398058252,1994,NA,1994-05-05
"689",6,5,1994,0.000491521035598705,1994,NA,1994-05-06
"690",7,5,1994,0.000491488673139159,1994,NA,1994-05-07
"691",8,5,1994,0.000491456310679612,1994,NA,1994-05-08
"692",9,5,1994,0.000491423948220065,1994,NA,1994-05-09
"693",10,5,1994,0.000491391585760518,1994,NA,1994-05-10
"694",11,5,1994,0.000491359223300971,1994,NA,1994-05-11
"695",12,5,1994,0.000491326860841424,1994,NA,1994-05-12
"696",13,5,1994,0.000491294498381877,1994,NA,1994-05-13
"697",14,5,1994,0.00049126213592233,1994,NA,1994-05-14
"698",15,5,1994,0.000491229773462783,1994,NA,1994-05-15
"699",16,5,1994,0.000491197411003236,1994,NA,1994-05-16
"700",17,5,1994,0.000491165048543689,1994,NA,1994-05-17
"701",18,5,1994,0.000491132686084142,1994,NA,1994-05-18
"702",19,5,1994,0.000491100323624596,1994,NA,1994-05-19
"703",20,5,1994,0.000491067961165049,1994,NA,1994-05-20
"704",21,5,1994,0.000491035598705502,1994,NA,1994-05-21
"705",22,5,1994,0.000491003236245955,1994,NA,1994-05-22
"706",23,5,1994,0.000490970873786408,1994,NA,1994-05-23
"707",24,5,1994,0.000490938511326861,1994,NA,1994-05-24
"708",25,5,1994,0.000490906148867314,1994,NA,1994-05-25
"709",26,5,1994,0.000490873786407767,1994,NA,1994-05-26
"710",27,5,1994,0.00049084142394822,1994,NA,1994-05-27
"711",28,5,1994,0.000490809061488673,1994,NA,1994-05-28
"712",29,5,1994,0.000490776699029126,1994,NA,1994-05-29
"713",30,5,1994,0.000490744336569579,1994,NA,1994-05-30
"714",31,5,1994,0.000490711974110032,1994,NA,1994-05-31
"715",1,6,1994,0.000490679611650485,1994,NA,1994-06-01
"716",2,6,1994,0.000490647249190938,1994,NA,1994-06-02
"717",3,6,1994,0.000490614886731392,1994,NA,1994-06-03
"718",4,6,1994,0.000490582524271845,1994,NA,1994-06-04
"719",5,6,1994,0.000490550161812298,1994,NA,1994-06-05
"720",6,6,1994,0.000490517799352751,1994,NA,1994-06-06
"721",7,6,1994,0.000490485436893204,1994,NA,1994-06-07
"722",8,6,1994,0.000490453074433657,1994,NA,1994-06-08
"723",9,6,1994,0.00049042071197411,1994,NA,1994-06-09
"724",10,6,1994,0.000490388349514563,1994,NA,1994-06-10
"725",11,6,1994,0.000490355987055016,1994,NA,1994-06-11
"726",12,6,1994,0.000490323624595469,1994,NA,1994-06-12
"727",13,6,1994,0.000490291262135922,1994,NA,1994-06-13
"728",14,6,1994,0.000490258899676375,1994,NA,1994-06-14
"729",15,6,1994,0.000490226537216828,1994,NA,1994-06-15
"730",16,6,1994,0.000490194174757282,1994,NA,1994-06-16
"731",17,6,1994,0.000490161812297735,1994,NA,1994-06-17
"732",18,6,1994,0.000490129449838188,1994,NA,1994-06-18
"733",19,6,1994,0.000490097087378641,1994,NA,1994-06-19
"734",20,6,1994,0.000490064724919094,1994,NA,1994-06-20
"735",21,6,1994,0.000490032362459547,1994,NA,1994-06-21
"736",22,6,1994,0.00049,1994,0.000400702781844802,1994-06-22
"737",23,6,1994,0.000475,1994,0.000400614934114202,1994-06-23
"738",24,6,1994,0.000465,1994,0.000400527086383602,1994-06-24
"739",25,6,1994,0.000465,1994,0.000400439238653001,1994-06-25
"740",26,6,1994,0.000598333,1994,0.000400351390922401,1994-06-26
"741",27,6,1994,0.000574286,1994,0.000400263543191801,1994-06-27
"742",28,6,1994,0.000615,1994,0.000400175695461201,1994-06-28
"743",29,6,1994,0.000403333,1994,0.0004000878477306,1994-06-29
"744",30,6,1994,4e-04,1994,4e-04,1994-06-30
"745",1,7,1994,4e-04,1994,4e-04,1994-07-01
"746",2,7,1994,4e-04,1994,4e-04,1994-07-02
"747",3,7,1994,0.00041,1994,0.000400555555555556,1994-07-03
"748",4,7,1994,0.000435,1994,0.000401111111111111,1994-07-04
"749",5,7,1994,0.00043,1994,0.000401666666666667,1994-07-05
"750",6,7,1994,0.00182,1994,0.000402222222222222,1994-07-06
"751",7,7,1994,0.001295,1994,0.000402777777777778,1994-07-07
"752",8,7,1994,0.00044,1994,0.000403333333333333,1994-07-08
"753",9,7,1994,0.00043,1994,0.000403888888888889,1994-07-09
"754",10,7,1994,0.000415,1994,0.000404444444444444,1994-07-10
"755",11,7,1994,0.000405,1994,0.000405,1994-07-11
"756",12,7,1994,0.000395,1994,0.000395,1994-07-12
"757",13,7,1994,0.000406667,1994,0.000403,1994-07-13
"758",14,7,1994,0.00320125,1994,0.000411,1994-07-14
"759",15,7,1994,0.000664,1994,0.000419,1994-07-15
"760",16,7,1994,0.00043,1994,0.000427,1994-07-16
"761",17,7,1994,0.000435,1994,0.000435,1994-07-17
"762",18,7,1994,0.00044,1994,0.000435714285714286,1994-07-18
"763",19,7,1994,0.000455,1994,0.000436428571428571,1994-07-19
"764",20,7,1994,0.000468333,1994,0.000437142857142857,1994-07-20
"765",21,7,1994,0.002511818,1994,0.000437857142857143,1994-07-21
"766",22,7,1994,0.0007075,1994,0.000438571428571429,1994-07-22
"767",23,7,1994,0.00045,1994,0.000439285714285714,1994-07-23
"768",24,7,1994,0.00044,1994,0.00044,1994-07-24
"769",25,7,1994,0.00048,1994,0.00044,1994-07-25
"770",26,7,1994,0.00064,1994,0.00044,1994-07-26
"771",27,7,1994,0.000741667,1994,0.00044,1994-07-27
"772",28,7,1994,0.000698571714285714,1994,NA,1994-07-28
"773",29,7,1994,0.000655476428571429,1994,NA,1994-07-29
"774",30,7,1994,0.000612381142857143,1994,NA,1994-07-30
"775",31,7,1994,0.000569285857142857,1994,NA,1994-07-31
"776",1,8,1994,0.000526190571428571,1994,NA,1994-08-01
"777",2,8,1994,0.000483095285714286,1994,NA,1994-08-02
"778",3,8,1994,0.00044,1994,0.00044,1994-08-03
"779",4,8,1994,0.000448333333333333,1994,NA,1994-08-04
"780",5,8,1994,0.000456666666666667,1994,NA,1994-08-05
"781",6,8,1994,0.000465,1994,NA,1994-08-06
"782",7,8,1994,0.000473333333333333,1994,NA,1994-08-07
"783",8,8,1994,0.000481666666666667,1994,NA,1994-08-08
"784",9,8,1994,0.00049,1994,0.000433850931677019,1994-08-09
"785",10,8,1994,0.000513333333333333,1994,NA,1994-08-10
"786",11,8,1994,0.000536666666666667,1994,NA,1994-08-11
"787",12,8,1994,0.00056,1994,NA,1994-08-12
"788",13,8,1994,0.000583333333333333,1994,NA,1994-08-13
"789",14,8,1994,0.000606666666666667,1994,NA,1994-08-14
"790",15,8,1994,0.00063,1994,0.000427701863354037,1994-08-15
"791",16,8,1994,0.000975,1994,0.00042667701863354,1994-08-16
"792",17,8,1994,0.001103333,1994,0.000425652173913043,1994-08-17
"793",18,8,1994,0.00119,1994,0.000424627329192547,1994-08-18
"794",19,8,1994,0.0011,1994,0.00042360248447205,1994-08-19
"795",20,8,1994,0.00093,1994,NA,1994-08-20
"796",21,8,1994,0.00076,1994,NA,1994-08-21
"797",22,8,1994,0.00059,1994,NA,1994-08-22
"798",23,8,1994,0.00042,1994,NA,1994-08-23
"799",24,8,1994,0.00025,1994,0.00025,1994-08-24
"800",25,8,1994,0.000249515570934256,1994,NA,1994-08-25
"801",26,8,1994,0.000249031141868512,1994,NA,1994-08-26
"802",27,8,1994,0.000248546712802768,1994,NA,1994-08-27
"803",28,8,1994,0.000248062283737024,1994,NA,1994-08-28
"804",29,8,1994,0.00024757785467128,1994,NA,1994-08-29
"805",30,8,1994,0.000247093425605536,1994,NA,1994-08-30
"806",31,8,1994,0.000246608996539792,1994,NA,1994-08-31
"1049",1,5,1995,0.000128892733564014,1995,NA,1995-05-01
"1050",2,5,1995,0.00012840830449827,1995,NA,1995-05-02
"1051",3,5,1995,0.000127923875432526,1995,NA,1995-05-03
"1052",4,5,1995,0.000127439446366782,1995,NA,1995-05-04
"1053",5,5,1995,0.000126955017301038,1995,NA,1995-05-05
"1054",6,5,1995,0.000126470588235294,1995,NA,1995-05-06
"1055",7,5,1995,0.00012598615916955,1995,NA,1995-05-07
"1056",8,5,1995,0.000125501730103806,1995,NA,1995-05-08
"1057",9,5,1995,0.000125017301038062,1995,NA,1995-05-09
"1058",10,5,1995,0.000124532871972318,1995,NA,1995-05-10
"1059",11,5,1995,0.000124048442906574,1995,NA,1995-05-11
"1060",12,5,1995,0.00012356401384083,1995,NA,1995-05-12
"1061",13,5,1995,0.000123079584775087,1995,NA,1995-05-13
"1062",14,5,1995,0.000122595155709343,1995,NA,1995-05-14
"1063",15,5,1995,0.000122110726643599,1995,NA,1995-05-15
"1064",16,5,1995,0.000121626297577855,1995,NA,1995-05-16
"1065",17,5,1995,0.000121141868512111,1995,NA,1995-05-17
"1066",18,5,1995,0.000120657439446367,1995,NA,1995-05-18
"1067",19,5,1995,0.000120173010380623,1995,NA,1995-05-19
"1068",20,5,1995,0.000119688581314879,1995,NA,1995-05-20
"1069",21,5,1995,0.000119204152249135,1995,NA,1995-05-21
"1070",22,5,1995,0.000118719723183391,1995,NA,1995-05-22
"1071",23,5,1995,0.000118235294117647,1995,NA,1995-05-23
"1072",24,5,1995,0.000117750865051903,1995,NA,1995-05-24
"1073",25,5,1995,0.000117266435986159,1995,NA,1995-05-25
"1074",26,5,1995,0.000116782006920415,1995,NA,1995-05-26
"1075",27,5,1995,0.000116297577854671,1995,NA,1995-05-27
"1076",28,5,1995,0.000115813148788927,1995,NA,1995-05-28
"1077",29,5,1995,0.000115328719723183,1995,NA,1995-05-29
"1078",30,5,1995,0.000114844290657439,1995,NA,1995-05-30
"1079",31,5,1995,0.000114359861591696,1995,NA,1995-05-31
"1080",1,6,1995,0.000113875432525952,1995,NA,1995-06-01
"1081",2,6,1995,0.000113391003460208,1995,NA,1995-06-02
"1082",3,6,1995,0.000112906574394464,1995,NA,1995-06-03
"1083",4,6,1995,0.00011242214532872,1995,NA,1995-06-04
"1084",5,6,1995,0.000111937716262976,1995,NA,1995-06-05
"1085",6,6,1995,0.000111453287197232,1995,NA,1995-06-06
"1086",7,6,1995,0.000110968858131488,1995,NA,1995-06-07
"1087",8,6,1995,0.000110484429065744,1995,NA,1995-06-08
"1088",9,6,1995,0.00011,1995,0.00011,1995-06-09
"1089",10,6,1995,0.00017,1995,0.000121273291925466,1995-06-10
"1090",11,6,1995,0.00193,1995,0.000120248447204969,1995-06-11
"1091",12,6,1995,0.00375,1995,0.000119223602484472,1995-06-12
"1092",13,6,1995,0.00135,1995,0.000118198757763975,1995-06-13
"1093",14,6,1995,0.00122,1995,0.000117173913043478,1995-06-14
"1094",15,6,1995,0.00076,1995,0.000116149068322981,1995-06-15
"1095",16,6,1995,0.00039,1995,0.000115124223602484,1995-06-16
"1096",17,6,1995,0.00587,1995,0.000114099378881988,1995-06-17
"1097",18,6,1995,0.00225,1995,0.000113074534161491,1995-06-18
"1098",19,6,1995,0.00027,1995,0.000112049689440994,1995-06-19
"1099",20,6,1995,0.00017,1995,0.000111024844720497,1995-06-20
"1100",21,6,1995,0.00011,1995,0.00011,1995-06-21
"1101",22,6,1995,0.00011,1995,0.00011,1995-06-22
"1102",23,6,1995,0.00011,1995,0.00011,1995-06-23
"1103",24,6,1995,0.00039,1995,0.0001292,1995-06-24
"1104",25,6,1995,0.00303,1995,0.0001388,1995-06-25
"1105",26,6,1995,0.00322,1995,0.0001484,1995-06-26
"1106",27,6,1995,0.00193,1995,0.000158,1995-06-27
"1107",28,6,1995,0.00141,1995,0.0001676,1995-06-28
"1108",29,6,1995,0.0011,1995,0.0001772,1995-06-29
"1109",30,6,1995,0.00057,1995,0.0001868,1995-06-30
"1110",1,7,1995,0.00048,1995,0.0001964,1995-07-01
"1111",2,7,1995,0.01041,1995,0.000206,1995-07-02
"1112",3,7,1995,0.00346,1995,0.0002156,1995-07-03
"1113",4,7,1995,0.00225,1995,0.0002252,1995-07-04
"1114",5,7,1995,0.00149,1995,0.0002348,1995-07-05
"1115",6,7,1995,0.00149,1995,0.0002444,1995-07-06
"1116",7,7,1995,7e-04,1995,0.000254,1995-07-07
"1117",8,7,1995,5e-04,1995,0.0002636,1995-07-08
"1118",9,7,1995,0.00059,1995,0.0002732,1995-07-09
"1119",10,7,1995,0.00066,1995,0.0002828,1995-07-10
"1120",11,7,1995,0.00273,1995,0.0002924,1995-07-11
"1121",12,7,1995,0.00193,1995,0.000302,1995-07-12
"1122",13,7,1995,0.00122,1995,0.0003116,1995-07-13
"1123",14,7,1995,0.00081,1995,0.0003212,1995-07-14
"1124",15,7,1995,0.00043,1995,0.0003308,1995-07-15
"1125",16,7,1995,0.00043,1995,0.0003404,1995-07-16
"1126",17,7,1995,0.00035,1995,0.00035,1995-07-17
"1127",18,7,1995,0.00081,1995,0.000340833333333333,1995-07-18
"1128",19,7,1995,0.00135,1995,0.000331666666666667,1995-07-19
"1129",20,7,1995,0.01147,1995,0.0003225,1995-07-20
"1130",21,7,1995,0.01111,1995,0.000313333333333333,1995-07-21
"1131",22,7,1995,0.00441,1995,0.000304166666666667,1995-07-22
"1132",23,7,1995,0.00208,1995,0.000295,1995-07-23
"1133",24,7,1995,0.00157,1995,0.000285833333333333,1995-07-24
"1134",25,7,1995,0.00143,1995,0.000276666666666667,1995-07-25
"1135",26,7,1995,0.00062,1995,0.0002675,1995-07-26
"1136",27,7,1995,0.00048,1995,0.000258333333333333,1995-07-27
"1137",28,7,1995,0.00031,1995,0.000249166666666667,1995-07-28
"1138",29,7,1995,0.00024,1995,0.00024,1995-07-29
"1139",30,7,1995,0.00066,1995,0.000255833333333333,1995-07-30
"1140",31,7,1995,0.00135,1995,0.000271666666666667,1995-07-31
"1141",1,8,1995,0.00177,1995,0.0002875,1995-08-01
"1142",2,8,1995,0.00177,1995,0.000303333333333333,1995-08-02
"1143",3,8,1995,0.00266,1995,0.000319166666666667,1995-08-03
"1144",4,8,1995,0.00208,1995,0.000335,1995-08-04
"1145",5,8,1995,0.0016,1995,0.000350833333333333,1995-08-05
"1146",6,8,1995,0.00149,1995,0.000366666666666667,1995-08-06
"1147",7,8,1995,0.00135,1995,0.0003825,1995-08-07
"1148",8,8,1995,0.00059,1995,0.000398333333333333,1995-08-08
"1149",9,8,1995,0.00046,1995,0.000414166666666667,1995-08-09
"1150",10,8,1995,0.00043,1995,0.00043,1995-08-10
"1151",11,8,1995,0.00044,1995,0.00044,1995-08-11
"1152",12,8,1995,0.00048,1995,0.000450893470790378,1995-08-12
"1153",13,8,1995,0.00048,1995,0.000461340206185567,1995-08-13
"1154",14,8,1995,0.00087,1995,0.000471786941580756,1995-08-14
"1155",15,8,1995,0.000884912280701754,1995,NA,1995-08-15
"1156",16,8,1995,0.000899824561403509,1995,NA,1995-08-16
"1157",17,8,1995,0.000914736842105263,1995,NA,1995-08-17
"1158",18,8,1995,0.000929649122807018,1995,NA,1995-08-18
"1159",19,8,1995,0.000944561403508772,1995,NA,1995-08-19
"1160",20,8,1995,0.000959473684210526,1995,NA,1995-08-20
"1161",21,8,1995,0.000974385964912281,1995,NA,1995-08-21
"1162",22,8,1995,0.000989298245614035,1995,NA,1995-08-22
"1163",23,8,1995,0.00100421052631579,1995,NA,1995-08-23
"1164",24,8,1995,0.00101912280701754,1995,NA,1995-08-24
"1165",25,8,1995,0.0010340350877193,1995,NA,1995-08-25
"1166",26,8,1995,0.00104894736842105,1995,NA,1995-08-26
"1167",27,8,1995,0.00106385964912281,1995,NA,1995-08-27
"1168",28,8,1995,0.00107877192982456,1995,NA,1995-08-28
"1169",29,8,1995,0.00109368421052632,1995,NA,1995-08-29
"1170",30,8,1995,0.00110859649122807,1995,NA,1995-08-30
"1171",31,8,1995,0.00112350877192982,1995,NA,1995-08-31
"1415",1,5,1996,0.00476210526315789,1996,NA,1996-05-01
"1416",2,5,1996,0.00477701754385965,1996,NA,1996-05-02
"1417",3,5,1996,0.0047919298245614,1996,NA,1996-05-03
"1418",4,5,1996,0.00480684210526316,1996,NA,1996-05-04
"1419",5,5,1996,0.00482175438596491,1996,NA,1996-05-05
"1420",6,5,1996,0.00483666666666667,1996,NA,1996-05-06
"1421",7,5,1996,0.00485157894736842,1996,NA,1996-05-07
"1422",8,5,1996,0.00486649122807018,1996,NA,1996-05-08
"1423",9,5,1996,0.00488140350877193,1996,NA,1996-05-09
"1424",10,5,1996,0.00489631578947368,1996,NA,1996-05-10
"1425",11,5,1996,0.00491122807017544,1996,NA,1996-05-11
"1426",12,5,1996,0.00492614035087719,1996,NA,1996-05-12
"1427",13,5,1996,0.00494105263157895,1996,NA,1996-05-13
"1428",14,5,1996,0.0049559649122807,1996,NA,1996-05-14
"1429",15,5,1996,0.00497087719298246,1996,NA,1996-05-15
"1430",16,5,1996,0.00498578947368421,1996,NA,1996-05-16
"1431",17,5,1996,0.00500070175438597,1996,NA,1996-05-17
"1432",18,5,1996,0.00501561403508772,1996,NA,1996-05-18
"1433",19,5,1996,0.00503052631578947,1996,NA,1996-05-19
"1434",20,5,1996,0.00504543859649123,1996,NA,1996-05-20
"1435",21,5,1996,0.00506035087719298,1996,NA,1996-05-21
"1436",22,5,1996,0.00507526315789474,1996,NA,1996-05-22
"1437",23,5,1996,0.00509017543859649,1996,NA,1996-05-23
"1438",24,5,1996,0.00510508771929825,1996,NA,1996-05-24
"1439",25,5,1996,0.00512,1996,0.00344910652920962,1996-05-25
"1440",26,5,1996,0.00347,1996,0.00345955326460481,1996-05-26
"1441",27,5,1996,0.00347,1996,0.00347,1996-05-27
"1442",28,5,1996,0.00801,1996,NA,1996-05-28
"1443",29,5,1996,0.01255,1996,0.00335255501886792,1996-05-29
"1444",30,5,1996,0.00883,1996,0.00329383252830189,1996-05-30
"1445",31,5,1996,0.00801,1996,0.00323511003773585,1996-05-31
"1446",1,6,1996,0.00861666666666667,1996,NA,1996-06-01
"1447",2,6,1996,0.00922333333333333,1996,NA,1996-06-02
"1448",3,6,1996,0.00983,1996,0.00305894256603774,1996-06-03
"1449",4,6,1996,0.006935,1996,NA,1996-06-04
"1450",5,6,1996,0.00404,1996,0.00294149758490566,1996-06-05
"1451",6,6,1996,0.003361429,1996,0.00288277509433962,1996-06-06
"1452",7,6,1996,0.001779024,1996,0.001779024,1996-06-07
"1453",8,6,1996,0.0017724305625,1996,NA,1996-06-08
"1454",9,6,1996,0.001765837125,1996,NA,1996-06-09
"1455",10,6,1996,0.0017592436875,1996,NA,1996-06-10
"1456",11,6,1996,0.00175265025,1996,NA,1996-06-11
"1457",12,6,1996,0.0017460568125,1996,NA,1996-06-12
"1458",13,6,1996,0.001739463375,1996,NA,1996-06-13
"1459",14,6,1996,0.0017328699375,1996,NA,1996-06-14
"1460",15,6,1996,0.0017262765,1996,NA,1996-06-15
"1461",16,6,1996,0.0017196830625,1996,NA,1996-06-16
"1462",17,6,1996,0.001713089625,1996,NA,1996-06-17
"1463",18,6,1996,0.0017064961875,1996,NA,1996-06-18
"1464",19,6,1996,0.00169990275,1996,NA,1996-06-19
"1465",20,6,1996,0.0016933093125,1996,NA,1996-06-20
"1466",21,6,1996,0.001686715875,1996,NA,1996-06-21
"1467",22,6,1996,0.0016801224375,1996,NA,1996-06-22
"1468",23,6,1996,0.001673529,1996,0.001673529,1996-06-23
"1469",24,6,1996,0.001377083,1996,0.001377083,1996-06-24
"1470",25,6,1996,0.000735208,1996,0.000735208,1996-06-25
"1471",26,6,1996,0.00076,1996,0.00076,1996-06-26
"1472",27,6,1996,0.000861042,1996,0.000861042,1996-06-27
"1473",28,6,1996,0.000703429,1996,0.000703429,1996-06-28
"1474",29,6,1996,0.0006783934,1996,NA,1996-06-29
"1475",30,6,1996,0.0006533578,1996,NA,1996-06-30
"1476",1,7,1996,0.0006283222,1996,NA,1996-07-01
"1477",2,7,1996,0.0006032866,1996,NA,1996-07-02
"1478",3,7,1996,0.000578251,1996,NA,1996-07-03
"1479",4,7,1996,0.0005532154,1996,NA,1996-07-04
"1480",5,7,1996,0.0005281798,1996,NA,1996-07-05
"1481",6,7,1996,0.0005031442,1996,NA,1996-07-06
"1482",7,7,1996,0.0004781086,1996,NA,1996-07-07
"1483",8,7,1996,0.000453073,1996,NA,1996-07-08
"1484",9,7,1996,0.0004280374,1996,NA,1996-07-09
"1485",10,7,1996,0.0004030018,1996,NA,1996-07-10
"1486",11,7,1996,0.0003779662,1996,NA,1996-07-11
"1487",12,7,1996,0.0003529306,1996,NA,1996-07-12
"1488",13,7,1996,0.000327895,1996,0.000327895,1996-07-13
"1489",14,7,1996,0.002170625,1996,0.000651320452830189,1996-07-14
"1490",15,7,1996,0.003580625,1996,0.000592597962264151,1996-07-15
"1491",16,7,1996,0.00199625,1996,0.000533875471698113,1996-07-16
"1492",17,7,1996,0.000948958,1996,0.000475152981132075,1996-07-17
"1493",18,7,1996,0.000506458,1996,0.000416430490566038,1996-07-18
"1494",19,7,1996,0.000357708,1996,0.000357708,1996-07-19
"1495",20,7,1996,0.000545417,1996,0.000365249666666667,1996-07-20
"1496",21,7,1996,0.001365,1996,0.000372791333333333,1996-07-21
"1497",22,7,1996,0.005242083,1996,0.000380333,1996-07-22
"1498",23,7,1996,0.003204792,1996,0.000387874666666667,1996-07-23
"1499",24,7,1996,0.000948125,1996,0.000395416333333333,1996-07-24
"1500",25,7,1996,0.000482692,1996,0.000402958,1996-07-25
"1501",26,7,1996,0.000652400666666667,1996,NA,1996-07-26
"1502",27,7,1996,0.000822109333333333,1996,NA,1996-07-27
"1503",28,7,1996,0.000991818,1996,0.000425583,1996-07-28
"1504",29,7,1996,0.002212292,1996,0.000433124666666667,1996-07-29
"1505",30,7,1996,0.003722292,1996,0.000440666333333333,1996-07-30
"1506",31,7,1996,0.00228125,1996,0.000448208,1996-07-31
"1507",1,8,1996,0.001259167,1996,0.000455749666666667,1996-08-01
"1508",2,8,1996,0.000672292,1996,0.000463291333333333,1996-08-02
"1509",3,8,1996,0.000470833,1996,0.000470833,1996-08-03
"1510",4,8,1996,0.000801667,1996,0.000446931545454545,1996-08-04
"1511",5,8,1996,0.000829792,1996,0.000423030090909091,1996-08-05
"1512",6,8,1996,0.00077,1996,0.000399128636363636,1996-08-06
"1513",7,8,1996,0.000667292,1996,0.000375227181818182,1996-08-07
"1514",8,8,1996,0.000452292,1996,0.000351325727272727,1996-08-08
"1515",9,8,1996,0.000444792,1996,0.000327424272727273,1996-08-09
"1516",10,8,1996,0.0006325,1996,0.000303522818181818,1996-08-10
"1517",11,8,1996,0.000935833,1996,0.000279621363636364,1996-08-11
"1518",12,8,1996,0.000624167,1996,0.000255719909090909,1996-08-12
"1519",13,8,1996,0.000293958,1996,0.000231818454545455,1996-08-13
"1520",14,8,1996,0.000207917,1996,0.000207917,1996-08-14
"1521",15,8,1996,0.00019,1996,0.00019,1996-08-15
"1522",16,8,1996,0.000585,1996,0.00018951768488746,1996-08-16
"1523",17,8,1996,0.00143875,1996,0.00018903536977492,1996-08-17
"1524",18,8,1996,0.001086875,1996,0.000188553054662379,1996-08-18
"1525",19,8,1996,0.000738125,1996,0.000188070739549839,1996-08-19
"1526",20,8,1996,0.000487917,1996,0.000187588424437299,1996-08-20
"1527",21,8,1996,0.000399167,1996,0.000187106109324759,1996-08-21
"1528",22,8,1996,0.000392083,1996,0.000186623794212219,1996-08-22
"1529",23,8,1996,0.000472609,1996,0.000186141479099678,1996-08-23
"1530",24,8,1996,0.000474173037288136,1996,NA,1996-08-24
"1531",25,8,1996,0.000475737074576271,1996,NA,1996-08-25
"1532",26,8,1996,0.000477301111864407,1996,NA,1996-08-26
"1533",27,8,1996,0.000478865149152542,1996,NA,1996-08-27
"1534",28,8,1996,0.000480429186440678,1996,NA,1996-08-28
"1535",29,8,1996,0.000481993223728814,1996,NA,1996-08-29
"1536",30,8,1996,0.000483557261016949,1996,NA,1996-08-30
"1537",31,8,1996,0.000485121298305085,1996,NA,1996-08-31
"1780",1,5,1997,0.000865182359322034,1997,NA,1997-05-01
"1781",2,5,1997,0.000866746396610169,1997,NA,1997-05-02
"1782",3,5,1997,0.000868310433898305,1997,NA,1997-05-03
"1783",4,5,1997,0.000869874471186441,1997,NA,1997-05-04
"1784",5,5,1997,0.000871438508474576,1997,NA,1997-05-05
"1785",6,5,1997,0.000873002545762712,1997,NA,1997-05-06
"1786",7,5,1997,0.000874566583050848,1997,NA,1997-05-07
"1787",8,5,1997,0.000876130620338983,1997,NA,1997-05-08
"1788",9,5,1997,0.000877694657627119,1997,NA,1997-05-09
"1789",10,5,1997,0.000879258694915254,1997,NA,1997-05-10
"1790",11,5,1997,0.00088082273220339,1997,NA,1997-05-11
"1791",12,5,1997,0.000882386769491525,1997,NA,1997-05-12
"1792",13,5,1997,0.000883950806779661,1997,NA,1997-05-13
"1793",14,5,1997,0.000885514844067797,1997,NA,1997-05-14
"1794",15,5,1997,0.000887078881355932,1997,NA,1997-05-15
"1795",16,5,1997,0.000888642918644068,1997,NA,1997-05-16
"1796",17,5,1997,0.000890206955932203,1997,NA,1997-05-17
"1797",18,5,1997,0.000891770993220339,1997,NA,1997-05-18
"1798",19,5,1997,0.000893335030508475,1997,NA,1997-05-19
"1799",20,5,1997,0.00089489906779661,1997,NA,1997-05-20
"1800",21,5,1997,0.000896463105084746,1997,NA,1997-05-21
"1801",22,5,1997,0.000898027142372881,1997,NA,1997-05-22
"1802",23,5,1997,0.000899591179661017,1997,NA,1997-05-23
"1803",24,5,1997,0.000901155216949153,1997,NA,1997-05-24
"1804",25,5,1997,0.000902719254237288,1997,NA,1997-05-25
"1805",26,5,1997,0.000904283291525424,1997,NA,1997-05-26
"1806",27,5,1997,0.000905847328813559,1997,NA,1997-05-27
"1807",28,5,1997,0.000907411366101695,1997,NA,1997-05-28
"1808",29,5,1997,0.00090897540338983,1997,NA,1997-05-29
"1809",30,5,1997,0.000910539440677966,1997,NA,1997-05-30
"1810",31,5,1997,0.000912103477966102,1997,NA,1997-05-31
"1811",1,6,1997,0.000913667515254237,1997,NA,1997-06-01
"1812",2,6,1997,0.000915231552542373,1997,NA,1997-06-02
"1813",3,6,1997,0.000916795589830509,1997,NA,1997-06-03
"1814",4,6,1997,0.000918359627118644,1997,NA,1997-06-04
"1815",5,6,1997,0.00091992366440678,1997,NA,1997-06-05
"1816",6,6,1997,0.000921487701694915,1997,NA,1997-06-06
"1817",7,6,1997,0.000923051738983051,1997,NA,1997-06-07
"1818",8,6,1997,0.000924615776271186,1997,NA,1997-06-08
"1819",9,6,1997,0.000926179813559322,1997,NA,1997-06-09
"1820",10,6,1997,0.000927743850847458,1997,NA,1997-06-10
"1821",11,6,1997,0.000929307888135593,1997,NA,1997-06-11
"1822",12,6,1997,0.000930871925423729,1997,NA,1997-06-12
"1823",13,6,1997,0.000932435962711864,1997,NA,1997-06-13
"1824",14,6,1997,0.000934,1997,4.38585209003215e-05,1997-06-14
"1825",15,6,1997,0.016481667,1997,4.33762057877813e-05,1997-06-15
"1826",16,6,1997,0.005820417,1997,4.28938906752411e-05,1997-06-16
"1827",17,6,1997,0.002060833,1997,4.24115755627009e-05,1997-06-17
"1828",18,6,1997,0.001227083,1997,4.19292604501608e-05,1997-06-18
"1829",19,6,1997,0.000755833,1997,4.14469453376206e-05,1997-06-19
"1830",20,6,1997,0.000257826,1997,4.09646302250804e-05,1997-06-20
"1831",21,6,1997,0.00013125,1997,4.04823151125402e-05,1997-06-21
"1832",22,6,1997,4e-05,1997,4e-05,1997-06-22
"1833",23,6,1997,4e-05,1997,3.6e-05,1997-06-23
"1834",24,6,1997,4e-05,1997,3.2e-05,1997-06-24
"1835",25,6,1997,4e-05,1997,2.8e-05,1997-06-25
"1836",26,6,1997,4e-05,1997,2.4e-05,1997-06-26
"1837",27,6,1997,4e-05,1997,2e-05,1997-06-27
"1838",28,6,1997,4e-05,1997,1.6e-05,1997-06-28
"1839",29,6,1997,4e-05,1997,1.2e-05,1997-06-29
"1840",30,6,1997,4e-05,1997,8e-06,1997-06-30
"1841",1,7,1997,2.25e-05,1997,4e-06,1997-07-01
"1842",2,7,1997,0,1997,0,1997-07-02
"1843",3,7,1997,0.022816667,1997,0.000106212090909091,1997-07-03
"1844",4,7,1997,0.00577625,1997,0.000212424181818182,1997-07-04
"1845",5,7,1997,0.002366667,1997,0.000318636272727273,1997-07-05
"1846",6,7,1997,0.0016325,1997,0.000424848363636364,1997-07-06
"1847",7,7,1997,0.00167,1997,0.000531060454545455,1997-07-07
"1848",8,7,1997,0.001615417,1997,0.000637272545454545,1997-07-08
"1849",9,7,1997,0.003,1997,0.000743484636363636,1997-07-09
"1850",10,7,1997,0.002989167,1997,0.000849696727272727,1997-07-10
"1851",11,7,1997,0.00198,1997,0.000955908818181818,1997-07-11
"1852",12,7,1997,0.001342917,1997,0.00106212090909091,1997-07-12
"1853",13,7,1997,0.001168333,1997,0.001168333,1997-07-13
"1854",14,7,1997,0.0289125,1997,0.00114295422727273,1997-07-14
"1855",15,7,1997,0.007004167,1997,0.00111757545454545,1997-07-15
"1856",16,7,1997,0.005367917,1997,0.00109219668181818,1997-07-16
"1857",17,7,1997,0.00474875,1997,0.00106681790909091,1997-07-17
"1858",18,7,1997,0.004194167,1997,0.00104143913636364,1997-07-18
"1859",19,7,1997,0.00370125,1997,0.00101606036363636,1997-07-19
"1860",20,7,1997,0.003256667,1997,0.000990681590909091,1997-07-20
"1861",21,7,1997,0.002507083,1997,0.000965302818181818,1997-07-21
"1862",22,7,1997,0.002864167,1997,0.000939924045454545,1997-07-22
"1863",23,7,1997,0.002058333,1997,0.000914545272727273,1997-07-23
"1864",24,7,1997,0.001412083,1997,0.0008891665,1997-07-24
"1865",25,7,1997,0.001054583,1997,0.000863787727272727,1997-07-25
"1866",26,7,1997,0.001927917,1997,0.000838408954545455,1997-07-26
"1867",27,7,1997,0.006337917,1997,0.000813030181818182,1997-07-27
"1868",28,7,1997,0.004004583,1997,0.000787651409090909,1997-07-28
"1869",29,7,1997,0.001604583,1997,0.000762272636363636,1997-07-29
"1870",30,7,1997,0.000941667,1997,0.000736893863636364,1997-07-30
"1871",31,7,1997,0.000735417,1997,0.000711515090909091,1997-07-31
"1872",1,8,1997,0.00067,1997,0.00067,1997-08-01
"1873",2,8,1997,0.00067,1997,0.000660757545454545,1997-08-02
"1874",3,8,1997,0.000624167,1997,0.000624167,1997-08-03
"1875",4,8,1997,0.00061,1997,0.00061,1997-08-04
"1876",5,8,1997,0.000585417,1997,0.000585417,1997-08-05
"1877",6,8,1997,0.005472917,1997,0.000583695185294118,1997-08-06
"1878",7,8,1997,0.003820417,1997,0.000581973370588235,1997-08-07
"1879",8,8,1997,0.004339167,1997,0.000580251555882353,1997-08-08
"1880",9,8,1997,0.003025,1997,0.000578529741176471,1997-08-09
"1881",10,8,1997,0.00162625,1997,0.000576807926470588,1997-08-10
"1882",11,8,1997,0.00122625,1997,0.000575086111764706,1997-08-11
"1883",12,8,1997,0.00125375,1997,0.000573364297058824,1997-08-12
"1884",13,8,1997,0.016579091,1997,0.000571642482352941,1997-08-13
"1885",14,8,1997,0.0101832955,1997,NA,1997-08-14
"1886",15,8,1997,0.0037875,1997,0.000568198852941176,1997-08-15
"1887",16,8,1997,0.002112083,1997,0.000566477038235294,1997-08-16
"1888",17,8,1997,0.002476667,1997,0.000564755223529412,1997-08-17
"1889",18,8,1997,0.0034,1997,0.000563033408823529,1997-08-18
"1890",19,8,1997,0.002326923,1997,0.000561311594117647,1997-08-19
"1891",20,8,1997,0.0023232125397351,1997,NA,1997-08-20
"1892",21,8,1997,0.0023195020794702,1997,NA,1997-08-21
"1893",22,8,1997,0.0023157916192053,1997,NA,1997-08-22
"1894",23,8,1997,0.0023120811589404,1997,NA,1997-08-23
"1895",24,8,1997,0.0023083706986755,1997,NA,1997-08-24
"1896",25,8,1997,0.0023046602384106,1997,NA,1997-08-25
"1897",26,8,1997,0.0023009497781457,1997,NA,1997-08-26
"1898",27,8,1997,0.00229723931788079,1997,NA,1997-08-27
"1899",28,8,1997,0.00229352885761589,1997,NA,1997-08-28
"1900",29,8,1997,0.00228981839735099,1997,NA,1997-08-29
"1901",30,8,1997,0.00228610793708609,1997,NA,1997-08-30
"1902",31,8,1997,0.00228239747682119,1997,NA,1997-08-31
"2145",1,5,1998,0.00138075563245033,1998,NA,1998-05-01
"2146",2,5,1998,0.00137704517218543,1998,NA,1998-05-02
"2147",3,5,1998,0.00137333471192053,1998,NA,1998-05-03
"2148",4,5,1998,0.00136962425165563,1998,NA,1998-05-04
"2149",5,5,1998,0.00136591379139073,1998,NA,1998-05-05
"2150",6,5,1998,0.00136220333112583,1998,NA,1998-05-06
"2151",7,5,1998,0.00135849287086093,1998,NA,1998-05-07
"2152",8,5,1998,0.00135478241059603,1998,NA,1998-05-08
"2153",9,5,1998,0.00135107195033113,1998,NA,1998-05-09
"2154",10,5,1998,0.00134736149006623,1998,NA,1998-05-10
"2155",11,5,1998,0.00134365102980132,1998,NA,1998-05-11
"2156",12,5,1998,0.00133994056953642,1998,NA,1998-05-12
"2157",13,5,1998,0.00133623010927152,1998,NA,1998-05-13
"2158",14,5,1998,0.00133251964900662,1998,NA,1998-05-14
"2159",15,5,1998,0.00132880918874172,1998,NA,1998-05-15
"2160",16,5,1998,0.00132509872847682,1998,NA,1998-05-16
"2161",17,5,1998,0.00132138826821192,1998,NA,1998-05-17
"2162",18,5,1998,0.00131767780794702,1998,NA,1998-05-18
"2163",19,5,1998,0.00131396734768212,1998,NA,1998-05-19
"2164",20,5,1998,0.00131025688741722,1998,NA,1998-05-20
"2165",21,5,1998,0.00130654642715232,1998,NA,1998-05-21
"2166",22,5,1998,0.00130283596688742,1998,NA,1998-05-22
"2167",23,5,1998,0.00129912550662252,1998,NA,1998-05-23
"2168",24,5,1998,0.00129541504635762,1998,NA,1998-05-24
"2169",25,5,1998,0.00129170458609272,1998,NA,1998-05-25
"2170",26,5,1998,0.00128799412582781,1998,NA,1998-05-26
"2171",27,5,1998,0.00128428366556291,1998,NA,1998-05-27
"2172",28,5,1998,0.00128057320529801,1998,NA,1998-05-28
"2173",29,5,1998,0.00127686274503311,1998,NA,1998-05-29
"2174",30,5,1998,0.00127315228476821,1998,NA,1998-05-30
"2175",31,5,1998,0.00126944182450331,1998,NA,1998-05-31
"2176",1,6,1998,0.00126573136423841,1998,NA,1998-06-01
"2177",2,6,1998,0.00126202090397351,1998,NA,1998-06-02
"2178",3,6,1998,0.00125831044370861,1998,NA,1998-06-03
"2179",4,6,1998,0.00125459998344371,1998,NA,1998-06-04
"2180",5,6,1998,0.00125088952317881,1998,NA,1998-06-05
"2181",6,6,1998,0.00124717906291391,1998,NA,1998-06-06
"2182",7,6,1998,0.00124346860264901,1998,NA,1998-06-07
"2183",8,6,1998,0.00123975814238411,1998,NA,1998-06-08
"2184",9,6,1998,0.00123604768211921,1998,NA,1998-06-09
"2185",10,6,1998,0.0012323372218543,1998,NA,1998-06-10
"2186",11,6,1998,0.0012286267615894,1998,NA,1998-06-11
"2187",12,6,1998,0.0012249163013245,1998,NA,1998-06-12
"2188",13,6,1998,0.0012212058410596,1998,NA,1998-06-13
"2189",14,6,1998,0.0012174953807947,1998,NA,1998-06-14
"2190",15,6,1998,0.0012137849205298,1998,NA,1998-06-15
"2191",16,6,1998,0.0012100744602649,1998,NA,1998-06-16
"2192",17,6,1998,0.001206364,1998,4.13235529411765e-05,1998-06-17
"2193",18,6,1998,0.000773611,1998,3.96017382352941e-05,1998-06-18
"2194",19,6,1998,0.000456667,1998,3.78799235294118e-05,1998-06-19
"2195",20,6,1998,0.000451528,1998,3.61581088235294e-05,1998-06-20
"2196",21,6,1998,0.00061875,1998,3.44362941176471e-05,1998-06-21
"2197",22,6,1998,0.001164028,1998,3.27144794117647e-05,1998-06-22
"2198",23,6,1998,0.001497222,1998,3.09926647058823e-05,1998-06-23
"2199",24,6,1998,0.001212639,1998,2.927085e-05,1998-06-24
"2200",25,6,1998,0.000852222,1998,2.75490352941176e-05,1998-06-25
"2201",26,6,1998,0.005415833,1998,2.58272205882353e-05,1998-06-26
"2202",27,6,1998,0.003427639,1998,2.4105405882353e-05,1998-06-27
"2203",28,6,1998,0.001432361,1998,2.23835911764706e-05,1998-06-28
"2204",29,6,1998,0.000637361,1998,2.06617764705882e-05,1998-06-29
"2205",30,6,1998,0.000264861,1998,1.89399617647059e-05,1998-06-30
"2206",1,7,1998,0.000154583,1998,1.72181470588235e-05,1998-07-01
"2207",2,7,1998,0.000319583,1998,1.54963323529412e-05,1998-07-02
"2208",3,7,1998,0.000227917,1998,1.37745176470588e-05,1998-07-03
"2209",4,7,1998,8.53e-05,1998,1.20527029411765e-05,1998-07-04
"2210",5,7,1998,0.000124861,1998,1.03308882352941e-05,1998-07-05
"2211",6,7,1998,2.96e-05,1998,8.60907352941175e-06,1998-07-06
"2212",7,7,1998,3e-05,1998,6.88725882352936e-06,1998-07-07
"2213",8,7,1998,3e-05,1998,5.16544411764707e-06,1998-07-08
"2214",9,7,1998,3e-05,1998,3.44362941176468e-06,1998-07-09
"2215",10,7,1998,1.92e-05,1998,1.72181470588239e-06,1998-07-10
"2216",11,7,1998,0,1998,0,1998-07-11
"2217",12,7,1998,0,1998,0,1998-07-12
"2218",13,7,1998,0,1998,0,1998-07-13
"2219",14,7,1998,0,1998,0,1998-07-14
"2220",15,7,1998,0,1998,0,1998-07-15
"2221",16,7,1998,0,1998,0,1998-07-16
"2222",17,7,1998,0,1998,0,1998-07-17
"2223",18,7,1998,0,1998,0,1998-07-18
"2224",19,7,1998,0,1998,0,1998-07-19
"2225",20,7,1998,0,1998,0,1998-07-20
"2226",21,7,1998,0,1998,0,1998-07-21
"2227",22,7,1998,0,1998,0,1998-07-22
"2228",23,7,1998,0,1998,0,1998-07-23
"2229",24,7,1998,0,1998,0,1998-07-24
"2230",25,7,1998,0,1998,0,1998-07-25
"2231",26,7,1998,6.67e-05,1998,6.67e-05,1998-07-26
"2232",27,7,1998,0.003272222,1998,0.000641447368421053,1998-07-27
"2233",28,7,1998,0.004250417,1998,0.000748355263157895,1998-07-28
"2234",29,7,1998,0.002275694,1998,0.000855263157894737,1998-07-29
"2235",30,7,1998,0.001937917,1998,0.000962171052631579,1998-07-30
"2236",31,7,1998,0.00201375,1998,0.00106907894736842,1998-07-31
"2237",1,8,1998,0.002347778,1998,0.00117598684210526,1998-08-01
"2238",2,8,1998,0.003048611,1998,0.00128289473684211,1998-08-02
"2239",3,8,1998,0.003942361,1998,0.00138980263157895,1998-08-03
"2240",4,8,1998,0.006680972,1998,0.00149671052631579,1998-08-04
"2241",5,8,1998,0.003798056,1998,0.00160361842105263,1998-08-05
"2242",6,8,1998,0.003110417,1998,0.00171052631578947,1998-08-06
"2243",7,8,1998,0.003042361,1998,0.00181743421052632,1998-08-07
"2244",8,8,1998,0.002683333,1998,0.00192434210526316,1998-08-08
"2245",9,8,1998,0.00203125,1998,0.00203125,1998-08-09
"2246",10,8,1998,0.001832083,1998,0.001832083,1998-08-10
"2247",11,8,1998,0.004429167,1998,0.00182649440776699,1998-08-11
"2248",12,8,1998,0.003520476,1998,0.00182090581553398,1998-08-12
"2249",13,8,1998,0.002716667,1998,0.00181531722330097,1998-08-13
"2250",14,8,1998,0.002211875,1998,0.00180972863106796,1998-08-14
"2251",15,8,1998,0.001740417,1998,0.001740417,1998-08-15
"2252",16,8,1998,0.002274583,1998,0.00179855144660194,1998-08-16
"2253",17,8,1998,0.003680625,1998,0.00179296285436893,1998-08-17
"2254",18,8,1998,0.005063958,1998,0.00178737426213592,1998-08-18
"2255",19,8,1998,0.003956552,1998,0.00178178566990291,1998-08-19
"2256",20,8,1998,0.00394399297250859,1998,NA,1998-08-20
"2257",21,8,1998,0.00393143394501718,1998,NA,1998-08-21
"2258",22,8,1998,0.00391887491752577,1998,NA,1998-08-22
"2259",23,8,1998,0.00390631589003436,1998,NA,1998-08-23
"2260",24,8,1998,0.00389375686254296,1998,NA,1998-08-24
"2261",25,8,1998,0.00388119783505155,1998,NA,1998-08-25
"2262",26,8,1998,0.00386863880756014,1998,NA,1998-08-26
"2263",27,8,1998,0.00385607978006873,1998,NA,1998-08-27
"2264",28,8,1998,0.00384352075257732,1998,NA,1998-08-28
"2265",29,8,1998,0.00383096172508591,1998,NA,1998-08-29
"2266",30,8,1998,0.0038184026975945,1998,NA,1998-08-30
"2267",31,8,1998,0.00380584367010309,1998,NA,1998-08-31
"2510",1,5,1999,0.000753999989690722,1999,NA,1999-05-01
"2511",2,5,1999,0.000741440962199313,1999,NA,1999-05-02
"2512",3,5,1999,0.000728881934707904,1999,NA,1999-05-03
"2513",4,5,1999,0.000716322907216495,1999,NA,1999-05-04
"2514",5,5,1999,0.000703763879725086,1999,NA,1999-05-05
"2515",6,5,1999,0.000691204852233677,1999,NA,1999-05-06
"2516",7,5,1999,0.000678645824742268,1999,NA,1999-05-07
"2517",8,5,1999,0.000666086797250859,1999,NA,1999-05-08
"2518",9,5,1999,0.00065352776975945,1999,NA,1999-05-09
"2519",10,5,1999,0.000640968742268041,1999,NA,1999-05-10
"2520",11,5,1999,0.000628409714776632,1999,NA,1999-05-11
"2521",12,5,1999,0.000615850687285223,1999,NA,1999-05-12
"2522",13,5,1999,0.000603291659793815,1999,NA,1999-05-13
"2523",14,5,1999,0.000590732632302406,1999,NA,1999-05-14
"2524",15,5,1999,0.000578173604810996,1999,NA,1999-05-15
"2525",16,5,1999,0.000565614577319587,1999,NA,1999-05-16
"2526",17,5,1999,0.000553055549828179,1999,NA,1999-05-17
"2527",18,5,1999,0.00054049652233677,1999,NA,1999-05-18
"2528",19,5,1999,0.000527937494845361,1999,NA,1999-05-19
"2529",20,5,1999,0.000515378467353952,1999,NA,1999-05-20
"2530",21,5,1999,0.000502819439862543,1999,NA,1999-05-21
"2531",22,5,1999,0.000490260412371134,1999,NA,1999-05-22
"2532",23,5,1999,0.000477701384879725,1999,NA,1999-05-23
"2533",24,5,1999,0.000465142357388316,1999,NA,1999-05-24
"2534",25,5,1999,0.000452583329896907,1999,NA,1999-05-25
"2535",26,5,1999,0.000440024302405498,1999,NA,1999-05-26
"2536",27,5,1999,0.000427465274914089,1999,NA,1999-05-27
"2537",28,5,1999,0.00041490624742268,1999,NA,1999-05-28
"2538",29,5,1999,0.000402347219931271,1999,NA,1999-05-29
"2539",30,5,1999,0.000389788192439863,1999,NA,1999-05-30
"2540",31,5,1999,0.000377229164948454,1999,NA,1999-05-31
"2541",1,6,1999,0.000364670137457045,1999,NA,1999-06-01
"2542",2,6,1999,0.000352111109965636,1999,NA,1999-06-02
"2543",3,6,1999,0.000339552082474227,1999,NA,1999-06-03
"2544",4,6,1999,0.000326993054982818,1999,NA,1999-06-04
"2545",5,6,1999,0.000314434027491409,1999,NA,1999-06-05
"2546",6,6,1999,0.000301875,1999,0.000155505330097087,1999-06-06
"2547",7,6,1999,0.000193542,1999,0.000149916737864078,1999-06-07
"2548",8,6,1999,0.00012125,1999,0.00012125,1999-06-08
"2549",9,6,1999,0.001347708,1999,0.000138739553398058,1999-06-09
"2550",10,6,1999,0.00342875,1999,0.000133150961165049,1999-06-10
"2551",11,6,1999,0.001313333,1999,0.000127562368932039,1999-06-11
"2552",12,6,1999,0.000464583,1999,0.000121973776699029,1999-06-12
"2553",13,6,1999,0.000177292,1999,0.00011638518446602,1999-06-13
"2554",14,6,1999,0.000116042,1999,0.00011079659223301,1999-06-14
"2555",15,6,1999,0.000105208,1999,0.000105208,1999-06-15
"2556",16,6,1999,0.000124167,1999,0.000103002315789474,1999-06-16
"2557",17,6,1999,0.000222917,1999,0.000100796631578947,1999-06-17
"2558",18,6,1999,0.015867708,1999,9.8590947368421e-05,1999-06-18
"2559",19,6,1999,0.00816875,1999,9.63852631578947e-05,1999-06-19
"2560",20,6,1999,0.00257625,1999,9.41795789473684e-05,1999-06-20
"2561",21,6,1999,0.00130375,1999,9.19738947368421e-05,1999-06-21
"2562",22,6,1999,0.000818542,1999,8.97682105263158e-05,1999-06-22
"2563",23,6,1999,0.000707917,1999,8.75625263157895e-05,1999-06-23
"2564",24,6,1999,0.000608542,1999,8.53568421052632e-05,1999-06-24
"2565",25,6,1999,0.000498958,1999,8.31511578947368e-05,1999-06-25
"2566",26,6,1999,0.000403125,1999,8.09454736842105e-05,1999-06-26
"2567",27,6,1999,0.000335208,1999,7.87397894736842e-05,1999-06-27
"2568",28,6,1999,0.00028,1999,7.65341052631579e-05,1999-06-28
"2569",29,6,1999,0.000266667,1999,7.43284210526316e-05,1999-06-29
"2570",30,6,1999,0.00025,1999,7.21227368421053e-05,1999-06-30
"2571",1,7,1999,0.000198542,1999,6.99170526315789e-05,1999-07-01
"2572",2,7,1999,9.19e-05,1999,6.77113684210526e-05,1999-07-02
"2573",3,7,1999,7.48e-05,1999,6.55056842105263e-05,1999-07-03
"2574",4,7,1999,6.33e-05,1999,6.33e-05,1999-07-04
"2575",5,7,1999,9.82e-05,1999,6.16e-05,1999-07-05
"2576",6,7,1999,0.000103958,1999,5.99e-05,1999-07-06
"2577",7,7,1999,0.001035417,1999,5.82e-05,1999-07-07
"2578",8,7,1999,0.002277083,1999,5.65e-05,1999-07-08
"2579",9,7,1999,0.001418125,1999,5.48e-05,1999-07-09
"2580",10,7,1999,0.00064625,1999,5.31e-05,1999-07-10
"2581",11,7,1999,0.000336042,1999,5.14e-05,1999-07-11
"2582",12,7,1999,0.000185417,1999,4.97e-05,1999-07-12
"2583",13,7,1999,0.000107917,1999,4.8e-05,1999-07-13
"2584",14,7,1999,6.21e-05,1999,4.63e-05,1999-07-14
"2585",15,7,1999,4.46e-05,1999,4.46e-05,1999-07-15
"2586",16,7,1999,0.00019125,1999,4.30272727272727e-05,1999-07-16
"2587",17,7,1999,0.026448958,1999,4.14545454545455e-05,1999-07-17
"2588",18,7,1999,0.016422292,1999,3.98818181818182e-05,1999-07-18
"2589",19,7,1999,0.00397875,1999,3.83090909090909e-05,1999-07-19
"2590",20,7,1999,0.001961458,1999,3.67363636363636e-05,1999-07-20
"2591",21,7,1999,0.00658375,1999,3.51636363636364e-05,1999-07-21
"2592",22,7,1999,0.004534167,1999,3.35909090909091e-05,1999-07-22
"2593",23,7,1999,0.004163958,1999,3.20181818181818e-05,1999-07-23
"2594",24,7,1999,0.002094375,1999,3.04454545454545e-05,1999-07-24
"2595",25,7,1999,0.000917708,1999,2.88727272727273e-05,1999-07-25
"2596",26,7,1999,0.000465,1999,2.73e-05,1999-07-26
"2597",27,7,1999,0.000275833,1999,2.57272727272727e-05,1999-07-27
"2598",28,7,1999,0.00019875,1999,2.41545454545455e-05,1999-07-28
"2599",29,7,1999,0.00014375,1999,2.25818181818182e-05,1999-07-29
"2600",30,7,1999,8.21e-05,1999,2.10090909090909e-05,1999-07-30
"2601",31,7,1999,5.46e-05,1999,1.94363636363636e-05,1999-07-31
"2602",1,8,1999,4.1e-05,1999,1.78636363636364e-05,1999-08-01
"2603",2,8,1999,2.69e-05,1999,1.62909090909091e-05,1999-08-02
"2604",3,8,1999,2e-05,1999,1.47181818181818e-05,1999-08-03
"2605",4,8,1999,2e-05,1999,1.31454545454545e-05,1999-08-04
"2606",5,8,1999,1.58e-05,1999,1.15727272727273e-05,1999-08-05
"2607",6,8,1999,1e-05,1999,1e-05,1999-08-06
"2608",7,8,1999,1.06e-05,1999,1.03680981595092e-05,1999-08-07
"2609",8,8,1999,0.002719375,1999,1.07361963190184e-05,1999-08-08
"2610",9,8,1999,0.004892292,1999,1.11042944785276e-05,1999-08-09
"2611",10,8,1999,0.002095625,1999,1.14723926380368e-05,1999-08-10
"2612",11,8,1999,0.001482708,1999,1.1840490797546e-05,1999-08-11
"2613",12,8,1999,0.001193542,1999,1.22085889570552e-05,1999-08-12
"2614",13,8,1999,0.003003125,1999,1.25766871165644e-05,1999-08-13
"2615",14,8,1999,0.002439583,1999,1.29447852760736e-05,1999-08-14
"2616",15,8,1999,0.003725,1999,1.33128834355828e-05,1999-08-15
"2617",16,8,1999,0.003480208,1999,1.3680981595092e-05,1999-08-16
"2618",17,8,1999,0.002344792,1999,1.40490797546012e-05,1999-08-17
"2619",18,8,1999,0.001683958,1999,1.44171779141104e-05,1999-08-18
"2620",19,8,1999,0.001423,1999,1.47852760736196e-05,1999-08-19
"2621",20,8,1999,0.00142027184466019,1999,NA,1999-08-20
"2622",21,8,1999,0.00141754368932039,1999,NA,1999-08-21
"2623",22,8,1999,0.00141481553398058,1999,NA,1999-08-22
"2624",23,8,1999,0.00141208737864078,1999,NA,1999-08-23
"2625",24,8,1999,0.00140935922330097,1999,NA,1999-08-24
"2626",25,8,1999,0.00140663106796117,1999,NA,1999-08-25
"2627",26,8,1999,0.00140390291262136,1999,NA,1999-08-26
"2628",27,8,1999,0.00140117475728155,1999,NA,1999-08-27
"2629",28,8,1999,0.00139844660194175,1999,NA,1999-08-28
"2630",29,8,1999,0.00139571844660194,1999,NA,1999-08-29
"2631",30,8,1999,0.00139299029126214,1999,NA,1999-08-30
"2632",31,8,1999,0.00139026213592233,1999,NA,1999-08-31
"2876",1,5,2000,0.000724592233009709,2000,NA,2000-05-01
"2877",2,5,2000,0.000721864077669903,2000,NA,2000-05-02
"2878",3,5,2000,0.000719135922330097,2000,NA,2000-05-03
"2879",4,5,2000,0.000716407766990291,2000,NA,2000-05-04
"2880",5,5,2000,0.000713679611650485,2000,NA,2000-05-05
"2881",6,5,2000,0.00071095145631068,2000,NA,2000-05-06
"2882",7,5,2000,0.000708223300970874,2000,NA,2000-05-07
"2883",8,5,2000,0.000705495145631068,2000,NA,2000-05-08
"2884",9,5,2000,0.000702766990291262,2000,NA,2000-05-09
"2885",10,5,2000,0.000700038834951456,2000,NA,2000-05-10
"2886",11,5,2000,0.000697310679611651,2000,NA,2000-05-11
"2887",12,5,2000,0.000694582524271845,2000,NA,2000-05-12
"2888",13,5,2000,0.000691854368932039,2000,NA,2000-05-13
"2889",14,5,2000,0.000689126213592233,2000,NA,2000-05-14
"2890",15,5,2000,0.000686398058252427,2000,NA,2000-05-15
"2891",16,5,2000,0.000683669902912621,2000,NA,2000-05-16
"2892",17,5,2000,0.000680941747572816,2000,NA,2000-05-17
"2893",18,5,2000,0.00067821359223301,2000,NA,2000-05-18
"2894",19,5,2000,0.000675485436893204,2000,NA,2000-05-19
"2895",20,5,2000,0.000672757281553398,2000,NA,2000-05-20
"2896",21,5,2000,0.000670029126213592,2000,NA,2000-05-21
"2897",22,5,2000,0.000667300970873786,2000,NA,2000-05-22
"2898",23,5,2000,0.000664572815533981,2000,NA,2000-05-23
"2899",24,5,2000,0.000661844660194175,2000,NA,2000-05-24
"2900",25,5,2000,0.000659116504854369,2000,NA,2000-05-25
"2901",26,5,2000,0.000656388349514563,2000,NA,2000-05-26
"2902",27,5,2000,0.000653660194174757,2000,NA,2000-05-27
"2903",28,5,2000,0.000650932038834951,2000,NA,2000-05-28
"2904",29,5,2000,0.000648203883495146,2000,NA,2000-05-29
"2905",30,5,2000,0.00064547572815534,2000,NA,2000-05-30
"2906",31,5,2000,0.000642747572815534,2000,NA,2000-05-31
"2907",1,6,2000,0.000640019417475728,2000,NA,2000-06-01
"2908",2,6,2000,0.000637291262135922,2000,NA,2000-06-02
"2909",3,6,2000,0.000634563106796117,2000,NA,2000-06-03
"2910",4,6,2000,0.000631834951456311,2000,NA,2000-06-04
"2911",5,6,2000,0.000629106796116505,2000,NA,2000-06-05
"2912",6,6,2000,0.000626378640776699,2000,NA,2000-06-06
"2913",7,6,2000,0.000623650485436893,2000,NA,2000-06-07
"2914",8,6,2000,0.000620922330097087,2000,NA,2000-06-08
"2915",9,6,2000,0.000618194174757282,2000,NA,2000-06-09
"2916",10,6,2000,0.000615466019417476,2000,NA,2000-06-10
"2917",11,6,2000,0.00061273786407767,2000,NA,2000-06-11
"2918",12,6,2000,0.000610009708737864,2000,NA,2000-06-12
"2919",13,6,2000,0.000607281553398058,2000,NA,2000-06-13
"2920",14,6,2000,0.000604553398058252,2000,NA,2000-06-14
"2921",15,6,2000,0.000601825242718447,2000,NA,2000-06-15
"2922",16,6,2000,0.000599097087378641,2000,NA,2000-06-16
"2923",17,6,2000,0.000596368932038835,2000,NA,2000-06-17
"2924",18,6,2000,0.000593640776699029,2000,NA,2000-06-18
"2925",19,6,2000,0.000590912621359223,2000,NA,2000-06-19
"2926",20,6,2000,0.000588184466019417,2000,NA,2000-06-20
"2927",21,6,2000,0.000585456310679612,2000,NA,2000-06-21
"2928",22,6,2000,0.000582728155339806,2000,NA,2000-06-22
"2929",23,6,2000,0.00058,2000,0.000128527607361963,2000-06-23
"2930",24,6,2000,0.0004675,2000,NA,2000-06-24
"2931",25,6,2000,0.000355,2000,NA,2000-06-25
"2932",26,6,2000,0.0002425,2000,NA,2000-06-26
"2933",27,6,2000,0.00013,2000,0.00013,2000-06-27
"2934",28,6,2000,0.001524444,2000,0.000122352941176471,2000-06-28
"2935",29,6,2000,0.001241556,2000,0.000114705882352941,2000-06-29
"2936",30,6,2000,0.00205651366666667,2000,NA,2000-06-30
"2937",1,7,2000,0.00287147133333333,2000,NA,2000-07-01
"2938",2,7,2000,0.003686429,2000,9.17647058823529e-05,2000-07-02
"2939",3,7,2000,0.002492245,2000,8.41176470588235e-05,2000-07-03
"2940",4,7,2000,0.002676327,2000,7.64705882352941e-05,2000-07-04
"2941",5,7,2000,0.006520833,2000,6.88235294117647e-05,2000-07-05
"2942",6,7,2000,0.003333958,2000,6.11764705882353e-05,2000-07-06
"2943",7,7,2000,0.001761765,2000,5.35294117647059e-05,2000-07-07
"2944",8,7,2000,0.001459412,2000,NA,2000-07-08
"2945",9,7,2000,0.001157059,2000,NA,2000-07-09
"2946",10,7,2000,0.000854706,2000,NA,2000-07-10
"2947",11,7,2000,0.000552353,2000,NA,2000-07-11
"2948",12,7,2000,0.00025,2000,1.52941176470588e-05,2000-07-12
"2949",13,7,2000,0.000125,2000,NA,2000-07-13
"2950",14,7,2000,0,2000,0,2000-07-14
"2951",15,7,2000,6.66666666666667e-06,2000,NA,2000-07-15
"2952",16,7,2000,1.33333333333333e-05,2000,NA,2000-07-16
"2953",17,7,2000,2e-05,2000,9.78110169491525e-07,2000-07-17
"2954",18,7,2000,0.004876111,2000,1.30414689265537e-06,2000-07-18
"2955",19,7,2000,0.005856531,2000,1.63018361581921e-06,2000-07-19
"2956",20,7,2000,0.002957222,2000,1.95622033898305e-06,2000-07-20
"2957",21,7,2000,0.00134,2000,2.28225706214689e-06,2000-07-21
"2958",22,7,2000,0.000993333333333333,2000,NA,2000-07-22
"2959",23,7,2000,0.000646666666666667,2000,NA,2000-07-23
"2960",24,7,2000,3e-04,2000,3.26036723163842e-06,2000-07-24
"2961",25,7,2000,0.0002725,2000,NA,2000-07-25
"2962",26,7,2000,0.000245,2000,NA,2000-07-26
"2963",27,7,2000,0.0002175,2000,NA,2000-07-27
"2964",28,7,2000,0.00019,2000,NA,2000-07-28
"2965",29,7,2000,0.0001625,2000,NA,2000-07-29
"2966",30,7,2000,0.000135,2000,NA,2000-07-30
"2967",31,7,2000,0.0001075,2000,NA,2000-07-31
"2968",1,8,2000,8e-05,2000,5.86866101694915e-06,2000-08-01
"2969",2,8,2000,7.33333333333333e-05,2000,NA,2000-08-02
"2970",3,8,2000,6.66666666666667e-05,2000,NA,2000-08-03
"2971",4,8,2000,6e-05,2000,NA,2000-08-04
"2972",5,8,2000,5.33333333333333e-05,2000,NA,2000-08-05
"2973",6,8,2000,4.66666666666667e-05,2000,NA,2000-08-06
"2974",7,8,2000,4e-05,2000,7.8248813559322e-06,2000-08-07
"2975",8,8,2000,4.52393625e-05,2000,NA,2000-08-08
"2976",9,8,2000,5.0478725e-05,2000,NA,2000-08-09
"2977",10,8,2000,5.57180875e-05,2000,NA,2000-08-10
"2978",11,8,2000,6.095745e-05,2000,NA,2000-08-11
"2979",12,8,2000,6.61968125e-05,2000,NA,2000-08-12
"2980",13,8,2000,7.1436175e-05,2000,NA,2000-08-13
"2981",14,8,2000,7.66755375e-05,2000,NA,2000-08-14
"2982",15,8,2000,8.19149e-05,2000,NA,2000-08-15
"2983",16,8,2000,8.71542625e-05,2000,NA,2000-08-16
"2984",17,8,2000,9.2393625e-05,2000,NA,2000-08-17
"2985",18,8,2000,9.76329875e-05,2000,NA,2000-08-18
"2986",19,8,2000,0.00010287235,2000,NA,2000-08-19
"2987",20,8,2000,0.0001081117125,2000,NA,2000-08-20
"2988",21,8,2000,0.000113351075,2000,NA,2000-08-21
"2989",22,8,2000,0.0001185904375,2000,NA,2000-08-22
"2990",23,8,2000,0.0001238298,2000,NA,2000-08-23
"2991",24,8,2000,0.0001290691625,2000,NA,2000-08-24
"2992",25,8,2000,0.000134308525,2000,NA,2000-08-25
"2993",26,8,2000,0.0001395478875,2000,NA,2000-08-26
"2994",27,8,2000,0.00014478725,2000,NA,2000-08-27
"2995",28,8,2000,0.0001500266125,2000,NA,2000-08-28
"2996",29,8,2000,0.000155265975,2000,NA,2000-08-29
"2997",30,8,2000,0.0001605053375,2000,NA,2000-08-30
"2998",31,8,2000,0.0001657447,2000,NA,2000-08-31
"3241",1,5,2001,0.0014389097875,2001,NA,2001-05-01
"3242",2,5,2001,0.00144414915,2001,NA,2001-05-02
"3243",3,5,2001,0.0014493885125,2001,NA,2001-05-03
"3244",4,5,2001,0.001454627875,2001,NA,2001-05-04
"3245",5,5,2001,0.0014598672375,2001,NA,2001-05-05
"3246",6,5,2001,0.0014651066,2001,NA,2001-05-06
"3247",7,5,2001,0.0014703459625,2001,NA,2001-05-07
"3248",8,5,2001,0.001475585325,2001,NA,2001-05-08
"3249",9,5,2001,0.0014808246875,2001,NA,2001-05-09
"3250",10,5,2001,0.00148606405,2001,NA,2001-05-10
"3251",11,5,2001,0.0014913034125,2001,NA,2001-05-11
"3252",12,5,2001,0.001496542775,2001,NA,2001-05-12
"3253",13,5,2001,0.0015017821375,2001,NA,2001-05-13
"3254",14,5,2001,0.0015070215,2001,NA,2001-05-14
"3255",15,5,2001,0.0015122608625,2001,NA,2001-05-15
"3256",16,5,2001,0.001517500225,2001,NA,2001-05-16
"3257",17,5,2001,0.0015227395875,2001,NA,2001-05-17
"3258",18,5,2001,0.00152797895,2001,NA,2001-05-18
"3259",19,5,2001,0.0015332183125,2001,NA,2001-05-19
"3260",20,5,2001,0.001538457675,2001,NA,2001-05-20
"3261",21,5,2001,0.0015436970375,2001,NA,2001-05-21
"3262",22,5,2001,0.0015489364,2001,NA,2001-05-22
"3263",23,5,2001,0.0015541757625,2001,NA,2001-05-23
"3264",24,5,2001,0.001559415125,2001,NA,2001-05-24
"3265",25,5,2001,0.0015646544875,2001,NA,2001-05-25
"3266",26,5,2001,0.00156989385,2001,NA,2001-05-26
"3267",27,5,2001,0.0015751332125,2001,NA,2001-05-27
"3268",28,5,2001,0.001580372575,2001,NA,2001-05-28
"3269",29,5,2001,0.0015856119375,2001,NA,2001-05-29
"3270",30,5,2001,0.0015908513,2001,NA,2001-05-30
"3271",31,5,2001,0.0015960906625,2001,NA,2001-05-31
"3272",1,6,2001,0.001601330025,2001,NA,2001-06-01
"3273",2,6,2001,0.0016065693875,2001,NA,2001-06-02
"3274",3,6,2001,0.00161180875,2001,NA,2001-06-03
"3275",4,6,2001,0.0016170481125,2001,NA,2001-06-04
"3276",5,6,2001,0.001622287475,2001,NA,2001-06-05
"3277",6,6,2001,0.0016275268375,2001,NA,2001-06-06
"3278",7,6,2001,0.0016327662,2001,NA,2001-06-07
"3279",8,6,2001,0.0016380055625,2001,NA,2001-06-08
"3280",9,6,2001,0.001643244925,2001,NA,2001-06-09
"3281",10,6,2001,0.0016484842875,2001,NA,2001-06-10
"3282",11,6,2001,0.00165372365,2001,NA,2001-06-11
"3283",12,6,2001,0.0016589630125,2001,NA,2001-06-12
"3284",13,6,2001,0.001664202375,2001,NA,2001-06-13
"3285",14,6,2001,0.0016694417375,2001,NA,2001-06-14
"3286",15,6,2001,0.0016746811,2001,NA,2001-06-15
"3287",16,6,2001,0.0016799204625,2001,NA,2001-06-16
"3288",17,6,2001,0.001685159825,2001,NA,2001-06-17
"3289",18,6,2001,0.0016903991875,2001,NA,2001-06-18
"3290",19,6,2001,0.00169563855,2001,NA,2001-06-19
"3291",20,6,2001,0.0017008779125,2001,NA,2001-06-20
"3292",21,6,2001,0.001706117275,2001,NA,2001-06-21
"3293",22,6,2001,0.0017113566375,2001,NA,2001-06-22
"3294",23,6,2001,0.001716596,2001,0.000112156632768362,2001-06-23
"3295",24,6,2001,0.000599375,2001,0.000112482669491525,2001-06-24
"3296",25,6,2001,0.000217708,2001,0.000112808706214689,2001-06-25
"3297",26,6,2001,0.0006275,2001,0.000113134742937853,2001-06-26
"3298",27,6,2001,0.015050417,2001,0.000113460779661017,2001-06-27
"3299",28,6,2001,0.008591875,2001,0.000113786816384181,2001-06-28
"3300",29,6,2001,0.002275208,2001,0.000114112853107345,2001-06-29
"3301",30,6,2001,0.00091125,2001,0.000114438889830508,2001-06-30
"3302",1,7,2001,0.000425417,2001,0.000114764926553672,2001-07-01
"3303",2,7,2001,0.000271667,2001,0.000115090963276836,2001-07-02
"3304",3,7,2001,0.000115417,2001,0.000115417,2001-07-03
"3305",4,7,2001,0.000145417,2001,0.0001086015,2001-07-04
"3306",5,7,2001,0.000473958,2001,0.000101786,2001-07-05
"3307",6,7,2001,0.003333333,2001,9.49705e-05,2001-07-06
"3308",7,7,2001,0.008894375,2001,8.8155e-05,2001-07-07
"3309",8,7,2001,0.0027725,2001,8.13395e-05,2001-07-08
"3310",9,7,2001,0.001073542,2001,7.4524e-05,2001-07-09
"3311",10,7,2001,0.000559583,2001,6.77085e-05,2001-07-10
"3312",11,7,2001,0.000501875,2001,6.0893e-05,2001-07-11
"3313",12,7,2001,0.000477917,2001,5.40775e-05,2001-07-12
"3314",13,7,2001,0.000402708,2001,4.7262e-05,2001-07-13
"3315",14,7,2001,0.000236458,2001,4.04465e-05,2001-07-14
"3316",15,7,2001,0.000118958,2001,3.3631e-05,2001-07-15
"3317",16,7,2001,5.83e-05,2001,2.68155e-05,2001-07-16
"3318",17,7,2001,2e-05,2001,2e-05,2001-07-17
"3319",18,7,2001,2e-05,2001,2e-05,2001-07-18
"3320",19,7,2001,3.83e-05,2001,3.83e-05,2001-07-19
"3321",20,7,2001,7.81e-05,2001,7.81e-05,2001-07-20
"3322",21,7,2001,0.00056125,2001,0.000154734909090909,2001-07-21
"3323",22,7,2001,0.000717083,2001,0.000188418636363636,2001-07-22
"3324",23,7,2001,0.002205,2001,0.000222102363636364,2001-07-23
"3325",24,7,2001,0.004627083,2001,0.000255786090909091,2001-07-24
"3326",25,7,2001,0.004858333,2001,0.000289469818181818,2001-07-25
"3327",26,7,2001,0.003141875,2001,0.000323153545454545,2001-07-26
"3328",27,7,2001,0.001522083,2001,0.000356837272727273,2001-07-27
"3329",28,7,2001,0.000954583,2001,0.000390521,2001-07-28
"3330",29,7,2001,0.005379583,2001,0.000424204727272727,2001-07-29
"3331",30,7,2001,0.006073125,2001,0.000457888454545455,2001-07-30
"3332",31,7,2001,0.003398958,2001,0.000491572181818182,2001-07-31
"3333",1,8,2001,0.001379375,2001,0.000525255909090909,2001-08-01
"3334",2,8,2001,0.001709583,2001,0.000558939636363636,2001-08-02
"3335",3,8,2001,0.002339167,2001,0.000592623363636364,2001-08-03
"3336",4,8,2001,0.003814375,2001,0.000626307090909091,2001-08-04
"3337",5,8,2001,0.002596458,2001,0.000659990818181818,2001-08-05
"3338",6,8,2001,0.001720833,2001,0.000693674545454545,2001-08-06
"3339",7,8,2001,0.001166667,2001,0.000727358272727273,2001-08-07
"3340",8,8,2001,0.000761042,2001,0.000761042,2001-08-08
"3341",9,8,2001,0.000819375,2001,0.000819375,2001-08-09
"3342",10,8,2001,0.001730417,2001,0.000816900854037267,2001-08-10
"3343",11,8,2001,0.003529792,2001,0.000814426708074534,2001-08-11
"3344",12,8,2001,0.002555625,2001,0.000811952562111801,2001-08-12
"3345",13,8,2001,0.002229167,2001,0.000809478416149068,2001-08-13
"3346",14,8,2001,0.007079792,2001,0.000807004270186335,2001-08-14
"3347",15,8,2001,0.010621042,2001,0.000804530124223602,2001-08-15
"3348",16,8,2001,0.009219167,2001,0.00080205597826087,2001-08-16
"3349",17,8,2001,0.010167742,2001,0.000799581832298137,2001-08-17
"3350",18,8,2001,0.010139914318328,2001,NA,2001-08-18
"3351",19,8,2001,0.0101120866366559,2001,NA,2001-08-19
"3352",20,8,2001,0.0100842589549839,2001,NA,2001-08-20
"3353",21,8,2001,0.0100564312733119,2001,NA,2001-08-21
"3354",22,8,2001,0.0100286035916399,2001,NA,2001-08-22
"3355",23,8,2001,0.0100007759099678,2001,NA,2001-08-23
"3356",24,8,2001,0.00997294822829582,2001,NA,2001-08-24
"3357",25,8,2001,0.00994512054662379,2001,NA,2001-08-25
"3358",26,8,2001,0.00991729286495177,2001,NA,2001-08-26
"3359",27,8,2001,0.00988946518327974,2001,NA,2001-08-27
"3360",28,8,2001,0.00986163750160772,2001,NA,2001-08-28
"3361",29,8,2001,0.00983380981993569,2001,NA,2001-08-29
"3362",30,8,2001,0.00980598213826367,2001,NA,2001-08-30
"3363",31,8,2001,0.00977815445659164,2001,NA,2001-08-31
"3606",1,5,2002,0.00301602781028939,2002,NA,2002-05-01
"3607",2,5,2002,0.00298820012861736,2002,NA,2002-05-02
"3608",3,5,2002,0.00296037244694534,2002,NA,2002-05-03
"3609",4,5,2002,0.00293254476527331,2002,NA,2002-05-04
"3610",5,5,2002,0.00290471708360129,2002,NA,2002-05-05
"3611",6,5,2002,0.00287688940192926,2002,NA,2002-05-06
"3612",7,5,2002,0.00284906172025723,2002,NA,2002-05-07
"3613",8,5,2002,0.00282123403858521,2002,NA,2002-05-08
"3614",9,5,2002,0.00279340635691318,2002,NA,2002-05-09
"3615",10,5,2002,0.00276557867524116,2002,NA,2002-05-10
"3616",11,5,2002,0.00273775099356913,2002,NA,2002-05-11
"3617",12,5,2002,0.00270992331189711,2002,NA,2002-05-12
"3618",13,5,2002,0.00268209563022508,2002,NA,2002-05-13
"3619",14,5,2002,0.00265426794855305,2002,NA,2002-05-14
"3620",15,5,2002,0.00262644026688103,2002,NA,2002-05-15
"3621",16,5,2002,0.002598612585209,2002,NA,2002-05-16
"3622",17,5,2002,0.00257078490353698,2002,NA,2002-05-17
"3623",18,5,2002,0.00254295722186495,2002,NA,2002-05-18
"3624",19,5,2002,0.00251512954019293,2002,NA,2002-05-19
"3625",20,5,2002,0.0024873018585209,2002,NA,2002-05-20
"3626",21,5,2002,0.00245947417684888,2002,NA,2002-05-21
"3627",22,5,2002,0.00243164649517685,2002,NA,2002-05-22
"3628",23,5,2002,0.00240381881350482,2002,NA,2002-05-23
"3629",24,5,2002,0.0023759911318328,2002,NA,2002-05-24
"3630",25,5,2002,0.00234816345016077,2002,NA,2002-05-25
"3631",26,5,2002,0.00232033576848875,2002,NA,2002-05-26
"3632",27,5,2002,0.00229250808681672,2002,NA,2002-05-27
"3633",28,5,2002,0.0022646804051447,2002,NA,2002-05-28
"3634",29,5,2002,0.00223685272347267,2002,NA,2002-05-29
"3635",30,5,2002,0.00220902504180064,2002,NA,2002-05-30
"3636",31,5,2002,0.00218119736012862,2002,NA,2002-05-31
"3637",1,6,2002,0.00215336967845659,2002,NA,2002-06-01
"3638",2,6,2002,0.00212554199678457,2002,NA,2002-06-02
"3639",3,6,2002,0.00209771431511254,2002,NA,2002-06-03
"3640",4,6,2002,0.00206988663344052,2002,NA,2002-06-04
"3641",5,6,2002,0.00204205895176849,2002,NA,2002-06-05
"3642",6,6,2002,0.00201423127009646,2002,NA,2002-06-06
"3643",7,6,2002,0.00198640358842444,2002,NA,2002-06-07
"3644",8,6,2002,0.00195857590675241,2002,NA,2002-06-08
"3645",9,6,2002,0.00193074822508039,2002,NA,2002-06-09
"3646",10,6,2002,0.00190292054340836,2002,NA,2002-06-10
"3647",11,6,2002,0.00187509286173634,2002,NA,2002-06-11
"3648",12,6,2002,0.00184726518006431,2002,NA,2002-06-12
"3649",13,6,2002,0.00181943749839228,2002,NA,2002-06-13
"3650",14,6,2002,0.00179160981672026,2002,NA,2002-06-14
"3651",15,6,2002,0.00176378213504823,2002,NA,2002-06-15
"3652",16,6,2002,0.00173595445337621,2002,NA,2002-06-16
"3653",17,6,2002,0.00170812677170418,2002,NA,2002-06-17
"3654",18,6,2002,0.00168029909003216,2002,NA,2002-06-18
"3655",19,6,2002,0.00165247140836013,2002,NA,2002-06-19
"3656",20,6,2002,0.0016246437266881,2002,NA,2002-06-20
"3657",21,6,2002,0.00159681604501608,2002,NA,2002-06-21
"3658",22,6,2002,0.00156898836334405,2002,NA,2002-06-22
"3659",23,6,2002,0.00154116068167203,2002,NA,2002-06-23
"3660",24,6,2002,0.001513333,2002,3.01224378881987e-05,2002-06-24
"3661",25,6,2002,0.00051625,2002,2.76482919254658e-05,2002-06-25
"3662",26,6,2002,3.08e-05,2002,2.51741459627329e-05,2002-06-26
"3663",27,6,2002,2.27e-05,2002,2.27e-05,2002-06-27
"3664",28,6,2002,0.005433125,2002,2.16681818181818e-05,2002-06-28
"3665",29,6,2002,0.004631458,2002,2.06363636363636e-05,2002-06-29
"3666",30,6,2002,0.0020175,2002,1.96045454545455e-05,2002-06-30
"3667",1,7,2002,0.002540833,2002,1.85727272727273e-05,2002-07-01
"3668",2,7,2002,0.00119125,2002,1.75409090909091e-05,2002-07-02
"3669",3,7,2002,0.002914167,2002,1.65090909090909e-05,2002-07-03
"3670",4,7,2002,0.002894792,2002,1.54772727272727e-05,2002-07-04
"3671",5,7,2002,0.00758375,2002,1.44454545454545e-05,2002-07-05
"3672",6,7,2002,0.005174167,2002,1.34136363636364e-05,2002-07-06
"3673",7,7,2002,0.009526458,2002,1.23818181818182e-05,2002-07-07
"3674",8,7,2002,0.003446458,2002,1.135e-05,2002-07-08
"3675",9,7,2002,0.001937083,2002,1.03181818181818e-05,2002-07-09
"3676",10,7,2002,0.006603542,2002,9.28636363636364e-06,2002-07-10
"3677",11,7,2002,0.002129792,2002,8.25454545454545e-06,2002-07-11
"3678",12,7,2002,0.000454375,2002,7.22272727272727e-06,2002-07-12
"3679",13,7,2002,0.000415417,2002,6.19090909090909e-06,2002-07-13
"3680",14,7,2002,0.00106875,2002,5.15909090909091e-06,2002-07-14
"3681",15,7,2002,0.000496875,2002,4.12727272727272e-06,2002-07-15
"3682",16,7,2002,0.000108125,2002,3.09545454545455e-06,2002-07-16
"3683",17,7,2002,3.5e-05,2002,2.06363636363636e-06,2002-07-17
"3684",18,7,2002,3.63e-05,2002,1.03181818181818e-06,2002-07-18
"3685",19,7,2002,0,2002,0,2002-07-19
"3686",20,7,2002,0,2002,0,2002-07-20
"3687",21,7,2002,0.000179375,2002,0,2002-07-21
"3688",22,7,2002,0.000882917,2002,0,2002-07-22
"3689",23,7,2002,0.000529167,2002,0,2002-07-23
"3690",24,7,2002,8.71e-05,2002,0,2002-07-24
"3691",25,7,2002,0,2002,0,2002-07-25
"3692",26,7,2002,0,2002,0,2002-07-26
"3693",27,7,2002,0,2002,0,2002-07-27
"3694",28,7,2002,0,2002,0,2002-07-28
"3695",29,7,2002,0,2002,0,2002-07-29
"3696",30,7,2002,0,2002,0,2002-07-30
"3697",31,7,2002,0,2002,0,2002-07-31
"3698",1,8,2002,0,2002,0,2002-08-01
"3699",2,8,2002,0,2002,0,2002-08-02
"3700",3,8,2002,0,2002,0,2002-08-03
"3701",4,8,2002,0,2002,0,2002-08-04
"3702",5,8,2002,0,2002,0,2002-08-05
"3703",6,8,2002,0,2002,0,2002-08-06
"3704",7,8,2002,0,2002,0,2002-08-07
"3705",8,8,2002,0,2002,0,2002-08-08
"3706",9,8,2002,0,2002,0,2002-08-09
"3707",10,8,2002,0,2002,0,2002-08-10
"3708",11,8,2002,0.001549792,2002,0,2002-08-11
"3709",12,8,2002,0.005943542,2002,0,2002-08-12
"3710",13,8,2002,0.007134444,2002,0,2002-08-13
"3711",14,8,2002,0.00710991143448276,2002,NA,2002-08-14
"3712",15,8,2002,0.00708537886896552,2002,NA,2002-08-15
"3713",16,8,2002,0.00706084630344828,2002,NA,2002-08-16
"3714",17,8,2002,0.00703631373793103,2002,NA,2002-08-17
"3715",18,8,2002,0.00701178117241379,2002,NA,2002-08-18
"3716",19,8,2002,0.00698724860689655,2002,NA,2002-08-19
"3717",20,8,2002,0.00696271604137931,2002,NA,2002-08-20
"3718",21,8,2002,0.00693818347586207,2002,NA,2002-08-21
"3719",22,8,2002,0.00691365091034483,2002,NA,2002-08-22
"3720",23,8,2002,0.00688911834482759,2002,NA,2002-08-23
"3721",24,8,2002,0.00686458577931034,2002,NA,2002-08-24
"3722",25,8,2002,0.0068400532137931,2002,NA,2002-08-25
"3723",26,8,2002,0.00681552064827586,2002,NA,2002-08-26
"3724",27,8,2002,0.00679098808275862,2002,NA,2002-08-27
"3725",28,8,2002,0.00676645551724138,2002,NA,2002-08-28
"3726",29,8,2002,0.00674192295172414,2002,NA,2002-08-29
"3727",30,8,2002,0.0067173903862069,2002,NA,2002-08-30
"3728",31,8,2002,0.00669285782068966,2002,NA,2002-08-31
"3971",1,5,2003,0.0007314444,2003,NA,2003-05-01
"3972",2,5,2003,0.000706911834482758,2003,NA,2003-05-02
"3973",3,5,2003,0.000682379268965517,2003,NA,2003-05-03
"3974",4,5,2003,0.000657846703448275,2003,NA,2003-05-04
"3975",5,5,2003,0.000633314137931034,2003,NA,2003-05-05
"3976",6,5,2003,0.000608781572413794,2003,NA,2003-05-06
"3977",7,5,2003,0.000584249006896552,2003,NA,2003-05-07
"3978",8,5,2003,0.000559716441379311,2003,NA,2003-05-08
"3979",9,5,2003,0.000535183875862069,2003,NA,2003-05-09
"3980",10,5,2003,0.000510651310344828,2003,NA,2003-05-10
"3981",11,5,2003,0.000486118744827587,2003,NA,2003-05-11
"3982",12,5,2003,0.000461586179310345,2003,NA,2003-05-12
"3983",13,5,2003,0.000437053613793104,2003,NA,2003-05-13
"3984",14,5,2003,0.000412521048275862,2003,NA,2003-05-14
"3985",15,5,2003,0.000387988482758621,2003,NA,2003-05-15
"3986",16,5,2003,0.00036345591724138,2003,NA,2003-05-16
"3987",17,5,2003,0.000338923351724138,2003,NA,2003-05-17
"3988",18,5,2003,0.000314390786206897,2003,NA,2003-05-18
"3989",19,5,2003,0.000289858220689655,2003,NA,2003-05-19
"3990",20,5,2003,0.000265325655172413,2003,NA,2003-05-20
"3991",21,5,2003,0.000240793089655172,2003,NA,2003-05-21
"3992",22,5,2003,0.000216260524137931,2003,NA,2003-05-22
"3993",23,5,2003,0.00019172795862069,2003,NA,2003-05-23
"3994",24,5,2003,0.000167195393103448,2003,NA,2003-05-24
"3995",25,5,2003,0.000142662827586207,2003,NA,2003-05-25
"3996",26,5,2003,0.000118130262068966,2003,NA,2003-05-26
"3997",27,5,2003,9.35976965517242e-05,2003,NA,2003-05-27
"3998",28,5,2003,6.90651310344828e-05,2003,NA,2003-05-28
"3999",29,5,2003,4.45325655172414e-05,2003,NA,2003-05-29
"4000",30,5,2003,2e-05,2003,0,2003-05-30
"4001",31,5,2003,0.00064,2003,NA,2003-05-31
"4002",1,6,2003,0.00126,2003,0,2003-06-01
"4003",2,6,2003,0.008835,2003,0,2003-06-02
"4004",3,6,2003,0.0201,2003,0,2003-06-03
"4005",4,6,2003,0.01904,2003,0,2003-06-04
"4006",5,6,2003,0.03846,2003,0,2003-06-05
"4007",6,6,2003,0.02335,2003,NA,2003-06-06
"4008",7,6,2003,0.00824,2003,0,2003-06-07
"4009",8,6,2003,0.0058,2003,NA,2003-06-08
"4010",9,6,2003,0.00336,2003,0,2003-06-09
"4011",10,6,2003,0.00313727272727273,2003,NA,2003-06-10
"4012",11,6,2003,0.00291454545454545,2003,NA,2003-06-11
"4013",12,6,2003,0.00269181818181818,2003,NA,2003-06-12
"4014",13,6,2003,0.00246909090909091,2003,NA,2003-06-13
"4015",14,6,2003,0.00224636363636364,2003,NA,2003-06-14
"4016",15,6,2003,0.00202363636363636,2003,NA,2003-06-15
"4017",16,6,2003,0.00180090909090909,2003,NA,2003-06-16
"4018",17,6,2003,0.00157818181818182,2003,NA,2003-06-17
"4019",18,6,2003,0.00135545454545455,2003,NA,2003-06-18
"4020",19,6,2003,0.00113272727272727,2003,NA,2003-06-19
"4021",20,6,2003,0.00091,2003,0,2003-06-20
"4022",21,6,2003,0.0006825,2003,NA,2003-06-21
"4023",22,6,2003,0.000455,2003,NA,2003-06-22
"4024",23,6,2003,0.0002275,2003,NA,2003-06-23
"4025",24,6,2003,0,2003,0,2003-06-24
"4026",25,6,2003,0,2003,0,2003-06-25
"4027",26,6,2003,0,2003,0,2003-06-26
"4028",27,6,2003,0,2003,0,2003-06-27
"4029",28,6,2003,0,2003,0,2003-06-28
"4030",29,6,2003,0,2003,0,2003-06-29
"4031",30,6,2003,0,2003,0,2003-06-30
"4032",1,7,2003,0,2003,0,2003-07-01
"4033",2,7,2003,0,2003,0,2003-07-02
"4034",3,7,2003,0.012236875,2003,1e-04,2003-07-03
"4035",4,7,2003,0.005188125,2003,0.000133333333333333,2003-07-04
"4036",5,7,2003,0.001081667,2003,0.000166666666666667,2003-07-05
"4037",6,7,2003,0.000298333,2003,2e-04,2003-07-06
"4038",7,7,2003,0.00884375,2003,0.000233333333333333,2003-07-07
"4039",8,7,2003,0.004045532,2003,0.000266666666666667,2003-07-08
"4040",9,7,2003,0.001033333,2003,3e-04,2003-07-09
"4041",10,7,2003,0.00047125,2003,0.000333333333333333,2003-07-10
"4042",11,7,2003,0.001702917,2003,0.000366666666666667,2003-07-11
"4043",12,7,2003,0.002474583,2003,4e-04,2003-07-12
"4044",13,7,2003,0.004704792,2003,0.000433333333333333,2003-07-13
"4045",14,7,2003,0.006365208,2003,0.000466666666666667,2003-07-14
"4046",15,7,2003,0.0052525,2003,5e-04,2003-07-15
"4047",16,7,2003,0.002802083,2003,0.000533333333333333,2003-07-16
"4048",17,7,2003,0.001835625,2003,0.000566666666666667,2003-07-17
"4049",18,7,2003,0.002012917,2003,6e-04,2003-07-18
"4050",19,7,2003,0.001227708,2003,0.000633333333333333,2003-07-19
"4051",20,7,2003,0.00075125,2003,0.000666666666666667,2003-07-20
"4052",21,7,2003,7e-04,2003,7e-04,2003-07-21
"4053",22,7,2003,0.00071625,2003,0.000711535105263158,2003-07-22
"4054",23,7,2003,0.001344792,2003,0.000723070210526316,2003-07-23
"4055",24,7,2003,0.001343958,2003,0.000734605315789474,2003-07-24
"4056",25,7,2003,0.010269167,2003,0.000746140421052632,2003-07-25
"4057",26,7,2003,0.016537083,2003,0.000757675526315789,2003-07-26
"4058",27,7,2003,0.005162917,2003,0.000769210631578947,2003-07-27
"4059",28,7,2003,0.00375375,2003,0.000780745736842105,2003-07-28
"4060",29,7,2003,0.002608958,2003,0.000792280842105263,2003-07-29
"4061",30,7,2003,0.002724375,2003,0.000803815947368421,2003-07-30
"4062",31,7,2003,0.003006667,2003,0.000815351052631579,2003-07-31
"4063",1,8,2003,0.003292708,2003,0.000826886157894737,2003-08-01
"4064",2,8,2003,0.002627083,2003,0.000838421263157895,2003-08-02
"4065",3,8,2003,0.003117917,2003,0.000849956368421053,2003-08-03
"4066",4,8,2003,0.002672292,2003,0.000861491473684211,2003-08-04
"4067",5,8,2003,0.002199792,2003,0.000873026578947368,2003-08-05
"4068",6,8,2003,0.001672292,2003,0.000884561684210526,2003-08-06
"4069",7,8,2003,0.001134792,2003,0.000896096789473684,2003-08-07
"4070",8,8,2003,0.00117625,2003,0.000907631894736842,2003-08-08
"4071",9,8,2003,0.000919167,2003,0.000919167,2003-08-09
"4072",10,8,2003,0.001169375,2003,0.00091624900952381,2003-08-10
"4073",11,8,2003,0.016533333,2003,0.000913331019047619,2003-08-11
"4074",12,8,2003,0.018058333,2003,0.000910413028571429,2003-08-12
"4075",13,8,2003,0.009871875,2003,0.000907495038095238,2003-08-13
"4076",14,8,2003,0.003563958,2003,0.000904577047619048,2003-08-14
"4077",15,8,2003,0.001772917,2003,0.000901659057142857,2003-08-15
"4078",16,8,2003,0.001305484,2003,0.000898741066666667,2003-08-16
"4079",17,8,2003,0.00130123411400651,2003,NA,2003-08-17
"4080",18,8,2003,0.00129698422801303,2003,NA,2003-08-18
"4081",19,8,2003,0.00129273434201954,2003,NA,2003-08-19
"4082",20,8,2003,0.00128848445602606,2003,NA,2003-08-20
"4083",21,8,2003,0.00128423457003257,2003,NA,2003-08-21
"4084",22,8,2003,0.00127998468403909,2003,NA,2003-08-22
"4085",23,8,2003,0.0012757347980456,2003,NA,2003-08-23
"4086",24,8,2003,0.00127148491205212,2003,NA,2003-08-24
"4087",25,8,2003,0.00126723502605863,2003,NA,2003-08-25
"4088",26,8,2003,0.00126298514006515,2003,NA,2003-08-26
"4089",27,8,2003,0.00125873525407166,2003,NA,2003-08-27
"4090",28,8,2003,0.00125448536807818,2003,NA,2003-08-28
"4091",29,8,2003,0.00125023548208469,2003,NA,2003-08-29
"4092",30,8,2003,0.00124598559609121,2003,NA,2003-08-30
"4093",31,8,2003,0.00124173571009772,2003,NA,2003-08-31
"4337",1,5,2004,0.000204763527687296,2004,NA,2004-05-01
"4338",2,5,2004,0.000200513641693811,2004,NA,2004-05-02
"4339",3,5,2004,0.000196263755700326,2004,NA,2004-05-03
"4340",4,5,2004,0.00019201386970684,2004,NA,2004-05-04
"4341",5,5,2004,0.000187763983713355,2004,NA,2004-05-05
"4342",6,5,2004,0.00018351409771987,2004,NA,2004-05-06
"4343",7,5,2004,0.000179264211726384,2004,NA,2004-05-07
"4344",8,5,2004,0.000175014325732899,2004,NA,2004-05-08
"4345",9,5,2004,0.000170764439739414,2004,NA,2004-05-09
"4346",10,5,2004,0.000166514553745928,2004,NA,2004-05-10
"4347",11,5,2004,0.000162264667752443,2004,NA,2004-05-11
"4348",12,5,2004,0.000158014781758958,2004,NA,2004-05-12
"4349",13,5,2004,0.000153764895765472,2004,NA,2004-05-13
"4350",14,5,2004,0.000149515009771987,2004,NA,2004-05-14
"4351",15,5,2004,0.000145265123778502,2004,NA,2004-05-15
"4352",16,5,2004,0.000141015237785016,2004,NA,2004-05-16
"4353",17,5,2004,0.000136765351791531,2004,NA,2004-05-17
"4354",18,5,2004,0.000132515465798046,2004,NA,2004-05-18
"4355",19,5,2004,0.00012826557980456,2004,NA,2004-05-19
"4356",20,5,2004,0.000124015693811075,2004,NA,2004-05-20
"4357",21,5,2004,0.00011976580781759,2004,NA,2004-05-21
"4358",22,5,2004,0.000115515921824104,2004,NA,2004-05-22
"4359",23,5,2004,0.000111266035830619,2004,NA,2004-05-23
"4360",24,5,2004,0.000107016149837134,2004,NA,2004-05-24
"4361",25,5,2004,0.000102766263843648,2004,NA,2004-05-25
"4362",26,5,2004,9.85163778501629e-05,2004,NA,2004-05-26
"4363",27,5,2004,9.42664918566775e-05,2004,NA,2004-05-27
"4364",28,5,2004,9.00166058631924e-05,2004,NA,2004-05-28
"4365",29,5,2004,8.5766719869707e-05,2004,NA,2004-05-29
"4366",30,5,2004,8.15168338762216e-05,2004,NA,2004-05-30
"4367",31,5,2004,7.72669478827362e-05,2004,NA,2004-05-31
"4368",1,6,2004,7.3017061889251e-05,2004,NA,2004-06-01
"4369",2,6,2004,6.87671758957656e-05,2004,NA,2004-06-02
"4370",3,6,2004,6.45172899022802e-05,2004,NA,2004-06-03
"4371",4,6,2004,6.02674039087948e-05,2004,NA,2004-06-04
"4372",5,6,2004,5.60175179153096e-05,2004,NA,2004-06-05
"4373",6,6,2004,5.17676319218242e-05,2004,NA,2004-06-06
"4374",7,6,2004,4.75177459283388e-05,2004,NA,2004-06-07
"4375",8,6,2004,4.32678599348534e-05,2004,NA,2004-06-08
"4376",9,6,2004,3.90179739413682e-05,2004,NA,2004-06-09
"4377",10,6,2004,3.47680879478828e-05,2004,NA,2004-06-10
"4378",11,6,2004,3.05182019543974e-05,2004,NA,2004-06-11
"4379",12,6,2004,2.6268315960912e-05,2004,NA,2004-06-12
"4380",13,6,2004,2.20184299674268e-05,2004,NA,2004-06-13
"4381",14,6,2004,1.77685439739414e-05,2004,NA,2004-06-14
"4382",15,6,2004,1.35186579804561e-05,2004,NA,2004-06-15
"4383",16,6,2004,9.26877198697065e-06,2004,NA,2004-06-16
"4384",17,6,2004,5.01888599348547e-06,2004,NA,2004-06-17
"4385",18,6,2004,7.69e-07,2004,7.69e-07,2004-06-18
"4386",19,6,2004,0,2004,0,2004-06-19
"4387",20,6,2004,0,2004,0,2004-06-20
"4388",21,6,2004,0,2004,0,2004-06-21
"4389",22,6,2004,0,2004,0,2004-06-22
"4390",23,6,2004,0,2004,0,2004-06-23
"4391",24,6,2004,0,2004,0,2004-06-24
"4392",25,6,2004,0,2004,0,2004-06-25
"4393",26,6,2004,0,2004,0,2004-06-26
"4394",27,6,2004,0,2004,0,2004-06-27
"4395",28,6,2004,0,2004,0,2004-06-28
"4396",29,6,2004,0,2004,0,2004-06-29
"4397",30,6,2004,0,2004,0,2004-06-30
"4398",1,7,2004,0,2004,0,2004-07-01
"4399",2,7,2004,0,2004,0,2004-07-02
"4400",3,7,2004,0,2004,0,2004-07-03
"4401",4,7,2004,0,2004,0,2004-07-04
"4402",5,7,2004,0,2004,0,2004-07-05
"4403",6,7,2004,0,2004,0,2004-07-06
"4404",7,7,2004,0.000763125,2004,2.0825e-06,2004-07-07
"4405",8,7,2004,0.004921042,2004,2.77666666666667e-06,2004-07-08
"4406",9,7,2004,0.010404375,2004,3.47083333333333e-06,2004-07-09
"4407",10,7,2004,0.015642708,2004,4.165e-06,2004-07-10
"4408",11,7,2004,0.010110625,2004,4.85916666666667e-06,2004-07-11
"4409",12,7,2004,0.003187083,2004,5.55333333333333e-06,2004-07-12
"4410",13,7,2004,0.001178958,2004,6.2475e-06,2004-07-13
"4411",14,7,2004,0.000265625,2004,6.94166666666667e-06,2004-07-14
"4412",15,7,2004,1.13e-05,2004,7.63583333333333e-06,2004-07-15
"4413",16,7,2004,8.33e-06,2004,8.33e-06,2004-07-16
"4414",17,7,2004,0.001937917,2004,7.935e-06,2004-07-17
"4415",18,7,2004,0.01291625,2004,7.54e-06,2004-07-18
"4416",19,7,2004,0.013208125,2004,7.145e-06,2004-07-19
"4417",20,7,2004,0.005420417,2004,6.75e-06,2004-07-20
"4418",21,7,2004,0.003455833,2004,6.355e-06,2004-07-21
"4419",22,7,2004,0.002114167,2004,5.96e-06,2004-07-22
"4420",23,7,2004,0.001312292,2004,5.565e-06,2004-07-23
"4421",24,7,2004,0.000705625,2004,5.17e-06,2004-07-24
"4422",25,7,2004,0.000172708,2004,4.775e-06,2004-07-25
"4423",26,7,2004,4.38e-06,2004,4.38e-06,2004-07-26
"4424",27,7,2004,0.000115833,2004,4.75466666666667e-06,2004-07-27
"4425",28,7,2004,0.003072083,2004,5.12933333333333e-06,2004-07-28
"4426",29,7,2004,0.003501458,2004,5.504e-06,2004-07-29
"4427",30,7,2004,0.002452917,2004,5.87866666666667e-06,2004-07-30
"4428",31,7,2004,0.016757708,2004,6.25333333333333e-06,2004-07-31
"4429",1,8,2004,0.009890833,2004,6.628e-06,2004-08-01
"4430",2,8,2004,0.004362292,2004,7.00266666666667e-06,2004-08-02
"4431",3,8,2004,0.009812708,2004,7.37733333333333e-06,2004-08-03
"4432",4,8,2004,0.004947917,2004,7.752e-06,2004-08-04
"4433",5,8,2004,0.002323958,2004,8.12666666666667e-06,2004-08-05
"4434",6,8,2004,0.001279167,2004,8.50133333333333e-06,2004-08-06
"4435",7,8,2004,0.000697708,2004,8.876e-06,2004-08-07
"4436",8,8,2004,0.000310417,2004,9.25066666666667e-06,2004-08-08
"4437",9,8,2004,7.96e-05,2004,9.62533333333333e-06,2004-08-09
"4438",10,8,2004,1e-05,2004,1e-05,2004-08-10
"4439",11,8,2004,1e-05,2004,9.96794871794872e-06,2004-08-11
"4440",12,8,2004,1e-05,2004,9.93589743589744e-06,2004-08-12
"4441",13,8,2004,0.00188625,2004,9.90384615384615e-06,2004-08-13
"4442",14,8,2004,0.006201667,2004,9.87179487179487e-06,2004-08-14
"4443",15,8,2004,0.002955625,2004,9.83974358974359e-06,2004-08-15
"4444",16,8,2004,0.001542708,2004,9.80769230769231e-06,2004-08-16
"4445",17,8,2004,0.000995862,2004,9.77564102564103e-06,2004-08-17
"4446",18,8,2004,0.000994075793333333,2004,NA,2004-08-18
"4447",19,8,2004,0.000992289586666667,2004,NA,2004-08-19
"4448",20,8,2004,0.00099050338,2004,NA,2004-08-20
"4449",21,8,2004,0.000988717173333333,2004,NA,2004-08-21
"4450",22,8,2004,0.000986930966666667,2004,NA,2004-08-22
"4451",23,8,2004,0.00098514476,2004,NA,2004-08-23
"4452",24,8,2004,0.000983358553333333,2004,NA,2004-08-24
"4453",25,8,2004,0.000981572346666667,2004,NA,2004-08-25
"4454",26,8,2004,0.00097978614,2004,NA,2004-08-26
"4455",27,8,2004,0.000977999933333333,2004,NA,2004-08-27
"4456",28,8,2004,0.000976213726666667,2004,NA,2004-08-28
"4457",29,8,2004,0.00097442752,2004,NA,2004-08-29
"4458",30,8,2004,0.000972641313333333,2004,NA,2004-08-30
"4459",31,8,2004,0.000970855106666667,2004,NA,2004-08-31
"4702",1,5,2005,0.000536806886666667,2005,NA,2005-05-01
"4703",2,5,2005,0.00053502068,2005,NA,2005-05-02
"4704",3,5,2005,0.000533234473333333,2005,NA,2005-05-03
"4705",4,5,2005,0.000531448266666667,2005,NA,2005-05-04
"4706",5,5,2005,0.00052966206,2005,NA,2005-05-05
"4707",6,5,2005,0.000527875853333333,2005,NA,2005-05-06
"4708",7,5,2005,0.000526089646666667,2005,NA,2005-05-07
"4709",8,5,2005,0.00052430344,2005,NA,2005-05-08
"4710",9,5,2005,0.000522517233333333,2005,NA,2005-05-09
"4711",10,5,2005,0.000520731026666667,2005,NA,2005-05-10
"4712",11,5,2005,0.00051894482,2005,NA,2005-05-11
"4713",12,5,2005,0.000517158613333333,2005,NA,2005-05-12
"4714",13,5,2005,0.000515372406666667,2005,NA,2005-05-13
"4715",14,5,2005,0.0005135862,2005,NA,2005-05-14
"4716",15,5,2005,0.000511799993333333,2005,NA,2005-05-15
"4717",16,5,2005,0.000510013786666667,2005,NA,2005-05-16
"4718",17,5,2005,0.00050822758,2005,NA,2005-05-17
"4719",18,5,2005,0.000506441373333333,2005,NA,2005-05-18
"4720",19,5,2005,0.000504655166666667,2005,NA,2005-05-19
"4721",20,5,2005,0.00050286896,2005,NA,2005-05-20
"4722",21,5,2005,0.000501082753333333,2005,NA,2005-05-21
"4723",22,5,2005,0.000499296546666667,2005,NA,2005-05-22
"4724",23,5,2005,0.00049751034,2005,NA,2005-05-23
"4725",24,5,2005,0.000495724133333333,2005,NA,2005-05-24
"4726",25,5,2005,0.000493937926666667,2005,NA,2005-05-25
"4727",26,5,2005,0.00049215172,2005,NA,2005-05-26
"4728",27,5,2005,0.000490365513333333,2005,NA,2005-05-27
"4729",28,5,2005,0.000488579306666667,2005,NA,2005-05-28
"4730",29,5,2005,0.0004867931,2005,NA,2005-05-29
"4731",30,5,2005,0.000485006893333333,2005,NA,2005-05-30
"4732",31,5,2005,0.000483220686666667,2005,NA,2005-05-31
"4733",1,6,2005,0.00048143448,2005,NA,2005-06-01
"4734",2,6,2005,0.000479648273333333,2005,NA,2005-06-02
"4735",3,6,2005,0.000477862066666667,2005,NA,2005-06-03
"4736",4,6,2005,0.00047607586,2005,NA,2005-06-04
"4737",5,6,2005,0.000474289653333333,2005,NA,2005-06-05
"4738",6,6,2005,0.000472503446666667,2005,NA,2005-06-06
"4739",7,6,2005,0.00047071724,2005,NA,2005-06-07
"4740",8,6,2005,0.000468931033333333,2005,NA,2005-06-08
"4741",9,6,2005,0.000467144826666667,2005,NA,2005-06-09
"4742",10,6,2005,0.00046535862,2005,NA,2005-06-10
"4743",11,6,2005,0.000463572413333333,2005,NA,2005-06-11
"4744",12,6,2005,0.000461786206666667,2005,NA,2005-06-12
"4745",13,6,2005,0.00046,2005,1.6025641025641e-07,2005-06-13
"4746",14,6,2005,0.000392292,2005,1.28205128205128e-07,2005-06-14
"4747",15,6,2005,0.000261042,2005,9.61538461538463e-08,2005-06-15
"4748",16,6,2005,0.00012,2005,6.41025641025642e-08,2005-06-16
"4749",17,6,2005,8.4e-05,2005,3.20512820512821e-08,2005-06-17
"4750",18,6,2005,0,2005,0,2005-06-18
"4751",19,6,2005,0,2005,0,2005-06-19
"4752",20,6,2005,0,2005,0,2005-06-20
"4753",21,6,2005,0,2005,0,2005-06-21
"4754",22,6,2005,0,2005,0,2005-06-22
"4755",23,6,2005,0,2005,0,2005-06-23
"4756",24,6,2005,0,2005,0,2005-06-24
"4757",25,6,2005,0,2005,0,2005-06-25
"4758",26,6,2005,0,2005,0,2005-06-26
"4759",27,6,2005,0,2005,0,2005-06-27
"4760",28,6,2005,0,2005,0,2005-06-28
"4761",29,6,2005,0,2005,0,2005-06-29
"4762",30,6,2005,0,2005,0,2005-06-30
"4763",1,7,2005,0,2005,0,2005-07-01
"4764",2,7,2005,0,2005,0,2005-07-02
"4765",3,7,2005,0,2005,0,2005-07-03
"4766",4,7,2005,0,2005,0,2005-07-04
"4767",5,7,2005,0,2005,0,2005-07-05
"4768",6,7,2005,0.003325417,2005,0,2005-07-06
"4769",7,7,2005,0.003960208,2005,0,2005-07-07
"4770",8,7,2005,0.001897708,2005,0,2005-07-08
"4771",9,7,2005,0.0024825,2005,0,2005-07-09
"4772",10,7,2005,0.003076458,2005,0,2005-07-10
"4773",11,7,2005,0.004584583,2005,0,2005-07-11
"4774",12,7,2005,0.00539375,2005,0,2005-07-12
"4775",13,7,2005,0.004348958,2005,0,2005-07-13
"4776",14,7,2005,0.002,2005,0,2005-07-14
"4777",15,7,2005,0.000834792,2005,0,2005-07-15
"4778",16,7,2005,0.000404792,2005,0,2005-07-16
"4779",17,7,2005,0.00037,2005,0,2005-07-17
"4780",18,7,2005,0.00037,2005,0,2005-07-18
"4781",19,7,2005,0.000275833,2005,0,2005-07-19
"4782",20,7,2005,2e-04,2005,0,2005-07-20
"4783",21,7,2005,0.000164167,2005,0,2005-07-21
"4784",22,7,2005,9.13e-05,2005,0,2005-07-22
"4785",23,7,2005,2.25e-05,2005,0,2005-07-23
"4786",24,7,2005,0,2005,0,2005-07-24
"4787",25,7,2005,0,2005,0,2005-07-25
"4788",26,7,2005,0,2005,0,2005-07-26
"4789",27,7,2005,0,2005,0,2005-07-27
"4790",28,7,2005,0,2005,0,2005-07-28
"4791",29,7,2005,0,2005,0,2005-07-29
"4792",30,7,2005,0,2005,0,2005-07-30
"4793",31,7,2005,0,2005,0,2005-07-31
"4794",1,8,2005,0,2005,0,2005-08-01
"4795",2,8,2005,0,2005,0,2005-08-02
"4796",3,8,2005,0,2005,0,2005-08-03
"4797",4,8,2005,0,2005,0,2005-08-04
"4798",5,8,2005,0,2005,0,2005-08-05
"4799",6,8,2005,0,2005,0,2005-08-06
"4800",7,8,2005,0,2005,0,2005-08-07
"4801",8,8,2005,0,2005,0,2005-08-08
"4802",9,8,2005,0,2005,NA,2005-08-09
"4803",10,8,2005,0,2005,NA,2005-08-10
"4804",11,8,2005,0,2005,NA,2005-08-11
"4805",12,8,2005,0,2005,NA,2005-08-12
"4806",13,8,2005,0,2005,NA,2005-08-13
"4807",14,8,2005,0,2005,NA,2005-08-14
"4808",15,8,2005,0,2005,NA,2005-08-15
