"","site.name","year","slope","pvalue","LTER","n","sig","sig_slopes"
"1","ALBION",1982,-1.78879537219456,0.0141604713170125,"NWT",21,"sig",-1.78879537219456
"2","ALBION",1984,-0.40835098627037,0.385907464405319,"NWT",23,"not sig",NA
"3","ALBION",1985,-0.457233507051193,0.0832984398214916,"NWT",36,"sig",-0.457233507051193
"4","ALBION",1986,-0.360396499496617,0.373500484644788,"NWT",31,"not sig",NA
"5","ALBION",1987,-0.532944664094562,0.0043044722542895,"NWT",18,"sig",-0.532944664094562
"6","ALBION",1988,0.598297850365119,0.366287590147925,"NWT",14,"not sig",NA
"7","ALBION",1989,-0.926481678856129,0.0345916327647859,"NWT",17,"sig",-0.926481678856129
"8","ALBION",1990,-1.93737788626332,0.00884556888222283,"NWT",19,"sig",-1.93737788626332
"9","ALBION",1991,-0.52616672925448,0.581261449839772,"NWT",20,"not sig",NA
"10","ALBION",1992,-0.717722949720712,0.0692964969061373,"NWT",19,"sig",-0.717722949720712
"11","ALBION",1993,-0.00336483904156902,0.991417356389234,"NWT",32,"not sig",NA
"12","ALBION",1994,-0.0218722248773606,0.960637195968223,"NWT",38,"not sig",NA
"13","ALBION",1995,-0.00942780609760262,0.984679301477926,"NWT",31,"not sig",NA
"14","ALBION",1996,-0.194858420453337,0.593288079726711,"NWT",33,"not sig",NA
"15","ALBION",1997,-0.422432940248569,0.499361565514819,"NWT",31,"not sig",NA
"16","ALBION",1998,-1.07228500396025,0.116908386127636,"NWT",31,"not sig",NA
"17","ALBION",1999,0.571806624487332,0.518886491686172,"NWT",32,"not sig",NA
"18","ALBION",2000,0.100506862431594,0.908464286386254,"NWT",31,"not sig",NA
"19","ALBION",2001,0.970453417922301,0.211609815955853,"NWT",35,"not sig",NA
"20","ALBION",2002,0.0284282718401358,0.868686911791697,"NWT",33,"not sig",NA
"21","ALBION",2003,-1.09073396909741,0.0416574104047376,"NWT",29,"sig",-1.09073396909741
"22","ALBION",2004,0.356644407702889,0.51723170189158,"NWT",32,"not sig",NA
"23","ALBION",2005,0.0934438155151697,0.93365526562435,"NWT",32,"not sig",NA
"24","ALBION",2006,-1.6082464968275,0.161786306219577,"NWT",29,"not sig",NA
"25","ALBION",2007,-0.0956131520252165,0.823712988201957,"NWT",32,"not sig",NA
"26","ALBION",2008,-0.330426349185033,0.601148421397352,"NWT",21,"not sig",NA
"27","ALBION",2009,1.48843256163841,0.00063260309351737,"NWT",28,"sig",1.48843256163841
"28","ALBION",2010,0.709523064130725,0.157237910910431,"NWT",27,"not sig",NA
"29","ALBION",2011,-0.125270089677271,0.745991549917932,"NWT",25,"not sig",NA
"30","ALBION",2012,-0.367010608125736,0.0676828837108829,"NWT",29,"sig",-0.367010608125736
"31","ALBION",2013,-0.413201971515433,0.23225452848911,"NWT",22,"not sig",NA
"32","ALBION",2014,-0.0814333514653231,0.890602020648142,"NWT",23,"not sig",NA
"33","ALBION",2015,1.09244814296807,0.221407792097103,"NWT",20,"not sig",NA
"34","ALBION",2016,-1.12887171746782,0.084079055196144,"NWT",24,"sig",-1.12887171746782
"35","ALBION",2017,0.151844367596055,0.84132485738564,"NWT",22,"not sig",NA
"36","ALBION",2018,0.828894885251263,0.0217893714003411,"NWT",24,"sig",0.828894885251263
"37","Andersen Creek at H1",1995,-0.465617534417259,0.521187977222628,"MCM",3,"not sig",NA
"38","Andersen Creek at H1",1996,-4.35076939141098,0.189628860278828,"MCM",4,"not sig",NA
"39","Andersen Creek at H1",1998,-2.28778184304212,0.0278689285375112,"MCM",5,"sig",-2.28778184304212
"40","Andersen Creek at H1",1999,-1.01874408704168,0.104581908470824,"MCM",11,"not sig",NA
"41","Andersen Creek at H1",2004,-2.26757174071999,NA,"MCM",2,NA,NA
"42","Andersen Creek at H1",2006,0.209152683691563,0.662362848328943,"MCM",6,"not sig",NA
"43","Andersen Creek at H1",2007,-0.471504290144731,0.812908539084482,"MCM",3,"not sig",NA
"44","Andersen Creek at H1",2008,-2.38486131846456,0.0402095981811471,"MCM",7,"sig",-2.38486131846456
"45","Andersen Creek at H1",2010,-2.20611663542337,0.00659647152612104,"MCM",7,"sig",-2.20611663542337
"46","Andersen Creek at H1",2012,-0.660226690093731,0.239478951233942,"MCM",7,"not sig",NA
"47","Andersen Creek at H1",2013,-1.3547979343016,0.0393192758376543,"MCM",4,"sig",-1.3547979343016
"48","Andersen Creek at H1",2014,-6.32054034796659,0.285093878974124,"MCM",3,"not sig",NA
"49","Andersen Creek at H1",2019,-0.655072903335333,0.615971933842373,"MCM",4,"not sig",NA
"50","Canada Stream at F1",1994,-3.95464050310075,0.0573463873495723,"MCM",3,"sig",-3.95464050310075
"51","Canada Stream at F1",1995,-7.50545920135373,0.624555634064909,"MCM",3,"not sig",NA
"52","Canada Stream at F1",1996,-4.42355102207699,0.00574567841535016,"MCM",6,"sig",-4.42355102207699
"53","Canada Stream at F1",1997,-5.98513605447386,0.0422826516267108,"MCM",4,"sig",-5.98513605447386
"54","Canada Stream at F1",1998,-3.29395440122945,0.175795575230686,"MCM",4,"not sig",NA
"55","Canada Stream at F1",1999,-4.99638625344357,0.321351259363544,"MCM",5,"not sig",NA
"56","Canada Stream at F1",2000,-10.5007815173565,0.00782370723940017,"MCM",8,"sig",-10.5007815173565
"57","Canada Stream at F1",2001,-3.54685691827683,0.00054212842138144,"MCM",8,"sig",-3.54685691827683
"58","Canada Stream at F1",2002,-3.72412719607706,0.0119450133896404,"MCM",4,"sig",-3.72412719607706
"59","Canada Stream at F1",2003,-1.63032756527931,0.358169304425946,"MCM",4,"not sig",NA
"60","Canada Stream at F1",2004,-3.11767268354827,0.0450478052272893,"MCM",7,"sig",-3.11767268354827
"61","Canada Stream at F1",2005,-2.12129192935393,0.029380496254548,"MCM",6,"sig",-2.12129192935393
"62","Canada Stream at F1",2006,-3.4405354491303,0.00224261114146149,"MCM",5,"sig",-3.4405354491303
"63","Canada Stream at F1",2008,-3.81584576268999,0.00037472684538773,"MCM",10,"sig",-3.81584576268999
"64","Canada Stream at F1",2010,-0.98892077830453,0.463760857526093,"MCM",11,"not sig",NA
"65","Canada Stream at F1",2011,-2.58965617794782,0.00034574764681107,"MCM",7,"sig",-2.58965617794782
"66","Canada Stream at F1",2012,-1.99052373628701,0.0106775620628642,"MCM",10,"sig",-1.99052373628701
"67","Canada Stream at F1",2013,-3.778152683475,0.00882365261714371,"MCM",7,"sig",-3.778152683475
"68","Canada Stream at F1",2014,-4.94890176333426,0.0655852895270574,"MCM",7,"sig",-4.94890176333426
"69","Canada Stream at F1",2017,-1.72536678530257,0.196582504924023,"MCM",9,"not sig",NA
"70","Canada Stream at F1",2018,-3.59182681032047,0.00064327310944541,"MCM",10,"sig",-3.59182681032047
"71","Canada Stream at F1",2019,-6.62949032725773,0.509705233373534,"MCM",4,"not sig",NA
"72","Green Creek at F9",1995,-4.25842670919682,0.235604892251629,"MCM",4,"not sig",NA
"73","Green Creek at F9",1996,-1.19355389759157,0.524397869599587,"MCM",5,"not sig",NA
"74","Green Creek at F9",1997,-3.22916263292561,0.507673431812972,"MCM",3,"not sig",NA
"75","Green Creek at F9",1998,-5.30367982369717,0.0200164254079111,"MCM",5,"sig",-5.30367982369717
"76","Green Creek at F9",1999,-2.71997236709785,0.0446144770766147,"MCM",7,"sig",-2.71997236709785
"77","Green Creek at F9",2002,-3.27017158186722,0.00927756962980705,"MCM",4,"sig",-3.27017158186722
"78","Green Creek at F9",2003,-2.65064647605781,0.00881185437630436,"MCM",6,"sig",-2.65064647605781
"79","Green Creek at F9",2004,-4.59278061686057,0.00972824026225668,"MCM",7,"sig",-4.59278061686057
"80","Green Creek at F9",2005,-1.81297770773958,0.0461143279834565,"MCM",7,"sig",-1.81297770773958
"81","Green Creek at F9",2006,0.218389242241849,0.5194826555118,"MCM",4,"not sig",NA
"82","Green Creek at F9",2007,-1.61522280739113,0.0245192757207095,"MCM",7,"sig",-1.61522280739113
"83","Green Creek at F9",2008,-2.19582887016606,0.0398499668084033,"MCM",9,"sig",-2.19582887016606
"84","Green Creek at F9",2009,-3.87506706552928,0.00361296245719159,"MCM",11,"sig",-3.87506706552928
"85","Green Creek at F9",2010,-0.78283427065338,0.372080411395933,"MCM",10,"not sig",NA
"86","Green Creek at F9",2011,-1.08363441172291,0.127655882404934,"MCM",10,"not sig",NA
"87","Green Creek at F9",2012,-3.62870970850493,0.0424906692283924,"MCM",6,"sig",-3.62870970850493
"88","Green Creek at F9",2014,-4.10925485612069,0.0666813221395895,"MCM",6,"sig",-4.10925485612069
"89","Green Creek at F9",2015,-4.94455371727199,0.00149622890742835,"MCM",9,"sig",-4.94455371727199
"90","Green Creek at F9",2016,-4.57035253699185,0.00726894852317928,"MCM",7,"sig",-4.57035253699185
"91","Green Creek at F9",2017,-6.18574177815691,0.00314197748850928,"MCM",7,"sig",-6.18574177815691
"92","Green Creek at F9",2018,-0.180828061175902,0.564448638616695,"MCM",10,"not sig",NA
"93","Green Creek at F9",2019,-6.36859196043344,0.00528983103117099,"MCM",5,"sig",-6.36859196043344
"94","Imnavait Weir",1994,-3.13141673899134,3.472581869286e-06,"ARC",29,"sig",-3.13141673899134
"95","Imnavait Weir",2002,1.96416310735298,0.013104934340353,"ARC",33,"sig",1.96416310735298
"96","Imnavait Weir",2003,0.388325546747573,0.290123464378634,"ARC",96,"not sig",NA
"97","Imnavait Weir",2004,0.294801319449218,0.111221336852588,"ARC",99,"not sig",NA
"98","Imnavait Weir",2005,-0.814152869781224,0.0764942700643513,"ARC",45,"sig",-0.814152869781224
"99","Imnavait Weir",2006,0.528929840111794,0.165215260268048,"ARC",61,"not sig",NA
"100","Imnavait Weir",2008,-1.02552041889598,0.0818362819196521,"ARC",73,"sig",-1.02552041889598
"101","Imnavait Weir",2009,0.451094466182678,0.28978598955594,"ARC",41,"not sig",NA
"102","Kolyma",2004,-2.32545784095263,0.00027496049231626,"GRO",7,"sig",-2.32545784095263
"103","Kolyma",2005,-6.00018498541613,0.0076971665752426,"GRO",7,"sig",-6.00018498541613
"104","Kolyma",2006,-4.5906506559951,NA,"GRO",2,NA,NA
"105","Kolyma",2009,0.0622873561316251,0.571898908659626,"GRO",12,"not sig",NA
"106","Kolyma",2010,0.517769629108056,0.27865970231731,"GRO",10,"not sig",NA
"107","Kolyma",2011,-0.283540427634115,0.175485103522257,"GRO",10,"not sig",NA
"108","Kolyma",2012,-5.51336092683597,0.279079925961317,"GRO",4,"not sig",NA
"109","Kolyma",2013,-8.45622851983843,0.0216076504294318,"GRO",5,"sig",-8.45622851983843
"110","Kolyma",2014,-3.06650563037022,0.0328007009600194,"GRO",6,"sig",-3.06650563037022
"111","Kolyma",2015,-7.61128646554789,0.00281728605610134,"GRO",6,"sig",-7.61128646554789
"112","Kolyma",2016,-5.11366882421083,0.0492991811948084,"GRO",6,"sig",-5.11366882421083
"113","Kolyma",2017,-2.45817823083173,0.125074653425397,"GRO",6,"not sig",NA
"114","Kolyma",2018,-8.9835290713855,0.00163146918319349,"GRO",5,"sig",-8.9835290713855
"115","Kolyma",2019,-7.1141129288347,0.0382060009842239,"GRO",4,"sig",-7.1141129288347
"116","Lawson Creek at B3",1996,-0.0892482004824789,0.299701140509614,"MCM",3,"not sig",NA
"117","Lawson Creek at B3",1997,-1.51673457899977,0.0273738632493688,"MCM",5,"sig",-1.51673457899977
"118","Lawson Creek at B3",1998,-5.16683154918249,0.172115294820544,"MCM",4,"not sig",NA
"119","Lawson Creek at B3",1999,-1.93239578512538,0.030910887170615,"MCM",5,"sig",-1.93239578512538
"120","Lawson Creek at B3",2001,-1.56123473857351,0.0438708741792249,"MCM",6,"sig",-1.56123473857351
"121","Lawson Creek at B3",2002,-1.81879505888906,0.034827834128556,"MCM",6,"sig",-1.81879505888906
"122","Lawson Creek at B3",2003,-2.23582579148975,0.267221236986904,"MCM",5,"not sig",NA
"123","Lawson Creek at B3",2004,-1.7151233140296,0.0513947522551909,"MCM",7,"sig",-1.7151233140296
"124","Lawson Creek at B3",2005,-2.06243399150317,0.00970762551513839,"MCM",5,"sig",-2.06243399150317
"125","Lawson Creek at B3",2006,-0.885157375838328,0.244895779134165,"MCM",5,"not sig",NA
"126","Lawson Creek at B3",2008,-2.13344962641699,0.0234389253054243,"MCM",8,"sig",-2.13344962641699
"127","Lawson Creek at B3",2011,-0.440355021765009,0.647384858144814,"MCM",5,"not sig",NA
"128","Lawson Creek at B3",2012,-1.3806793336384,0.0273752856242246,"MCM",7,"sig",-1.3806793336384
"129","Lawson Creek at B3",2013,-0.281953575352886,0.349032864486345,"MCM",3,"not sig",NA
"130","Lawson Creek at B3",2014,-2.14327591412427,0.0533394286444844,"MCM",7,"sig",-2.14327591412427
"131","Lawson Creek at B3",2015,-2.10479426681453,0.00236576559261928,"MCM",8,"sig",-2.10479426681453
"132","Lawson Creek at B3",2016,0.0354565540381714,0.977146977212779,"MCM",6,"not sig",NA
"133","Lawson Creek at B3",2019,-0.700114785071212,0.36383225799492,"MCM",4,"not sig",NA
"134","Lena",2004,-4.17490406464949,0.0159778930580978,"GRO",7,"sig",-4.17490406464949
"135","Lena",2005,-2.91284887846298,0.0421427544627666,"GRO",7,"sig",-2.91284887846298
"136","Lena",2006,-3.51657475014865,NA,"GRO",2,NA,NA
"137","Lena",2009,-1.43255777976302,0.024304859143819,"GRO",29,"sig",-1.43255777976302
"138","Lena",2010,-4.04082025001835,1.11907158103297e-06,"GRO",30,"sig",-4.04082025001835
"139","Lena",2011,-2.81451711397245,0.0001398613690054,"GRO",30,"sig",-2.81451711397245
"140","Lena",2012,-3.43243102096491,0.268372756774005,"GRO",3,"not sig",NA
"141","Lena",2013,-3.80840044673098,0.00115195833334377,"GRO",6,"sig",-3.80840044673098
"142","Lena",2014,-4.43918473030711,0.0012106161398141,"GRO",6,"sig",-4.43918473030711
"143","Lena",2015,-6.66682863049833,0.00903494354670847,"GRO",6,"sig",-6.66682863049833
"144","Lena",2016,-6.01320793387266,0.00012665076834018,"GRO",6,"sig",-6.01320793387266
"145","Lena",2017,-4.3585454246676,0.0410575259336624,"GRO",6,"sig",-4.3585454246676
"146","Lena",2018,-6.95160433457495,0.0263627617831445,"GRO",6,"sig",-6.95160433457495
"147","Lena",2019,-4.43909953246508,0.0444150079924826,"GRO",4,"sig",-4.43909953246508
"148","Mackenzie",2004,-6.68063008225373,0.0564594489021213,"GRO",7,"sig",-6.68063008225373
"149","Mackenzie",2005,-5.86441749765102,0.161906673713345,"GRO",7,"not sig",NA
"150","Mackenzie",2009,-0.703106753020784,0.0107885444336905,"GRO",22,"sig",-0.703106753020784
"151","Mackenzie",2010,-1.54457076802269,0.00061954622923929,"GRO",35,"sig",-1.54457076802269
"152","Mackenzie",2011,-0.809098471851241,0.0143412737760119,"GRO",35,"sig",-0.809098471851241
"153","Mackenzie",2012,-5.12849567549967,0.136816579293957,"GRO",5,"not sig",NA
"154","Mackenzie",2013,-5.89447191499166,0.00670163230494965,"GRO",6,"sig",-5.89447191499166
"155","Mackenzie",2014,-2.94307767852407,0.247154868873922,"GRO",6,"not sig",NA
"156","Mackenzie",2015,-4.32108213860324,0.0595010158471255,"GRO",6,"sig",-4.32108213860324
"157","Mackenzie",2016,-2.48987345024835,0.092553722231011,"GRO",6,"sig",-2.48987345024835
"158","Mackenzie",2017,2.64425200075371,0.532746667835824,"GRO",6,"not sig",NA
"159","Mackenzie",2018,-3.46045186307402,0.714072576346861,"GRO",4,"not sig",NA
"160","Mackenzie",2019,-7.92846383214423,0.00427536030051729,"GRO",4,"sig",-7.92846383214423
"161","MARTINELLI",1984,-0.989968670266684,0.40440126489521,"NWT",20,"not sig",NA
"162","MARTINELLI",1985,0.291481489911406,0.536545308924704,"NWT",19,"not sig",NA
"163","MARTINELLI",1986,1.08350766070317,0.0523942107665223,"NWT",18,"sig",1.08350766070317
"164","MARTINELLI",1987,0.5496845289397,0.0935755591075205,"NWT",12,"sig",0.5496845289397
"165","MARTINELLI",1988,1.35587945503937,0.111600622538172,"NWT",7,"not sig",NA
"166","MARTINELLI",1989,0.71394689061568,0.286432594600568,"NWT",8,"not sig",NA
"167","MARTINELLI",1990,-4.04713483240819,0.00610762835439883,"NWT",9,"sig",-4.04713483240819
"168","MARTINELLI",1991,-0.455611521881666,0.560900742266403,"NWT",11,"not sig",NA
"169","MARTINELLI",1993,0.813811028518328,0.172905847038403,"NWT",21,"not sig",NA
"170","MARTINELLI",1994,-0.669338049846688,0.257603762430704,"NWT",20,"not sig",NA
"171","MARTINELLI",1995,0.206427917324151,0.601960129660969,"NWT",19,"not sig",NA
"172","MARTINELLI",1996,0.326515951668961,0.599285096585858,"NWT",18,"not sig",NA
"173","MARTINELLI",1997,-1.5077257212624,0.107575005902235,"NWT",23,"not sig",NA
"174","MARTINELLI",1998,-3.9798473077072,0.00121413137056284,"NWT",17,"sig",-3.9798473077072
"175","MARTINELLI",2001,-3.0950572882324,0.0153381755395869,"NWT",16,"sig",-3.0950572882324
"176","MARTINELLI",2003,-1.71349970978182,0.368857048994933,"NWT",19,"not sig",NA
"177","MARTINELLI",2011,-0.228247991986362,0.783235107578965,"NWT",17,"not sig",NA
"178","MARTINELLI",2013,-0.581301059846502,0.248365967938293,"NWT",20,"not sig",NA
"179","MARTINELLI",2015,-6.23292080875845,0.0117500542317388,"NWT",11,"sig",-6.23292080875845
"180","MARTINELLI",2016,-3.63365209616225,0.0175640579562442,"NWT",15,"sig",-3.63365209616225
"181","MARTINELLI",2017,-6.11217201398717,0.00089247649380709,"NWT",13,"sig",-6.11217201398717
"182","MARTINELLI",2018,-1.67799167071891,0.0119276647620766,"NWT",14,"sig",-1.67799167071891
"183","Ob",2004,-1.49435796185877,0.00173886446420186,"GRO",7,"sig",-1.49435796185877
"184","Ob",2005,-1.31022251593454,0.0496754675054141,"GRO",7,"sig",-1.31022251593454
"185","Ob",2006,1.5732996870438,NA,"GRO",2,NA,NA
"186","Ob",2009,-2.025055556155,0.0137631167533699,"GRO",5,"sig",-2.025055556155
"187","Ob",2010,-1.76188179990913,0.0335290999554034,"GRO",5,"sig",-1.76188179990913
"188","Ob",2011,-1.14574090357872,0.132021797290339,"GRO",5,"not sig",NA
"189","Ob",2012,-1.05587376421233,0.240741308478734,"GRO",4,"not sig",NA
"190","Ob",2013,-1.10443980056019,0.0825774616089819,"GRO",6,"sig",-1.10443980056019
"191","Ob",2014,-1.69638889459824,0.00067025636080524,"GRO",6,"sig",-1.69638889459824
"192","Ob",2015,-0.559946306820843,0.169102177090589,"GRO",6,"not sig",NA
"193","Ob",2016,-1.2257069517594,0.0329601471230017,"GRO",6,"sig",-1.2257069517594
"194","Ob",2017,-1.9651243800583,0.00050476004196172,"GRO",6,"sig",-1.9651243800583
"195","Ob",2018,-1.81230416577118,0.00018015775917251,"GRO",6,"sig",-1.81230416577118
"196","Ob",2019,-1.9400215648654,0.0184826642964615,"GRO",4,"sig",-1.9400215648654
"197","Onyx River at Lake Vanda Weir",1996,1.89419650845526,0.189891036516931,"MCM",3,"not sig",NA
"198","Onyx River at Lake Vanda Weir",1997,-0.483197848497941,0.865526193326017,"MCM",3,"not sig",NA
"199","Onyx River at Lake Vanda Weir",1998,-58.7568320722486,0.213509568195069,"MCM",4,"not sig",NA
"200","Onyx River at Lake Vanda Weir",1999,1.21628268914094,NA,"MCM",2,NA,NA
"201","Onyx River at Lake Vanda Weir",2000,-8.00600654979688,0.00578843601722035,"MCM",4,"sig",-8.00600654979688
"202","Onyx River at Lake Vanda Weir",2002,-30.1491338632131,NA,"MCM",2,NA,NA
"203","Onyx River at Lake Vanda Weir",2004,-7.95154967825225,0.741232617384689,"MCM",3,"not sig",NA
"204","Onyx River at Lake Vanda Weir",2005,3.71118408400026,0.913585445474482,"MCM",3,"not sig",NA
"205","Onyx River at Lake Vanda Weir",2006,-1.0206961439761,0.629541960185117,"MCM",4,"not sig",NA
"206","Onyx River at Lake Vanda Weir",2007,-0.685000848418701,0.794977676491554,"MCM",3,"not sig",NA
"207","Onyx River at Lake Vanda Weir",2009,-10.5935811208919,0.174106423034963,"MCM",8,"not sig",NA
"208","Onyx River at Lake Vanda Weir",2010,2.09245717131624,0.835124424169457,"MCM",6,"not sig",NA
"209","Onyx River at Lake Vanda Weir",2011,-131.51939521732,NA,"MCM",2,NA,NA
"210","Onyx River at Lake Vanda Weir",2012,-8.14594401575337,0.0110336658977897,"MCM",5,"sig",-8.14594401575337
"211","Onyx River at Lake Vanda Weir",2013,-7.47016915882408,0.287305732470199,"MCM",4,"not sig",NA
"212","Onyx River at Lake Vanda Weir",2014,-6.38887723867243,0.740410428971245,"MCM",3,"not sig",NA
"213","Onyx River at Lake Vanda Weir",2015,-19.2514608870605,0.315221738158103,"MCM",5,"not sig",NA
"214","Onyx River at Lake Vanda Weir",2016,0.558098452257858,0.928448758445083,"MCM",4,"not sig",NA
"215","Onyx River at Lake Vanda Weir",2017,-1.67776112731917,0.884408512399418,"MCM",3,"not sig",NA
"216","Onyx River at Lake Vanda Weir",2018,-16.9448226742337,0.235823427749393,"MCM",3,"not sig",NA
"217","Onyx River at Lake Vanda Weir",2019,-7.3194176894548,0.0412481234694336,"MCM",3,"sig",-7.3194176894548
"218","Onyx River at Lower Wright Weir",1996,-6.69412407440702,0.817757659089442,"MCM",3,"not sig",NA
"219","Onyx River at Lower Wright Weir",1997,0.403482389474661,0.855947630437162,"MCM",3,"not sig",NA
"220","Onyx River at Lower Wright Weir",1998,-10.5545032945731,0.668863374350668,"MCM",4,"not sig",NA
"221","Onyx River at Lower Wright Weir",1999,1.91783990319354,NA,"MCM",2,NA,NA
"222","Onyx River at Lower Wright Weir",2000,-17.2171092932065,0.0337128690560029,"MCM",5,"sig",-17.2171092932065
"223","Onyx River at Lower Wright Weir",2001,-113.170314194278,NA,"MCM",2,NA,NA
"224","Onyx River at Lower Wright Weir",2002,-5.73324153680464,NA,"MCM",2,NA,NA
"225","Onyx River at Lower Wright Weir",2003,-0.0973821370447578,0.959016837831576,"MCM",3,"not sig",NA
"226","Onyx River at Lower Wright Weir",2006,1.45501873858667,0.107724978391155,"MCM",5,"not sig",NA
"227","Onyx River at Lower Wright Weir",2007,-0.0612169731579189,0.991309356288798,"MCM",3,"not sig",NA
"228","Onyx River at Lower Wright Weir",2008,-2.58350563335266,0.809550648048865,"MCM",6,"not sig",NA
"229","Onyx River at Lower Wright Weir",2009,9.23999785699936,0.0561467981723401,"MCM",8,"sig",9.23999785699936
"230","Onyx River at Lower Wright Weir",2010,-10.3992463908197,0.252827849709015,"MCM",8,"not sig",NA
"231","Onyx River at Lower Wright Weir",2011,-0.318384377001319,0.908076514764082,"MCM",3,"not sig",NA
"232","Onyx River at Lower Wright Weir",2012,-2.60116985821754,0.276825302427309,"MCM",4,"not sig",NA
"233","Onyx River at Lower Wright Weir",2013,-3.38582767134636,0.85009214402265,"MCM",4,"not sig",NA
"234","Onyx River at Lower Wright Weir",2014,-2.33565778453649,0.918377545035273,"MCM",3,"not sig",NA
"235","Onyx River at Lower Wright Weir",2015,-2.8669438213425,0.839450675610811,"MCM",4,"not sig",NA
"236","Onyx River at Lower Wright Weir",2016,26.5633072284948,0.570640434948006,"MCM",4,"not sig",NA
"237","Onyx River at Lower Wright Weir",2017,1.60743568307874,0.792326097462047,"MCM",5,"not sig",NA
"238","Onyx River at Lower Wright Weir",2018,-6.75458256201927,0.323656977920968,"MCM",5,"not sig",NA
"239","Onyx River at Lower Wright Weir",2019,-19.72038640077,0.0566435963426068,"MCM",4,"sig",-19.72038640077
"240","Priscu Stream at B1",1994,-4.29922929479644,0.00249414538206937,"MCM",4,"sig",-4.29922929479644
"241","Priscu Stream at B1",1995,-6.41183426572223,NA,"MCM",2,NA,NA
"242","Priscu Stream at B1",1996,-1.27321721442243,NA,"MCM",2,NA,NA
"243","Priscu Stream at B1",1997,-2.63899837979689,0.424797353668824,"MCM",4,"not sig",NA
"244","Priscu Stream at B1",1998,1.75852252772022,0.470350259324066,"MCM",4,"not sig",NA
"245","Priscu Stream at B1",1999,-3.24958754206011,0.00624781265261785,"MCM",4,"sig",-3.24958754206011
"246","Priscu Stream at B1",2000,0.127782977905287,0.867665149022766,"MCM",7,"not sig",NA
"247","Priscu Stream at B1",2001,2.86603027384419,0.481438002953434,"MCM",4,"not sig",NA
"248","Priscu Stream at B1",2002,0.451363897611791,0.94209692458563,"MCM",4,"not sig",NA
"249","Priscu Stream at B1",2003,-2.3034592794572,0.460476155650305,"MCM",4,"not sig",NA
"250","Priscu Stream at B1",2004,0.139006577491731,0.976923668187802,"MCM",6,"not sig",NA
"251","Priscu Stream at B1",2006,1.41320225912611,0.679969297515843,"MCM",3,"not sig",NA
"252","Priscu Stream at B1",2008,-5.62217310246624,0.0118462224469738,"MCM",7,"sig",-5.62217310246624
"253","Priscu Stream at B1",2009,-0.791784870380154,0.670343462155988,"MCM",7,"not sig",NA
"254","Priscu Stream at B1",2010,-1.83943901302256,0.29595466001656,"MCM",7,"not sig",NA
"255","SADDLE STREAM 007",1999,-0.0413463253125645,0.886440621463252,"NWT",7,"not sig",NA
"256","SADDLE STREAM 007",2000,-0.640511842445041,0.0253436518688318,"NWT",11,"sig",-0.640511842445041
"257","SADDLE STREAM 007",2003,-0.384677996279351,0.202554769691758,"NWT",14,"not sig",NA
"258","SADDLE STREAM 007",2004,1.99674025676498,0.0214250543967,"NWT",13,"sig",1.99674025676498
"259","SADDLE STREAM 007",2005,-0.246430165519966,0.131673986965684,"NWT",15,"not sig",NA
"260","SADDLE STREAM 007",2006,-0.0173759025845511,0.915196167543914,"NWT",9,"not sig",NA
"261","SADDLE STREAM 007",2007,-0.00813184200693276,0.977925870865008,"NWT",9,"not sig",NA
"262","SADDLE STREAM 007",2008,-0.309805449190315,0.304480936050986,"NWT",14,"not sig",NA
"263","SADDLE STREAM 007",2009,0.310548794616167,0.385603701194332,"NWT",8,"not sig",NA
"264","SADDLE STREAM 007",2010,-0.499755850937069,0.0413513575631265,"NWT",8,"sig",-0.499755850937069
"265","SADDLE STREAM 007",2011,-0.451906732876346,0.279128769888115,"NWT",12,"not sig",NA
"266","SADDLE STREAM 007",2012,-0.809320020083136,0.194046622513889,"NWT",4,"not sig",NA
"267","SADDLE STREAM 007",2013,-0.285884931227993,0.33015610004508,"NWT",7,"not sig",NA
"268","SADDLE STREAM 007",2014,-0.493558238478521,0.31261229262138,"NWT",10,"not sig",NA
"269","SADDLE STREAM 007",2015,-0.524597795415859,0.0488283209324342,"NWT",7,"sig",-0.524597795415859
"270","SADDLE STREAM 007",2016,-0.933279031606154,0.544364704281596,"NWT",3,"not sig",NA
"271","SADDLE STREAM 007",2017,-1.43527281721234,0.0485109286801032,"NWT",6,"sig",-1.43527281721234
"272","SADDLE STREAM 007",2018,-0.0931104229432422,0.615689707052608,"NWT",5,"not sig",NA
"273","Toolik Inlet",1994,0.260873774566843,0.706690594278874,"ARC",12,"not sig",NA
"274","Toolik Inlet",1995,1.0537986808292,0.0511037347327817,"ARC",17,"sig",1.0537986808292
"275","Toolik Inlet",1996,3.31093015931015,0.00014598885097254,"ARC",24,"sig",3.31093015931015
"276","Toolik Inlet",1997,2.1427708260333,2.43154140410286e-07,"ARC",38,"sig",2.1427708260333
"277","Toolik Inlet",1998,0.754206230625803,0.568946518092639,"ARC",15,"not sig",NA
"278","Toolik Inlet",1999,3.93943092202293,0.00806655107606638,"ARC",30,"sig",3.93943092202293
"279","Toolik Inlet",2000,1.55464655126541,0.155661438907769,"ARC",16,"not sig",NA
"280","Toolik Inlet",2001,0.0482378167725746,0.856391203934079,"ARC",29,"not sig",NA
"281","Toolik Inlet",2002,-1.67251705271793,0.138732190030309,"ARC",17,"not sig",NA
"282","Toolik Inlet",2003,1.63538804979786,0.012750063874863,"ARC",34,"sig",1.63538804979786
"283","Toolik Inlet",2004,2.39550009096085,0.0008122453015925,"ARC",40,"sig",2.39550009096085
"284","Toolik Inlet",2005,6.452194913459,0.096573789046721,"ARC",14,"sig",6.452194913459
"285","Toolik Inlet",2006,1.02992188733608,0.0142250165765769,"ARC",33,"sig",1.02992188733608
"286","Toolik Inlet",2007,1.14918687644104,0.207705947927621,"ARC",27,"not sig",NA
"287","Toolik Inlet",2008,1.64689249069268,7.16232887090693e-06,"ARC",54,"sig",1.64689249069268
"288","Toolik Inlet",2009,0.240966502050046,0.846681970138289,"ARC",24,"not sig",NA
"289","Toolik Inlet",2010,4.02857490334794,2.3378766064915e-10,"ARC",36,"sig",4.02857490334794
"290","TW Weir",1992,-3.47994624583733,0.0232561922941912,"ARC",11,"sig",-3.47994624583733
"291","TW Weir",1994,0.951808399249302,0.428458317473942,"ARC",7,"not sig",NA
"292","TW Weir",1995,0.138236022810099,0.698107776305204,"ARC",71,"not sig",NA
"293","TW Weir",1996,-0.640344826419214,1.1547516514694e-05,"ARC",57,"sig",-0.640344826419214
"294","TW Weir",1999,-8.27779692601393,0.018254669162491,"ARC",16,"sig",-8.27779692601393
"295","TW Weir",2000,-9.9358764939538,0.00270579741148173,"ARC",29,"sig",-9.9358764939538
"296","TW Weir",2001,-1.7206406468028,0.41231240446529,"ARC",29,"not sig",NA
"297","TW Weir",2003,-0.352041904172527,0.245343393775372,"ARC",49,"not sig",NA
"298","TW Weir",2004,-0.302700882359694,0.936474329957548,"ARC",35,"not sig",NA
"299","TW Weir",2005,1.56571974937533,0.497211402088369,"ARC",17,"not sig",NA
"300","Von Guerard Stream at F6",1995,-8.99646667922696,0.693183227157187,"MCM",3,"not sig",NA
"301","Von Guerard Stream at F6",1996,1.73061193384226,0.801634041899672,"MCM",3,"not sig",NA
"302","Von Guerard Stream at F6",1997,-2.46855457130571,NA,"MCM",2,NA,NA
"303","Von Guerard Stream at F6",1999,1.46737843270926e-16,NA,"MCM",2,NA,NA
"304","Von Guerard Stream at F6",2003,-0.38547554959266,0.656124866407934,"MCM",4,"not sig",NA
"305","Von Guerard Stream at F6",2004,-1.08898091108582,0.843267344004436,"MCM",6,"not sig",NA
"306","Von Guerard Stream at F6",2005,-0.789457237382313,0.661131269474876,"MCM",5,"not sig",NA
"307","Von Guerard Stream at F6",2007,1.49258074949178,0.377154095757641,"MCM",5,"not sig",NA
"308","Von Guerard Stream at F6",2008,1.97608398383925,0.41791384549688,"MCM",7,"not sig",NA
"309","Von Guerard Stream at F6",2009,-4.62598367675925,0.124755338679918,"MCM",7,"not sig",NA
"310","Von Guerard Stream at F6",2010,-7.55522936458234,0.0434768289969333,"MCM",9,"sig",-7.55522936458234
"311","Von Guerard Stream at F6",2011,-5.36720642046467,NA,"MCM",2,NA,NA
"312","Von Guerard Stream at F6",2012,-7.97846446735535,0.0755838697174822,"MCM",4,"sig",-7.97846446735535
"313","Von Guerard Stream at F6",2013,-7.36946654003356,0.21230481297949,"MCM",4,"not sig",NA
"314","Von Guerard Stream at F6",2014,-28.7311391088012,0.44493385534056,"MCM",3,"not sig",NA
"315","Von Guerard Stream at F6",2016,-10.0596820937336,0.229590987168484,"MCM",8,"not sig",NA
"316","Von Guerard Stream at F6",2017,-2.46796721916166,0.226620906123976,"MCM",7,"not sig",NA
"317","Von Guerard Stream at F6",2019,-53.8112521236844,NA,"MCM",2,NA,NA
"318","Yenisey",2004,0.199016003294216,NA,"GRO",2,NA,NA
"319","Yenisey",2005,-3.86068023743501,0.00049364862871642,"GRO",7,"sig",-3.86068023743501
"320","Yenisey",2006,-3.98217517078828,NA,"GRO",2,NA,NA
"321","Yenisey",2009,-3.30276997628306,3.99353945850525e-10,"GRO",32,"sig",-3.30276997628306
"322","Yenisey",2010,-1.88883812007915,8.95268847854363e-06,"GRO",26,"sig",-1.88883812007915
"323","Yenisey",2011,-0.45902725954292,0.269612194700546,"GRO",26,"not sig",NA
"324","Yenisey",2012,-1.05723998916821,0.510661698092365,"GRO",4,"not sig",NA
"325","Yenisey",2013,-2.17958680214396,0.361842282351306,"GRO",6,"not sig",NA
"326","Yenisey",2014,-2.54575819032578,0.005785843919153,"GRO",6,"sig",-2.54575819032578
"327","Yenisey",2015,0.838545846051282,0.744750783249905,"GRO",6,"not sig",NA
"328","Yenisey",2016,-2.90054303363197,0.0560621934689739,"GRO",6,"sig",-2.90054303363197
"329","Yenisey",2017,-1.74165897952503,0.0741997875998287,"GRO",6,"sig",-1.74165897952503
"330","Yenisey",2018,-2.75670465442631,0.0190236422535615,"GRO",6,"sig",-2.75670465442631
"331","Yenisey",2019,-11.991637292788,0.0495374846821309,"GRO",4,"sig",-11.991637292788
"332","Yukon",2004,-2.76424171552391,0.0003422811590985,"GRO",7,"sig",-2.76424171552391
"333","Yukon",2005,-3.08403076404091,0.00010405624838759,"GRO",7,"sig",-3.08403076404091
"334","Yukon",2006,-3.70181912312238,NA,"GRO",2,NA,NA
"335","Yukon",2009,-1.46106506918788,0.00340469567789474,"GRO",27,"sig",-1.46106506918788
"336","Yukon",2010,-1.51186868351043,6.11211013314517e-06,"GRO",21,"sig",-1.51186868351043
"337","Yukon",2011,-1.62673520590444,5.03214313176727e-05,"GRO",20,"sig",-1.62673520590444
"338","Yukon",2012,-2.66204278573074,0.250210085764704,"GRO",3,"not sig",NA
"339","Yukon",2013,-2.08290130794364,0.087034218462574,"GRO",5,"sig",-2.08290130794364
"340","Yukon",2014,6.43792255142661,0.172695379824601,"GRO",5,"not sig",NA
"341","Yukon",2015,-4.64055361939935,0.289258473485365,"GRO",6,"not sig",NA
"342","Yukon",2016,-3.23406665818514,0.00232211987802067,"GRO",7,"sig",-3.23406665818514
"343","Yukon",2017,0.112840955924652,0.968966485817524,"GRO",5,"not sig",NA
"344","Yukon",2018,-2.16849248291857,0.00885546361367548,"GRO",5,"sig",-2.16849248291857
"345","Yukon",2019,-2.71431261337003,0.0058197959797797,"GRO",6,"sig",-2.71431261337003
