"Year","Discharge","Conc_mgL","FNConc_mgL","Flux_106_kg_y","FNFlux_106_kg_y","site"
1982,17375,0.961,0.965,476,450,"ALBION"
1983,18838,0.985,0.945,606,442,"ALBION"
1984,27222,1.42,0.933,1255,434,"ALBION"
1985,10650,0.903,0.93,307,434,"ALBION"
1986,10939,0.9,0.93,281,432,"ALBION"
1987,5176,0.897,0.932,147,429,"ALBION"
1988,6524,0.888,0.929,174,415,"ALBION"
1989,9247,0.929,0.95,239,404,"ALBION"
1990,15659,0.97,0.992,464,406,"ALBION"
1991,14362,0.923,1.03,399,423,"ALBION"
1992,14913,1.049,1.061,436,446,"ALBION"
1993,20221,1.132,1.084,639,468,"ALBION"
1994,11488,1.019,1.102,368,483,"ALBION"
1995,17979,1.035,1.11,569,494,"ALBION"
1996,15055,1.097,1.105,531,497,"ALBION"
1997,17910,1.055,1.1,598,504,"ALBION"
1998,14048,1.1,1.111,480,514,"ALBION"
1999,15976,1.148,1.144,510,528,"ALBION"
2000,11932,1.196,1.2,457,541,"ALBION"
2001,11629,1.249,1.249,452,557,"ALBION"
2002,7438,1.278,1.284,299,569,"ALBION"
2003,14248,1.296,1.308,558,577,"ALBION"
2004,13329,1.303,1.325,545,580,"ALBION"
2005,15906,1.299,1.33,655,581,"ALBION"
2006,16275,1.286,1.32,642,571,"ALBION"
2007,10840,1.258,1.296,429,559,"ALBION"
2008,11798,1.222,1.254,440,547,"ALBION"
2009,12873,1.219,1.218,498,546,"ALBION"
2010,11980,1.2,1.209,473,549,"ALBION"
2011,20600,1.121,1.206,687,549,"ALBION"
2012,16239,1.106,1.207,548,542,"ALBION"
2013,21677,1.162,1.21,819,543,"ALBION"
2014,15940,1.219,1.215,617,543,"ALBION"
2015,17579,1.205,1.219,710,545,"ALBION"
2016,15554,1.129,1.221,553,546,"ALBION"
2017,13025,1.27,1.222,494,552,"ALBION"
2018,10962,1.243,1.225,444,557,"ALBION"
2019,16224,1.142,1.227,590,563,"ALBION"
1993,8.7481,0.723,0.748,0.11301,0.199,"Andersen Creek at H1"
1994,2.7372,0.962,0.731,0.06727,0.198,"Andersen Creek at H1"
1995,6.645,0.821,0.716,0.07969,0.197,"Andersen Creek at H1"
1996,5.9555,0.766,0.694,0.07505,0.196,"Andersen Creek at H1"
1997,1.4403,0.771,0.692,0.02164,0.197,"Andersen Creek at H1"
1998,16.0712,0.565,0.68,0.20266,0.195,"Andersen Creek at H1"
1999,12.6231,0.569,0.669,0.18272,0.194,"Andersen Creek at H1"
2000,9.8498,0.592,0.666,0.15801,0.195,"Andersen Creek at H1"
2001,78.5475,0.534,0.664,0.75374,0.198,"Andersen Creek at H1"
2002,4.9115,0.666,0.679,0.06102,0.204,"Andersen Creek at H1"
2003,7.2968,0.833,0.668,0.1011,0.204,"Andersen Creek at H1"
2004,12.9815,0.807,0.684,0.1492,0.208,"Andersen Creek at H1"
2005,21.4913,0.634,0.687,0.24688,0.206,"Andersen Creek at H1"
2006,23.851,0.488,0.665,0.30409,0.199,"Andersen Creek at H1"
2007,29.9315,0.609,0.63,0.30303,0.189,"Andersen Creek at H1"
2008,54.4287,0.538,0.585,0.43425,0.18,"Andersen Creek at H1"
2009,11.1331,0.593,0.553,0.12505,0.173,"Andersen Creek at H1"
2010,26.2131,0.509,0.528,0.19233,0.166,"Andersen Creek at H1"
2011,22.7962,0.486,0.508,0.18174,0.158,"Andersen Creek at H1"
2012,9.3945,0.549,0.489,0.09196,0.152,"Andersen Creek at H1"
2013,45.1564,0.368,0.473,0.34767,0.145,"Andersen Creek at H1"
2014,5.5852,0.536,0.458,0.0564,0.138,"Andersen Creek at H1"
2015,23.013,0.407,0.449,0.19416,0.133,"Andersen Creek at H1"
2016,0.0686,0.437,0.438,0.00128,0.127,"Andersen Creek at H1"
2017,2.6455,0.435,0.407,0.02931,0.124,"Andersen Creek at H1"
1997,1914,4.22,4.19,253,254,"BK01.0M"
1998,1795,4.21,4.19,240,255,"BK01.0M"
1999,1537,4.16,4.2,186,257,"BK01.0M"
2000,1502,4.13,4.2,181,257,"BK01.0M"
2001,1861,4.16,4.21,226,259,"BK01.0M"
2002,2260,4.21,4.21,277,259,"BK01.0M"
2003,1625,4.33,4.23,198,255,"BK01.0M"
2004,1840,4.29,4.31,213,258,"BK01.0M"
2005,1352,4.39,4.47,172,264,"BK01.0M"
2006,1135,4.5,4.66,146,272,"BK01.0M"
2007,1256,4.84,4.78,175,277,"BK01.0M"
2008,1844,4.71,4.84,239,280,"BK01.0M"
2009,1144,4.49,4.83,145,279,"BK01.0M"
2010,2186,4.82,4.8,325,274,"BK01.0M"
2011,2529,4.92,4.74,368,269,"BK01.0M"
2012,1288,4.45,4.66,169,262,"BK01.0M"
2013,2200,4.55,4.56,244,254,"BK01.0M"
2014,2187,4.47,4.47,250,245,"BK01.0M"
2015,1956,4.51,4.46,255,240,"BK01.0M"
2016,2773,4.47,4.51,389,238,"BK01.0M"
2017,2957,4.47,4.61,387,239,"BK01.0M"
2018,1758,4.68,4.74,211,240,"BK01.0M"
2019,3705,4.87,4.9,453,243,"BK01.0M"
1993,23.927,0.771,0.736,0.4514,0.512,"Canada Stream at F1"
1994,6.835,0.823,0.729,0.16889,0.509,"Canada Stream at F1"
1995,15.708,0.772,0.721,0.32111,0.502,"Canada Stream at F1"
1996,16.537,0.737,0.714,0.33033,0.502,"Canada Stream at F1"
1997,11.472,0.791,0.707,0.2382,0.498,"Canada Stream at F1"
1998,23.101,0.701,0.7,0.42747,0.495,"Canada Stream at F1"
1999,13.579,0.739,0.695,0.28501,0.494,"Canada Stream at F1"
2000,14.967,0.71,0.688,0.28994,0.492,"Canada Stream at F1"
2001,137.38,0.476,0.686,1.45623,0.486,"Canada Stream at F1"
2002,22.192,0.687,0.69,0.39219,0.479,"Canada Stream at F1"
2003,16.545,0.708,0.691,0.31505,0.474,"Canada Stream at F1"
2004,37.193,0.637,0.691,0.56383,0.47,"Canada Stream at F1"
2005,44.619,0.578,0.692,0.6855,0.469,"Canada Stream at F1"
2006,22.2,0.637,0.691,0.34513,0.468,"Canada Stream at F1"
2007,43.84,0.631,0.683,0.62294,0.465,"Canada Stream at F1"
2008,99.945,0.513,0.673,1.11468,0.461,"Canada Stream at F1"
2009,27.666,0.609,0.666,0.44581,0.458,"Canada Stream at F1"
2010,71.077,0.623,0.653,0.80789,0.45,"Canada Stream at F1"
2011,54.03,0.571,0.636,0.6527,0.446,"Canada Stream at F1"
2012,37.184,0.57,0.614,0.51718,0.442,"Canada Stream at F1"
2013,67.616,0.504,0.595,0.81755,0.44,"Canada Stream at F1"
2014,27.974,0.571,0.579,0.40613,0.442,"Canada Stream at F1"
2015,2.193,0.652,0.568,0.04044,0.446,"Canada Stream at F1"
2016,0.416,0.703,0.558,0.00885,0.453,"Canada Stream at F1"
2017,0.675,0.638,0.539,0.01122,0.49,"Canada Stream at F1"
1997,9467,4.61,4.56,1374,1151,"CH00.1M"
1998,6754,4.58,4.57,971,1149,"CH00.1M"
1999,6592,4.56,4.57,902,1147,"CH00.1M"
2000,6800,4.55,4.58,938,1145,"CH00.1M"
2001,8603,4.57,4.58,1140,1144,"CH00.1M"
2002,10826,4.56,4.58,1457,1142,"CH00.1M"
2003,9436,4.58,4.59,1255,1140,"CH00.1M"
2004,7473,4.67,4.64,1005,1147,"CH00.1M"
2005,5912,4.74,4.72,849,1170,"CH00.1M"
2006,6243,4.8,4.81,933,1200,"CH00.1M"
2007,4373,4.83,4.86,657,1220,"CH00.1M"
2008,7393,4.87,4.9,1053,1231,"CH00.1M"
2009,3974,4.88,4.95,591,1242,"CH00.1M"
2010,7772,4.95,4.99,1191,1249,"CH00.1M"
2011,9710,5.05,5.02,1483,1253,"CH00.1M"
2012,5764,5.03,5.04,869,1248,"CH00.1M"
2013,8472,5.04,5.05,1119,1241,"CH00.1M"
2014,11074,5,5.05,1527,1233,"CH00.1M"
2015,8381,4.99,5.03,1278,1224,"CH00.1M"
2016,12125,4.85,4.98,1804,1213,"CH00.1M"
2017,11343,4.78,4.93,1606,1202,"CH00.1M"
2018,8547,4.84,4.88,1227,1190,"CH00.1M"
2019,13850,4.63,4.82,1867,1178,"CH00.1M"
1997,1119,5.8,5.66,229.5,199,"CN00.1M"
1998,1210,5.88,5.79,218.4,204,"CN00.1M"
1999,1121,6.14,5.94,209.5,210,"CN00.1M"
2000,783,5.82,6.08,154.2,215,"CN00.1M"
2001,1202,5.98,6.22,218.2,220,"CN00.1M"
2002,668,6.17,6.36,138.8,224,"CN00.1M"
2003,693,6.25,6.53,137.9,230,"CN00.1M"
2004,881,6.47,6.74,198.4,237,"CN00.1M"
2005,844,6.9,6.95,180,245,"CN00.1M"
2006,837,7.09,7.07,183.3,250,"CN00.1M"
2007,766,6.71,7.07,172.5,252,"CN00.1M"
2008,976,6.81,6.97,220.7,251,"CN00.1M"
2009,336,5.71,6.75,57.7,245,"CN00.1M"
2010,1099,6.3,6.51,263,239,"CN00.1M"
2011,1768,7.32,6.27,411.4,232,"CN00.1M"
2012,686,5.33,6.04,124.1,225,"CN00.1M"
2013,1043,5.59,5.86,196.8,219,"CN00.1M"
2014,1173,5.62,5.75,221.5,214,"CN00.1M"
2015,624,5.42,5.75,119.3,211,"CN00.1M"
2016,1643,6.53,5.78,381.3,210,"CN00.1M"
2017,1508,6.57,5.83,314.2,210,"CN00.1M"
2018,1142,6.12,5.91,225.6,211,"CN00.1M"
2019,2267,6.67,6.01,461.4,212,"CN00.1M"
1997,409,4.23,4.29,54.8,98.2,"CU11.6M"
1998,874,4.78,4.36,117.6,97.8,"CU11.6M"
1999,781,4.43,4.42,100.3,97.3,"CU11.6M"
2000,270,3.76,4.46,40.4,97,"CU11.6M"
2001,662,4.42,4.45,82.6,96.7,"CU11.6M"
2002,949,4.61,4.36,115.2,96,"CU11.6M"
2003,592,3.83,4.24,70.5,95.2,"CU11.6M"
2004,617,4.69,4.24,84,95.3,"CU11.6M"
2005,876,4.08,4.18,113.8,93.7,"CU11.6M"
2006,192,3.68,4.12,24.3,93.3,"CU11.6M"
2007,268,3.79,4.02,33.1,92.9,"CU11.6M"
2008,1381,3.89,3.95,174.8,93,"CU11.6M"
2009,748,4.17,3.89,93.5,91.9,"CU11.6M"
2010,1778,4.24,3.82,228,90.9,"CU11.6M"
2011,681,3.92,3.74,79,90,"CU11.6M"
2012,226,3.45,3.69,24.2,89.6,"CU11.6M"
2013,907,3.59,3.64,101.5,88.5,"CU11.6M"
2014,494,3.45,3.61,57.2,87.7,"CU11.6M"
2015,1525,3.84,3.59,189.7,87,"CU11.6M"
2016,929,3.69,3.58,118.5,86.3,"CU11.6M"
2017,655,3.35,3.56,70,85.3,"CU11.6M"
2018,305,3.33,3.54,30.6,84.2,"CU11.6M"
2019,1082,3.79,3.53,119.3,83.5,"CU11.6M"
1993,11.28826,0.765,0.745,0.175065,0.34,"Green Creek at F9"
1994,4.98852,0.868,0.734,0.109476,0.339,"Green Creek at F9"
1995,11.40218,0.833,0.724,0.188808,0.338,"Green Creek at F9"
1996,12.3821,0.79,0.715,0.204278,0.338,"Green Creek at F9"
1997,9.38967,0.819,0.709,0.152879,0.342,"Green Creek at F9"
1998,22.38393,0.656,0.701,0.349244,0.343,"Green Creek at F9"
1999,9.06,0.797,0.694,0.172201,0.345,"Green Creek at F9"
2000,0.00448,0.74,0.689,0.000105,0.348,"Green Creek at F9"
2001,63.62473,0.581,0.683,0.733129,0.349,"Green Creek at F9"
2002,0.00448,0.721,0.679,0.000102,0.352,"Green Creek at F9"
2003,19.5817,0.739,0.678,0.297676,0.355,"Green Creek at F9"
2004,35.19026,0.636,0.673,0.477016,0.357,"Green Creek at F9"
2005,42.62457,0.588,0.668,0.589564,0.362,"Green Creek at F9"
2006,33.60991,0.632,0.664,0.494286,0.365,"Green Creek at F9"
2007,21.55961,0.613,0.656,0.339114,0.364,"Green Creek at F9"
2008,49.85345,0.611,0.651,0.630637,0.363,"Green Creek at F9"
2009,22.75937,0.647,0.647,0.354595,0.362,"Green Creek at F9"
2010,56.86759,0.581,0.642,0.68426,0.361,"Green Creek at F9"
2011,34.81705,0.632,0.634,0.447253,0.359,"Green Creek at F9"
2012,49.9388,0.629,0.631,0.607355,0.362,"Green Creek at F9"
2013,62.67345,0.549,0.633,0.836265,0.369,"Green Creek at F9"
2014,25.09147,0.654,0.631,0.315641,0.369,"Green Creek at F9"
2015,34.13373,0.65,0.626,0.558954,0.364,"Green Creek at F9"
2016,10.28559,0.629,0.621,0.160349,0.359,"Green Creek at F9"
2017,8.01486,0.655,0.616,0.108663,0.353,"Green Creek at F9"
2018,26.32332,0.582,0.611,0.350892,0.346,"Green Creek at F9"
1996,16.59,6.91,7,3.25,2.31,"GSMACK"
1997,16.76,6.89,7.03,3.3,2.32,"GSMACK"
1998,10.17,7,7.06,2.04,2.33,"GSMACK"
1999,15.14,6.88,7.08,2.98,2.34,"GSMACK"
2000,12.23,7.05,7.11,2.44,2.34,"GSMACK"
2001,5.58,7.39,7.13,1.17,2.34,"GSMACK"
2002,11.91,7.12,7.15,2.38,2.34,"GSMACK"
2003,10.43,7.4,7.17,2.13,2.34,"GSMACK"
2004,11.21,7.13,7.18,2.27,2.35,"GSMACK"
2005,7.61,7.29,7.18,1.58,2.36,"GSMACK"
2006,12.38,7.11,7.16,2.5,2.36,"GSMACK"
2007,11.52,7.23,7.14,2.31,2.35,"GSMACK"
2008,14.72,6.86,7.12,2.88,2.35,"GSMACK"
2009,12.67,7.13,7.1,2.52,2.34,"GSMACK"
2010,10,6.97,7.08,2,2.33,"GSMACK"
2011,13.4,6.92,7.06,2.63,2.33,"GSMACK"
2012,12.99,7.02,7.04,2.53,2.32,"GSMACK"
2013,10.34,7.02,7.05,2.09,2.32,"GSMACK"
2014,12.28,7.05,7.07,2.42,2.32,"GSMACK"
2015,8.12,7.41,7.1,1.67,2.33,"GSMACK"
2016,11.33,7.26,7.13,2.27,2.35,"GSMACK"
2017,13.96,7.04,7.16,2.8,2.36,"GSMACK"
2018,10.56,7.32,7.19,2.18,2.37,"GSMACK"
2019,9.18,7.48,7.23,1.86,2.39,"GSMACK"
1983,0.968,9.31,9.32,0.2719,0.239,"GSWS02"
1984,1.064,9.27,9.29,0.2986,0.238,"GSWS02"
1985,0.765,9.25,9.25,0.2157,0.236,"GSWS02"
1986,0.839,9.25,9.23,0.2328,0.235,"GSWS02"
1987,0.599,9.25,9.21,0.1655,0.234,"GSWS02"
1988,0.632,9.27,9.19,0.1748,0.233,"GSWS02"
1989,0.916,9.17,9.16,0.249,0.232,"GSWS02"
1990,0.662,9.18,9.13,0.1796,0.231,"GSWS02"
1991,0.653,9.15,9.11,0.1787,0.23,"GSWS02"
1992,0.515,9.2,9.1,0.1398,0.229,"GSWS02"
1993,0.973,9.09,9.1,0.2625,0.229,"GSWS02"
1994,0.431,9.23,9.11,0.1164,0.229,"GSWS02"
1995,0.872,9.09,9.11,0.2348,0.228,"GSWS02"
1996,1.37,9.02,9.14,0.3666,0.239,"GSWS02"
1997,1.413,9.06,9.12,0.377,0.228,"GSWS02"
1998,0.793,9.05,9.13,0.2137,0.228,"GSWS02"
1999,1.27,9.08,9.15,0.3398,0.228,"GSWS02"
2000,1.038,9.14,9.17,0.2787,0.23,"GSWS02"
2001,0.331,9.29,9.2,0.0923,0.23,"GSWS02"
2002,0.96,9.23,9.24,0.2598,0.231,"GSWS02"
2003,0.801,9.31,9.27,0.2184,0.232,"GSWS02"
2004,0.866,9.24,9.27,0.2365,0.233,"GSWS02"
2005,0.517,9.26,9.26,0.1441,0.232,"GSWS02"
2006,1.001,9.24,9.24,0.2713,0.232,"GSWS02"
2007,0.858,9.25,9.21,0.2342,0.231,"GSWS02"
2008,1.058,9.06,9.19,0.2875,0.231,"GSWS02"
2009,0.85,9.17,9.17,0.2301,0.23,"GSWS02"
2010,0.734,9.01,9.16,0.2007,0.23,"GSWS02"
2011,1.076,9,9.14,0.2905,0.23,"GSWS02"
2012,1.007,9.04,9.13,0.2706,0.23,"GSWS02"
2013,0.806,9.09,9.15,0.2207,0.23,"GSWS02"
2014,0.847,9.13,9.19,0.2299,0.231,"GSWS02"
2015,0.597,9.38,9.24,0.1653,0.232,"GSWS02"
2016,0.834,9.36,9.28,0.2289,0.234,"GSWS02"
2017,1.084,9.21,9.32,0.2995,0.235,"GSWS02"
2018,0.735,9.39,9.36,0.2057,0.236,"GSWS02"
2019,0.669,9.48,9.4,0.1868,0.237,"GSWS02"
2003,0.18,8.81,8.77,0.0464,0.0501,"GSWS06"
2004,0.181,8.68,8.73,0.0466,0.05,"GSWS06"
2005,0.116,8.68,8.7,0.0304,0.0497,"GSWS06"
2006,0.23,8.62,8.66,0.0577,0.0496,"GSWS06"
2007,0.198,8.69,8.63,0.0506,0.0494,"GSWS06"
2008,0.251,8.47,8.6,0.0642,0.0493,"GSWS06"
2009,0.188,8.59,8.58,0.0474,0.0491,"GSWS06"
2010,0.179,8.44,8.55,0.0455,0.0489,"GSWS06"
2011,0.252,8.42,8.53,0.0633,0.0488,"GSWS06"
2012,0.241,8.42,8.51,0.0602,0.0489,"GSWS06"
2013,0.19,8.47,8.53,0.0483,0.0489,"GSWS06"
2014,0.204,8.52,8.56,0.0513,0.0491,"GSWS06"
2015,0.127,8.75,8.59,0.0325,0.0493,"GSWS06"
2016,0.186,8.73,8.62,0.0473,0.0496,"GSWS06"
2017,0.256,8.6,8.66,0.0655,0.0498,"GSWS06"
2018,0.168,8.78,8.69,0.0436,0.05,"GSWS06"
2019,0.15,8.9,8.73,0.0388,0.0504,"GSWS06"
2002,0.1912,10.27,10.3,0.0538,0.0446,"GSWS07"
2003,0.1472,10.4,10.3,0.0412,0.0445,"GSWS07"
2004,0.1521,10.14,10.2,0.0432,0.0444,"GSWS07"
2005,0.0976,10.28,10.2,0.0287,0.0443,"GSWS07"
2006,0.191,10.09,10.2,0.0519,0.0442,"GSWS07"
2007,0.1609,10.31,10.1,0.0453,0.0441,"GSWS07"
2008,0.2031,9.82,10.1,0.0577,0.044,"GSWS07"
2009,0.1521,10.09,10.1,0.042,0.0439,"GSWS07"
2010,0.1436,9.84,10.1,0.0408,0.0439,"GSWS07"
2011,0.1988,9.82,10,0.0552,0.0439,"GSWS07"
2012,0.192,9.85,10,0.0523,0.044,"GSWS07"
2013,0.1502,9.93,10,0.0432,0.044,"GSWS07"
2014,0.1559,10.04,10,0.0427,0.044,"GSWS07"
2015,0.1021,10.37,10.1,0.0297,0.0441,"GSWS07"
2016,0.1436,10.23,10.1,0.0407,0.0444,"GSWS07"
2017,0.1975,9.98,10.1,0.0557,0.0446,"GSWS07"
2018,0.1276,10.3,10.2,0.0375,0.0448,"GSWS07"
2019,0.1241,10.46,10.2,0.0342,0.0451,"GSWS07"
1983,0.354,7.89,8.04,0.0807,0.0623,"GSWS08"
1984,0.355,8,8.1,0.0828,0.0632,"GSWS08"
1985,0.265,8.12,8.16,0.0642,0.0639,"GSWS08"
1986,0.269,8.19,8.21,0.0636,0.0646,"GSWS08"
1987,0.2,8.32,8.26,0.0485,0.0652,"GSWS08"
1988,0.201,8.38,8.31,0.0494,0.0658,"GSWS08"
1989,0.275,8.36,8.34,0.0677,0.0661,"GSWS08"
1990,0.221,8.35,8.34,0.054,0.066,"GSWS08"
1991,0.222,8.32,8.32,0.0546,0.0658,"GSWS08"
1992,0.155,8.48,8.3,0.0382,0.0655,"GSWS08"
1993,0.303,8.22,8.27,0.073,0.0651,"GSWS08"
1994,0.13,8.35,8.25,0.0315,0.0648,"GSWS08"
1995,0.288,8.18,8.22,0.0687,0.0645,"GSWS08"
1996,0.422,8.11,8.2,0.0991,0.0644,"GSWS08"
1997,0.444,8.09,8.18,0.1041,0.0642,"GSWS08"
1998,0.249,8.13,8.17,0.0596,0.0642,"GSWS08"
1999,0.382,8.13,8.18,0.0902,0.0643,"GSWS08"
2000,0.288,8.19,8.21,0.0687,0.0647,"GSWS08"
2001,0.109,8.35,8.25,0.0271,0.0649,"GSWS08"
2002,0.307,8.27,8.29,0.0736,0.0653,"GSWS08"
2003,0.235,8.35,8.32,0.0567,0.0656,"GSWS08"
2004,0.246,8.33,8.34,0.06,0.0658,"GSWS08"
2005,0.165,8.41,8.34,0.0413,0.0658,"GSWS08"
2006,0.319,8.3,8.32,0.0766,0.0658,"GSWS08"
2007,0.272,8.31,8.29,0.0662,0.0657,"GSWS08"
2008,0.349,8.19,8.26,0.0854,0.0656,"GSWS08"
2009,0.259,8.26,8.24,0.0623,0.0653,"GSWS08"
2010,0.238,8.15,8.22,0.058,0.0651,"GSWS08"
2011,0.345,8.1,8.2,0.0829,0.065,"GSWS08"
2012,0.335,8.09,8.19,0.0791,0.065,"GSWS08"
2013,0.273,8.16,8.21,0.0668,0.065,"GSWS08"
2014,0.279,8.2,8.23,0.0666,0.0652,"GSWS08"
2015,0.182,8.43,8.27,0.0451,0.0655,"GSWS08"
2016,0.258,8.38,8.3,0.0627,0.0658,"GSWS08"
2017,0.348,8.3,8.33,0.0847,0.0661,"GSWS08"
2018,0.236,8.47,8.37,0.059,0.0664,"GSWS08"
2019,0.222,8.53,8.4,0.0537,0.0669,"GSWS08"
1983,0.1515,9.4,9.5,0.0408,0.0306,"GSWS09"
1984,0.1715,9.33,9.52,0.04684,0.0307,"GSWS09"
1985,0.1227,9.45,9.54,0.03391,0.0307,"GSWS09"
1986,0.1251,9.5,9.56,0.03425,0.0308,"GSWS09"
1987,0.0931,9.61,9.58,0.02549,0.0309,"GSWS09"
1988,0.092,9.53,9.6,0.02584,0.031,"GSWS09"
1989,0.1348,9.55,9.6,0.03678,0.0309,"GSWS09"
1990,0.0964,9.58,9.58,0.02658,0.0309,"GSWS09"
1991,0.1021,9.47,9.55,0.02849,0.0308,"GSWS09"
1992,0.0816,9.58,9.54,0.02264,0.0309,"GSWS09"
1993,0.1473,9.43,9.53,0.04073,0.0308,"GSWS09"
1994,0.0667,9.58,9.52,0.01854,0.0308,"GSWS09"
1995,0.1313,9.4,9.49,0.03583,0.0308,"GSWS09"
1996,0.1791,9.4,9.45,0.04803,0.0307,"GSWS09"
1997,0.1799,9.39,9.41,0.04798,0.0306,"GSWS09"
1998,0.0907,9.41,9.39,0.02448,0.0305,"GSWS09"
1999,0.1485,9.39,9.39,0.03934,0.0304,"GSWS09"
2000,0.1194,9.45,9.4,0.03139,0.0304,"GSWS09"
2001,0.0341,9.53,9.42,0.00932,0.0303,"GSWS09"
2002,0.1148,9.51,9.45,0.03019,0.0303,"GSWS09"
2003,0.098,9.59,9.48,0.02624,0.0303,"GSWS09"
2004,0.1102,9.56,9.49,0.02903,0.0303,"GSWS09"
2005,0.0532,9.61,9.49,0.01476,0.0303,"GSWS09"
2006,0.1313,9.58,9.49,0.03422,0.0303,"GSWS09"
2007,0.1071,9.65,9.48,0.02833,0.0303,"GSWS09"
2008,0.1332,9.47,9.47,0.03549,0.0304,"GSWS09"
2009,0.1054,9.58,9.45,0.02803,0.0303,"GSWS09"
2010,0.0865,9.41,9.43,0.02388,0.0303,"GSWS09"
2011,0.1398,9.34,9.42,0.03741,0.0303,"GSWS09"
2012,0.1254,9.46,9.4,0.03331,0.0303,"GSWS09"
2013,0.1044,9.46,9.4,0.02787,0.0302,"GSWS09"
2014,0.1061,9.47,9.42,0.02836,0.0302,"GSWS09"
2015,0.0751,9.64,9.44,0.01982,0.0302,"GSWS09"
2016,0.104,9.61,9.45,0.02722,0.0303,"GSWS09"
2017,0.1521,9.43,9.47,0.04058,0.0302,"GSWS09"
2018,0.0896,9.6,9.49,0.02405,0.0302,"GSWS09"
2019,0.0862,9.65,9.5,0.02318,0.0303,"GSWS09"
1983,0.2209,9.31,9.26,0.0614,0.0451,"GSWS10"
1984,0.2326,9.22,9.24,0.065,0.0452,"GSWS10"
1985,0.1607,9.3,9.22,0.0447,0.0452,"GSWS10"
1986,0.1869,9.2,9.2,0.0518,0.0452,"GSWS10"
1987,0.1352,9.2,9.18,0.0375,0.0452,"GSWS10"
1988,0.1327,9.09,9.16,0.0375,0.0452,"GSWS10"
1989,0.1711,9.07,9.11,0.0473,0.0449,"GSWS10"
1990,0.1386,9.06,9.06,0.0386,0.0446,"GSWS10"
1991,0.1361,9.05,9.03,0.0377,0.0444,"GSWS10"
1992,0.1048,8.91,9.03,0.0284,0.0442,"GSWS10"
1993,0.1964,9,9.04,0.0542,0.0441,"GSWS10"
1994,0.0881,9.02,9.04,0.0243,0.044,"GSWS10"
1995,0.183,9.06,9.05,0.0495,0.0439,"GSWS10"
1996,0.2688,9.04,9.06,0.071,0.0438,"GSWS10"
1997,0.2711,9.05,9.06,0.0711,0.0436,"GSWS10"
1998,0.1444,9.11,9.08,0.0391,0.0435,"GSWS10"
1999,0.2311,9.09,9.1,0.0609,0.0434,"GSWS10"
2000,0.18,9.14,9.12,0.0477,0.0433,"GSWS10"
2001,0.0631,9.21,9.13,0.0176,0.0432,"GSWS10"
2002,0.1704,9.2,9.15,0.0451,0.0433,"GSWS10"
2003,0.1469,9.21,9.17,0.04,0.0433,"GSWS10"
2004,0.1475,9.19,9.18,0.0396,0.0434,"GSWS10"
2005,0.0998,9.19,9.19,0.0275,0.0434,"GSWS10"
2006,0.1828,9.25,9.2,0.0484,0.0434,"GSWS10"
2007,0.1579,9.27,9.2,0.0419,0.0434,"GSWS10"
2008,0.178,9.15,9.2,0.0477,0.0435,"GSWS10"
2009,0.1569,9.23,9.2,0.0422,0.0434,"GSWS10"
2010,0.1353,9.12,9.19,0.0369,0.0433,"GSWS10"
2011,0.2016,9.08,9.18,0.0538,0.0432,"GSWS10"
2012,0.181,9.11,9.17,0.0487,0.0432,"GSWS10"
2013,0.1421,9.16,9.17,0.0376,0.0432,"GSWS10"
2014,0.1519,9.23,9.19,0.0411,0.0433,"GSWS10"
2015,0.1044,9.35,9.2,0.0275,0.0433,"GSWS10"
2016,0.162,9.26,9.21,0.0428,0.0434,"GSWS10"
2017,0.1905,9.18,9.22,0.0511,0.0434,"GSWS10"
2018,0.1296,9.31,9.23,0.0347,0.0435,"GSWS10"
2019,0.1132,9.35,9.24,0.031,0.0437,"GSWS10"
1997,15952,2.52,2.65,1385,1714,"I080.2M"
1998,19336,2.8,2.69,1812,1734,"I080.2M"
1999,16010,2.59,2.73,1434,1751,"I080.2M"
2000,10505,2.33,2.77,843,1770,"I080.2M"
2001,14495,2.59,2.8,1274,1785,"I080.2M"
2002,19172,2.91,2.84,1876,1811,"I080.2M"
2003,9399,2.26,2.89,774,1852,"I080.2M"
2004,15075,2.76,2.94,1451,1886,"I080.2M"
2005,14613,2.62,2.98,1610,1891,"I080.2M"
2006,10619,2.58,3.04,861,1899,"I080.2M"
2007,21759,3.36,3.09,2534,1905,"I080.2M"
2008,23933,3.51,3.13,2852,1928,"I080.2M"
2009,26792,3.7,3.22,3275,1972,"I080.2M"
2010,21636,3.55,3.29,2483,2002,"I080.2M"
2011,18614,3.38,3.35,2006,2014,"I080.2M"
2012,11014,3.01,3.4,1078,2029,"I080.2M"
2013,16613,3.35,3.43,1752,2045,"I080.2M"
2014,16507,3.37,3.43,1780,2050,"I080.2M"
2015,20617,3.49,3.4,2605,2036,"I080.2M"
2016,21470,3.59,3.38,2647,2023,"I080.2M"
2017,21055,3.52,3.35,2355,2003,"I080.2M"
2018,17970,3.3,3.33,1940,1987,"I080.2M"
2019,27096,3.75,3.3,3270,1970,"I080.2M"
1994,0.011,0.321,0.297,0.000219,0.000227,"Imnavait Weir"
1995,0.0177,0.377,0.291,0.000327,0.000223,"Imnavait Weir"
1996,0.0126,0.337,0.288,0.000177,0.000219,"Imnavait Weir"
1997,0.0189,0.358,0.287,0.000359,0.000215,"Imnavait Weir"
1998,0.0126,0.332,0.287,0.000223,0.000211,"Imnavait Weir"
1999,0.0132,0.311,0.285,0.000204,0.000204,"Imnavait Weir"
2000,0.0135,0.28,0.268,0.000186,0.000176,"Imnavait Weir"
2001,0.0113,0.275,0.268,0.000136,0.000166,"Imnavait Weir"
2002,0.017,0.307,0.308,0.00025,0.00019,"Imnavait Weir"
2003,0.0205,0.378,0.359,4e-04,0.000219,"Imnavait Weir"
2004,0.0174,0.423,0.415,0.000364,0.00025,"Imnavait Weir"
2005,0.00686,0.418,0.479,7.97e-05,0.000282,"Imnavait Weir"
2006,0.0135,0.558,0.553,0.00035,0.00032,"Imnavait Weir"
2007,0.00885,0.603,0.638,0.000184,0.000362,"Imnavait Weir"
2008,0.0163,0.73,0.737,0.000482,0.000412,"Imnavait Weir"
2009,0.0164,0.828,0.85,0.000423,0.000466,"Imnavait Weir"
2010,1.34e-05,0.859,0.979,3.63e-07,0.000529,"Imnavait Weir"
1995,19.8,0.715,0.662,0.278,0.306,"Lawson Creek at B3"
1995,23.8,0.549,0.638,0.322,0.29,"Lawson Creek at B3"
1996,20,0.607,0.628,0.272,0.288,"Lawson Creek at B3"
1997,11.4,0.858,0.618,0.171,0.287,"Lawson Creek at B3"
1998,18,0.666,0.61,0.254,0.287,"Lawson Creek at B3"
1999,16.1,0.616,0.601,0.252,0.287,"Lawson Creek at B3"
2000,18.1,0.661,0.593,0.239,0.287,"Lawson Creek at B3"
2001,57.2,0.429,0.585,0.493,0.287,"Lawson Creek at B3"
2002,17.6,0.581,0.585,0.244,0.292,"Lawson Creek at B3"
2003,22.8,0.558,0.592,0.305,0.303,"Lawson Creek at B3"
2004,18.4,0.776,0.608,0.225,0.32,"Lawson Creek at B3"
2005,24.7,0.59,0.631,0.349,0.341,"Lawson Creek at B3"
2006,30.7,0.598,0.654,0.449,0.36,"Lawson Creek at B3"
2007,19.4,0.748,0.668,0.253,0.367,"Lawson Creek at B3"
2008,52.5,0.489,0.669,0.62,0.366,"Lawson Creek at B3"
2009,16.2,0.758,0.658,0.25,0.357,"Lawson Creek at B3"
2010,49.6,0.561,0.65,0.539,0.35,"Lawson Creek at B3"
2011,36.1,0.547,0.643,0.449,0.344,"Lawson Creek at B3"
2012,22.1,0.548,0.637,0.245,0.338,"Lawson Creek at B3"
2013,37.1,0.515,0.63,0.44,0.331,"Lawson Creek at B3"
2014,13.2,0.749,0.623,0.215,0.325,"Lawson Creek at B3"
1997,719,3.59,3.92,99.4,140,"LM00.5M"
1998,1361,4.24,3.93,190.7,140,"LM00.5M"
1999,1037,4.44,3.93,145.6,140,"LM00.5M"
2000,346,3.62,3.95,48.7,141,"LM00.5M"
2001,942,4.06,3.97,130.9,141,"LM00.5M"
2002,1341,4.56,4.01,185.2,141,"LM00.5M"
2003,264,3.4,4.07,35.5,143,"LM00.5M"
2004,646,4.47,4.15,94.7,144,"LM00.5M"
2005,1048,4.23,4.19,147,143,"LM00.5M"
2006,178,3,4.19,21.2,142,"LM00.5M"
2007,456,3.83,4.12,61.6,141,"LM00.5M"
2008,957,4.02,4.02,131,139,"LM00.5M"
2009,1676,4.47,3.91,222.4,136,"LM00.5M"
2010,3090,4.34,3.81,410,134,"LM00.5M"
2011,1355,4.05,3.77,178.9,132,"LM00.5M"
2012,197,3.14,3.8,21.7,132,"LM00.5M"
2013,1470,3.63,3.99,185.1,134,"LM00.5M"
2014,659,3.9,4.23,89,138,"LM00.5M"
2015,1375,4.51,4.32,192.2,139,"LM00.5M"
2016,845,4.73,4.28,121.5,139,"LM00.5M"
2017,688,4.07,4.18,89.1,137,"LM00.5M"
2018,510,3.62,4.08,65.9,135,"LM00.5M"
2019,2367,4.86,3.98,313,133,"LM00.5M"
2002,139,4.94,4.93,20.8,49.2,"LMP73"
2003,264,5.13,5.1,42.4,51,"LMP73"
2004,309,5.51,5.27,50.1,52.8,"LMP73"
2005,355,5.42,5.43,59.8,54.4,"LMP73"
2006,570,5.63,5.6,95,56.1,"LMP73"
2007,432,5.74,5.76,75.4,57.7,"LMP73"
2008,387,5.94,5.92,73.5,59.4,"LMP73"
2009,424,6.19,6.06,83.3,60.9,"LMP73"
2010,413,5.88,6.14,77.1,62,"LMP73"
2011,289,6.22,6.13,56,62.5,"LMP73"
2012,277,6.07,6.06,59.1,62.6,"LMP73"
2013,280,6.24,5.99,56.4,62.5,"LMP73"
2014,262,6.01,5.92,51.6,62.5,"LMP73"
2015,233,5.79,5.85,47.7,62.4,"LMP73"
2016,187,5.31,5.78,40.7,62.3,"LMP73"
2017,272,5.64,5.7,52.9,62.2,"LMP73"
1997,253685,4.41,4.45,35470,38461,"M078.0B"
1998,273485,4.62,4.49,40737,40544,"M078.0B"
1999,283614,4.76,4.56,44106,39941,"M078.0B"
2005,198134,3.73,4.19,25230,36082,"M078.0B"
2006,134624,3.39,4.17,14417,35606,"M078.0B"
2007,211778,3.91,4.15,26481,35344,"M078.0B"
2008,336475,4.53,4.15,48919,35323,"M078.0B"
2009,269411,4.23,4.13,36040,35170,"M078.0B"
2010,396945,4.88,4.1,61245,34882,"M078.0B"
2011,360186,4.59,4.08,51657,34665,"M078.0B"
2012,163884,3.67,4.08,19428,34586,"M078.0B"
2013,241809,3.69,4.07,30258,34521,"M078.0B"
2014,214306,3.85,4.05,26972,34312,"M078.0B"
2015,264436,4.2,4.03,35884,34106,"M078.0B"
2016,311795,4.37,4.02,45072,33979,"M078.0B"
2017,281026,4.21,4.01,37027,33912,"M078.0B"
2018,242960,4.11,4.01,31779,33883,"M078.0B"
2019,482274,4.82,4.01,71153,33870,"M078.0B"
1997,232981,4.9,4.83,37043,42362,"M241.4K"
1998,250416,5.1,4.72,42192,41677,"M241.4K"
1999,267532,5.28,4.63,47198,41087,"M241.4K"
2000,137217,3.05,4.57,14566,40657,"M241.4K"
2001,224587,4.07,4.53,34243,40481,"M241.4K"
2002,191432,3.75,4.57,25780,40880,"M241.4K"
2003,130602,2.81,4.73,12625,42317,"M241.4K"
2004,179037,3.79,4.93,24327,43543,"M241.4K"
2005,178911,4.07,4.87,27291,42466,"M241.4K"
2006,123008,2.63,4.64,10264,39791,"M241.4K"
2007,195445,3.56,4.37,23221,37141,"M241.4K"
2008,306109,4.81,4.17,49551,35330,"M241.4K"
2009,245560,4.09,4.02,32641,34019,"M241.4K"
2010,368463,5.64,3.89,66224,32869,"M241.4K"
2011,323153,4.72,3.81,48002,32023,"M241.4K"
2012,149042,3.05,3.83,14974,32075,"M241.4K"
2013,219048,3.02,3.94,25316,32884,"M241.4K"
2014,201606,3.41,4.02,24442,33748,"M241.4K"
2015,243778,4.1,4.02,33861,33817,"M241.4K"
2016,283011,5.31,3.95,55867,33351,"M241.4K"
2017,259852,4.26,3.86,35187,32777,"M241.4K"
2018,223746,3.73,3.77,27453,32165,"M241.4K"
2019,447022,6.05,3.68,80412,31542,"M241.4K"
1997,65954,5.71,5.44,13546,12732,"M556.4A"
1998,55959,5.14,5.55,10390,13017,"M556.4A"
1999,60518,5.54,5.66,10792,13259,"M556.4A"
2000,46605,4.63,5.72,7202,13372,"M556.4A"
2001,66722,5.61,5.7,15685,13274,"M556.4A"
2002,57679,5.27,5.53,9982,12695,"M556.4A"
2003,50224,4.36,5.22,7359,11703,"M556.4A"
2004,48394,4.31,5.17,7351,11439,"M556.4A"
2005,47555,4.39,5.22,6579,11441,"M556.4A"
2006,48847,4.46,5.19,7075,11217,"M556.4A"
2007,42588,4.02,5.12,6006,11038,"M556.4A"
2008,63435,4.92,5.08,10614,10939,"M556.4A"
2009,41336,3.88,5.06,5101,10843,"M556.4A"
2010,61587,5.45,5.05,11330,10768,"M556.4A"
2011,90242,6.73,5.05,19101,10674,"M556.4A"
2012,43530,3.74,4.96,5344,10449,"M556.4A"
2013,57391,3.51,4.82,7962,10195,"M556.4A"
2014,69418,4.67,4.64,10847,9810,"M556.4A"
2015,48699,4.29,4.49,6445,9459,"M556.4A"
2016,70489,5.38,4.42,12656,9260,"M556.4A"
2017,82688,5.79,4.39,15012,9167,"M556.4A"
2018,73464,5.28,4.39,12150,9102,"M556.4A"
2019,109121,6.17,4.4,20074,9064,"M556.4A"
1997,46728,5.49,5.15,8171,6396,"M701.1B"
1998,32208,5.01,5.2,5083,6437,"M701.1B"
1999,35499,5.29,5.25,5728,6475,"M701.1B"
2000,23967,4.85,5.29,3614,6505,"M701.1B"
2001,46648,5.35,5.33,7991,6536,"M701.1B"
2002,38544,5.58,5.36,6753,6536,"M701.1B"
2003,33680,5.25,5.38,5553,6501,"M701.1B"
2004,26532,5.13,5.45,4121,6538,"M701.1B"
2005,31363,5.37,5.57,5066,6688,"M701.1B"
2006,33021,5.42,5.69,5665,6844,"M701.1B"
2007,21760,5.08,5.77,3343,6974,"M701.1B"
2008,30986,5.53,5.81,5255,7037,"M701.1B"
2009,21508,4.99,5.78,3238,7003,"M701.1B"
2010,36607,5.8,5.71,6881,6920,"M701.1B"
2011,59195,6.48,5.63,11945,6810,"M701.1B"
2012,28178,5.04,5.53,4295,6683,"M701.1B"
2013,31880,4.87,5.43,4830,6587,"M701.1B"
2014,45645,5.51,5.37,7869,6495,"M701.1B"
2015,28933,5.28,5.35,4694,6431,"M701.1B"
2016,45105,5.88,5.34,8440,6382,"M701.1B"
2017,49862,5.97,5.35,9246,6361,"M701.1B"
2018,46585,5.87,5.37,8398,6350,"M701.1B"
2019,67585,6.2,5.4,12228,6352,"M701.1B"
1997,28904,6.06,6.07,5444,4755,"M764.3A"
1998,19832,5.88,6.07,3483,4774,"M764.3A"
1999,23462,5.99,6.07,4246,4792,"M764.3A"
2000,14373,5.78,6.07,2513,4808,"M764.3A"
2001,31148,6.17,6.08,6099,4829,"M764.3A"
2002,21560,6.06,6.09,4166,4845,"M764.3A"
2003,20137,5.96,6.11,3680,4864,"M764.3A"
2004,15689,5.98,6.21,2874,4935,"M764.3A"
2005,21555,6.27,6.42,4046,5087,"M764.3A"
2006,22800,6.5,6.63,4504,5202,"M764.3A"
2007,14414,6.35,6.73,2591,5250,"M764.3A"
2008,20322,6.53,6.75,3920,5243,"M764.3A"
2009,15532,6.24,6.71,2876,5228,"M764.3A"
2010,25922,6.82,6.66,5542,5195,"M764.3A"
2011,43643,7.31,6.56,9766,5130,"M764.3A"
2012,19282,6.11,6.44,3491,5040,"M764.3A"
2013,19843,5.95,6.31,3527,4958,"M764.3A"
2014,31022,6.33,6.25,5930,4880,"M764.3A"
2015,19135,6.27,6.28,3670,4851,"M764.3A"
2016,29886,6.67,6.33,6327,4839,"M764.3A"
2017,31804,6.74,6.39,6591,4852,"M764.3A"
2018,34004,6.81,6.48,7026,4872,"M764.3A"
2019,45491,6.95,6.58,8985,4902,"M764.3A"
1997,28904,5.94,5.89,5622,4847,"M786.2C"
1998,19832,5.66,5.91,3504,4875,"M786.2C"
1999,23462,5.89,5.94,4293,4906,"M786.2C"
2000,14373,5.56,5.97,2476,4934,"M786.2C"
2001,31148,6.07,6,6632,4971,"M786.2C"
2002,21560,6,6.03,4187,5001,"M786.2C"
2003,20137,5.89,6.07,3756,5033,"M786.2C"
2004,15689,5.77,6.14,2878,5075,"M786.2C"
2005,21555,6.12,6.28,4070,5175,"M786.2C"
2006,22800,6.4,6.47,4602,5302,"M786.2C"
2007,14414,6.09,6.61,2624,5394,"M786.2C"
2008,20322,6.4,6.63,4059,5385,"M786.2C"
2009,15532,6.03,6.56,2875,5319,"M786.2C"
2010,25922,6.56,6.47,5414,5238,"M786.2C"
2011,43643,7.23,6.4,9930,5163,"M786.2C"
2012,19282,6,6.34,3552,5098,"M786.2C"
2013,19843,5.95,6.27,3645,5042,"M786.2C"
2014,31022,6.28,6.23,6117,4961,"M786.2C"
2015,19135,6.16,6.27,3637,4926,"M786.2C"
2016,29886,6.64,6.35,6341,4931,"M786.2C"
2017,31804,6.71,6.45,6630,4966,"M786.2C"
2018,34004,6.85,6.57,7215,5010,"M786.2C"
2019,45491,7,6.7,9255,5061,"M786.2C"
2002,0.1912,10.27,10.3,0.0538,0.0446,"MARTINELLI"
2003,0.1472,10.4,10.3,0.0412,0.0445,"MARTINELLI"
2004,0.1521,10.14,10.2,0.0432,0.0444,"MARTINELLI"
2005,0.0976,10.28,10.2,0.0287,0.0443,"MARTINELLI"
2006,0.191,10.09,10.2,0.0519,0.0442,"MARTINELLI"
2007,0.1609,10.31,10.1,0.0453,0.0441,"MARTINELLI"
2008,0.2031,9.82,10.1,0.0577,0.044,"MARTINELLI"
2009,0.1521,10.09,10.1,0.042,0.0439,"MARTINELLI"
2010,0.1436,9.84,10.1,0.0408,0.0439,"MARTINELLI"
2011,0.1988,9.82,10,0.0552,0.0439,"MARTINELLI"
2012,0.192,9.85,10,0.0523,0.044,"MARTINELLI"
2013,0.1502,9.93,10,0.0432,0.044,"MARTINELLI"
2014,0.1559,10.04,10,0.0427,0.044,"MARTINELLI"
2015,0.1021,10.37,10.1,0.0297,0.0441,"MARTINELLI"
2016,0.1436,10.23,10.1,0.0407,0.0444,"MARTINELLI"
2017,0.1975,9.98,10.1,0.0557,0.0446,"MARTINELLI"
2018,0.1276,10.3,10.2,0.0375,0.0448,"MARTINELLI"
2019,0.1241,10.46,10.2,0.0342,0.0451,"MARTINELLI"
1989,65.6,19.3,20.1,35.9,30.3,"MPR"
1990,52.4,20.3,20.3,28.6,30.4,"MPR"
1991,46.9,21,20.4,26.7,30.4,"MPR"
1992,58.7,20,20.6,31.5,30.3,"MPR"
1993,58.7,20,20.7,31.9,30.3,"MPR"
1994,33.1,22.9,20.8,21.1,30.3,"MPR"
1995,45.9,21.5,20.9,26.7,30.2,"MPR"
1996,55.4,21.2,20.7,30,29.9,"MPR"
1997,49,20.3,20.4,27.9,29.6,"MPR"
1998,63.1,20.1,20.2,32.2,29.3,"MPR"
1999,59.7,19.9,20.2,31.3,29.2,"MPR"
2000,63,20,20.3,33.1,29.3,"MPR"
2001,37.5,21.9,20.3,22.7,29.3,"MPR"
2002,61.7,20,20.2,31.1,29.2,"MPR"
2003,52.7,20.4,20.1,27,29.1,"MPR"
2004,78.9,18.9,20,36.1,28.9,"MPR"
2005,66.9,19.1,19.9,33.3,28.8,"MPR"
2006,60,19.2,19.9,31.2,28.7,"MPR"
2007,35.5,21.6,19.9,21.1,28.6,"MPR"
2008,53.6,20,19.9,27.6,28.5,"MPR"
2009,60.2,19,19.9,31.3,28.5,"MPR"
2010,73.5,18.6,20,34.6,28.5,"MPR"
2011,58.1,19.8,20,29.1,28.6,"MPR"
2012,59.7,19.4,20,30.9,28.7,"MPR"
2013,61.6,18.9,19.9,32.3,28.8,"MPR"
2014,47.8,20.4,19.9,26.4,28.8,"MPR"
2015,38.7,22.2,19.9,20.7,28.8,"MPR"
2016,64.8,19.6,19.8,30.4,28.8,"MPR"
1997,1076,4.25,4.49,141,218,"MQ02.1M"
1998,1521,4.65,4.52,219,219,"MQ02.1M"
1999,1600,4.69,4.54,235,220,"MQ02.1M"
2000,997,4.44,4.56,141.2,221,"MQ02.1M"
2001,1194,4.56,4.58,167.8,221,"MQ02.1M"
2002,1502,4.64,4.58,213.4,221,"MQ02.1M"
2003,895,4.36,4.56,125.4,221,"MQ02.1M"
2004,1366,4.5,4.53,194.4,220,"MQ02.1M"
2005,672,4.02,4.5,86.6,217,"MQ02.1M"
2006,680,4.14,4.47,87.6,215,"MQ02.1M"
2007,1254,4.44,4.43,172.8,213,"MQ02.1M"
2008,3191,4.62,4.41,439.8,213,"MQ02.1M"
2009,1643,4.54,4.42,231.4,215,"MQ02.1M"
2010,2651,4.7,4.41,382.3,214,"MQ02.1M"
2011,1715,4.57,4.39,241.6,213,"MQ02.1M"
2012,1049,4.19,4.37,144.4,212,"MQ02.1M"
2013,1448,4.2,4.33,185.1,211,"MQ02.1M"
2014,1446,4.2,4.26,189.2,210,"MQ02.1M"
2015,1017,3.99,4.15,128.8,206,"MQ02.1M"
2016,1782,4.29,4.04,247.9,202,"MQ02.1M"
2017,1643,4.22,3.92,220.8,198,"MQ02.1M"
2018,1790,4.01,3.81,238.1,194,"MQ02.1M"
2019,2916,4.2,3.7,391.9,190,"MQ02.1M"
1994,43.54,1.42,1.36,1.706,20,"Onyx River at Lake Vanda Weir"
1995,138.62,1.33,1.36,5.553,20,"Onyx River at Lake Vanda Weir"
1996,111.95,1.4,1.36,4.388,20,"Onyx River at Lake Vanda Weir"
1997,51.19,1.42,1.36,2.051,19.9,"Onyx River at Lake Vanda Weir"
1998,278.8,1.37,1.35,10.659,19.9,"Onyx River at Lake Vanda Weir"
1999,179.59,1.33,1.35,7.191,19.9,"Onyx River at Lake Vanda Weir"
2000,38.07,1.41,1.35,1.574,19.9,"Onyx River at Lake Vanda Weir"
2001,3852.26,1.26,1.35,134.935,20,"Onyx River at Lake Vanda Weir"
2002,122.28,1.38,1.35,4.872,20.1,"Onyx River at Lake Vanda Weir"
2003,55.34,1.4,1.35,2.238,20.2,"Onyx River at Lake Vanda Weir"
2004,296.62,1.29,1.34,11.715,20.2,"Onyx River at Lake Vanda Weir"
2005,223.66,1.33,1.34,8.877,20.2,"Onyx River at Lake Vanda Weir"
2006,266.57,1.32,1.33,10.426,20.2,"Onyx River at Lake Vanda Weir"
2007,207.53,1.35,1.33,8.115,20.1,"Onyx River at Lake Vanda Weir"
2008,1850.04,1.29,1.32,66.714,20,"Onyx River at Lake Vanda Weir"
2009,159.12,1.32,1.31,6.327,20,"Onyx River at Lake Vanda Weir"
2010,1600.93,1.29,1.31,59.865,19.9,"Onyx River at Lake Vanda Weir"
2011,796.69,1.29,1.29,28.843,19.8,"Onyx River at Lake Vanda Weir"
2012,253.62,1.27,1.28,9.616,19.6,"Onyx River at Lake Vanda Weir"
2013,871.91,1.22,1.26,30.998,19.4,"Onyx River at Lake Vanda Weir"
2014,127.22,1.27,1.25,4.615,19.2,"Onyx River at Lake Vanda Weir"
2015,1478.89,1.15,1.23,52.242,19,"Onyx River at Lake Vanda Weir"
2016,17.21,1.26,1.22,0.623,18.8,"Onyx River at Lake Vanda Weir"
2017,6.91,1.28,1.2,0.25,18.7,"Onyx River at Lake Vanda Weir"
1994,93.9,0.753,0.755,2.11,9.87,"Onyx River at Lower Wright Weir"
1995,168.7,0.731,0.754,3.85,9.89,"Onyx River at Lower Wright Weir"
1996,133.6,0.764,0.753,3.08,9.91,"Onyx River at Lower Wright Weir"
1997,47.3,0.745,0.752,1.09,9.94,"Onyx River at Lower Wright Weir"
1998,304.8,0.741,0.751,7.05,9.97,"Onyx River at Lower Wright Weir"
1999,169.2,0.749,0.751,3.93,10.01,"Onyx River at Lower Wright Weir"
2000,49.5,0.741,0.751,1.13,10.06,"Onyx River at Lower Wright Weir"
2001,3086.1,0.74,0.751,72.07,10.12,"Onyx River at Lower Wright Weir"
2002,94.4,0.762,0.75,2.24,10.17,"Onyx River at Lower Wright Weir"
2003,206.5,0.737,0.749,4.75,10.21,"Onyx River at Lower Wright Weir"
2004,275.7,0.748,0.746,6.24,10.23,"Onyx River at Lower Wright Weir"
2005,224.9,0.75,0.742,5.27,10.23,"Onyx River at Lower Wright Weir"
2006,236.3,0.71,0.737,5.56,10.22,"Onyx River at Lower Wright Weir"
2007,192.7,0.724,0.733,4.42,10.2,"Onyx River at Lower Wright Weir"
2008,1262.2,0.749,0.732,30.19,10.2,"Onyx River at Lower Wright Weir"
2009,166.4,0.733,0.73,3.81,10.18,"Onyx River at Lower Wright Weir"
2010,1394.8,0.748,0.728,32.8,10.17,"Onyx River at Lower Wright Weir"
2011,414.3,0.74,0.726,9.83,10.15,"Onyx River at Lower Wright Weir"
2012,218,0.727,0.722,4.87,10.1,"Onyx River at Lower Wright Weir"
2013,622,0.731,0.718,14.65,10.06,"Onyx River at Lower Wright Weir"
2014,67.1,0.721,0.716,1.53,10.03,"Onyx River at Lower Wright Weir"
2015,497.2,0.72,0.711,11.46,9.99,"Onyx River at Lower Wright Weir"
2016,297,0.721,0.708,6.85,9.97,"Onyx River at Lower Wright Weir"
2017,174,0.697,0.705,3.9,9.95,"Onyx River at Lower Wright Weir"
1994,12.45986,1.214,1.22,0.413127,0.719,"Priscu Stream at B1"
1994,8.01985,1.229,1.22,0.277782,0.683,"Priscu Stream at B1"
1995,12.51501,1.185,1.22,0.423955,0.69,"Priscu Stream at B1"
1996,13.11501,1.231,1.21,0.439912,0.697,"Priscu Stream at B1"
1997,15.40533,1.178,1.21,0.527178,0.706,"Priscu Stream at B1"
1998,14.10533,1.194,1.21,0.501707,0.716,"Priscu Stream at B1"
1999,8.60694,1.227,1.21,0.318614,0.729,"Priscu Stream at B1"
2000,4.42307,1.251,1.22,0.165709,0.744,"Priscu Stream at B1"
2001,96.18759,1.17,1.23,3.334965,0.752,"Priscu Stream at B1"
2002,19.79404,1.246,1.23,0.708553,0.757,"Priscu Stream at B1"
2003,35.63275,1.221,1.24,1.264951,0.759,"Priscu Stream at B1"
2004,12.63436,1.222,1.23,0.449903,0.753,"Priscu Stream at B1"
2005,23.39565,1.17,1.22,0.841221,0.743,"Priscu Stream at B1"
2006,39.76017,1.159,1.22,1.423886,0.73,"Priscu Stream at B1"
2007,11.90372,1.227,1.2,0.444652,0.716,"Priscu Stream at B1"
2008,70.0763,1.125,1.19,2.22848,0.702,"Priscu Stream at B1"
2009,4.58275,1.27,1.17,0.188205,0.69,"Priscu Stream at B1"
2010,19.11501,1.066,1.15,0.579088,0.679,"Priscu Stream at B1"
2011,0.00372,0.997,1.14,0.000117,0.669,"Priscu Stream at B1"
2012,0.00372,0.98,1.12,0.000115,0.659,"Priscu Stream at B1"
1984,6,10.98,10.9,1.65,1.94,"QS"
1985,7.67,10.63,10.7,1.93,1.95,"QS"
1986,6.72,10.64,10.6,1.79,1.95,"QS"
1987,8.43,10.12,10.5,2.13,1.96,"QS"
1988,9.32,10.04,10.4,2.19,1.97,"QS"
1989,7.1,10.48,10.3,1.79,1.98,"QS"
1990,6.61,10.54,10.3,1.68,2,"QS"
1991,4.41,10.94,10.2,1.22,1.99,"QS"
1992,6.12,10.72,10.1,1.55,1.95,"QS"
1993,5.3,11.46,10.1,1.24,1.92,"QS"
1994,3.92,11.29,10,1.04,1.89,"QS"
1995,6.99,10.54,10.1,1.67,1.88,"QS"
1996,7.51,10.61,10.2,1.65,1.91,"QS"
1997,5.19,10.97,10.3,1.37,1.97,"QS"
1998,7.1,11.03,10.5,1.62,1.99,"QS"
1999,5.52,10.94,10.6,1.53,1.97,"QS"
2000,8.1,10.28,10.7,1.95,1.94,"QS"
2001,5.17,11.25,10.7,1.41,1.92,"QS"
2002,9.74,10.19,10.7,2.27,1.93,"QS"
2003,6.72,10.78,10.7,1.73,1.93,"QS"
2004,11.94,9.86,10.7,2.43,1.9,"QS"
2005,8.23,10.56,10.7,1.91,1.89,"QS"
2006,9.36,9.88,10.7,2.33,1.88,"QS"
2007,5.54,10.97,10.7,1.56,1.89,"QS"
2008,6.04,11.17,10.9,1.62,1.93,"QS"
2009,7.26,10.84,11,1.98,1.98,"QS"
2010,10.99,10.37,11.2,2.71,2.03,"QS"
2011,14,9.79,11.4,3.47,2.09,"QS"
2012,12.91,10.26,11.6,3.37,2.14,"QS"
2013,14.26,10.4,11.8,3.65,2.19,"QS"
2014,11.31,11.04,12,3.21,2.24,"QS"
1993,12.36,21,19.5,5.96,6.14,"RI"
1994,7.92,25,19.6,4.92,6.21,"RI"
1995,12.91,20.7,19.7,6.02,6.3,"RI"
1996,16.02,19.4,19.8,6.52,6.4,"RI"
1997,14.84,19.1,19.9,6.78,6.51,"RI"
1998,15.7,20.1,20.1,6.76,6.65,"RI"
1999,14.92,20.2,20.5,6.97,6.87,"RI"
2000,15.85,19.7,20.6,7.53,7.11,"RI"
2001,10.68,22,20.3,6.22,7.25,"RI"
2002,14.11,19.9,20.1,7.16,7.36,"RI"
2003,11.69,21.6,20.2,6.3,7.48,"RI"
2004,17.44,19.4,20.2,8.13,7.54,"RI"
2005,15.37,19.6,20.3,7.74,7.49,"RI"
2006,15.75,19.2,20.2,8.23,7.48,"RI"
2007,10.59,21.6,20.3,6.38,7.46,"RI"
2008,13.38,20.9,20.3,7.24,7.52,"RI"
2009,14.79,19.7,20.5,8.19,7.67,"RI"
2011,17.04,19.9,20.6,9.02,7.89,"RI"
2012,21.11,18.2,20.7,10.8,7.99,"RI"
2013,18.11,19.4,20.8,9.65,8.1,"RI"
2014,14.2,20.6,20.9,8.34,8.21,"RI"
2015,10.15,22.7,21.1,6.51,8.32,"RI"
2016,13.79,20.7,21.3,8.17,8.43,"RI"
1999,498.9,3.78,2.55,37.5,91.6,"S65A"
2000,700.5,2.54,2.47,44.6,91.4,"S65A"
2001,349.3,3.17,2.4,38.3,91.7,"S65A"
2002,1281.5,2.01,2.33,115.8,91.9,"S65A"
2003,2349.3,2.04,2.26,184.4,91.9,"S65A"
2004,1248.6,1.98,2.19,112.9,91.6,"S65A"
2005,2432.1,2.03,2.11,193.6,90.5,"S65A"
2006,920.7,1.89,2.02,59.2,88.8,"S65A"
2007,95.5,2.54,1.95,10.8,86.6,"S65A"
2008,1016.2,1.77,1.88,88.5,83.7,"S65A"
2009,1194.9,1.73,1.82,87.2,80.7,"S65A"
2010,1171.1,1.82,1.77,38.6,78.2,"S65A"
2011,490.8,1.62,1.74,31.9,76.9,"S65A"
2012,1515.4,1.68,1.77,119.8,78.3,"S65A"
2013,1132,1.74,1.84,100.5,82.2,"S65A"
2014,952.6,1.82,1.9,73.8,86.4,"S65A"
2015,1845.9,1.94,1.97,120.4,90.8,"S65A"
2016,1820.1,2.06,2.06,126.1,95.7,"S65A"
2017,1100.5,2.14,2.15,119,101,"S65A"
2018,1407.1,2.26,2.25,157.2,106.8,"S65A"
1999,851,4.59,3.72,110.4,184,"S65D"
2000,1057,3.15,3.71,105.3,181,"S65D"
2001,560,7.21,3.7,89.8,179,"S65D"
2002,1891,3.05,3.69,253.3,177,"S65D"
2003,2541,2.87,3.69,247.5,175,"S65D"
2004,1571,2.94,3.69,177.7,173,"S65D"
2005,3117,2.96,3.72,339,170,"S65D"
2006,1291,2.75,3.74,110.7,168,"S65D"
2007,194,6.65,3.75,36.7,166,"S65D"
2008,1419,3.79,3.7,180.5,164,"S65D"
2009,1300,3.81,3.64,167.2,162,"S65D"
2010,1483,3.53,3.58,102,159,"S65D"
2011,588,3.67,3.53,68.7,158,"S65D"
2012,2094,2.69,3.53,208.4,161,"S65D"
2013,1819,3.03,3.58,237.1,166,"S65D"
2014,1354,3.2,3.65,165.8,171,"S65D"
2015,2291,3.01,3.73,215.5,177,"S65D"
2016,2518,3.22,3.82,255.6,183,"S65D"
2017,1876,3.07,3.92,244.5,189,"S65D"
2018,2013,3.26,4.04,281.3,196,"S65D"
1999,736,4.99,4.02,100,196,"S65E"
2000,990,3.24,3.94,107.4,192,"S65E"
2001,536,7.36,3.88,84.2,188,"S65E"
2002,1926,3.07,3.82,258.3,184,"S65E"
2003,3219,2.97,3.76,332.4,180,"S65E"
2004,1941,2.77,3.7,208.8,176,"S65E"
2005,3361,3.08,3.66,371.7,174,"S65E"
2006,1326,2.69,3.68,115.7,173,"S65E"
2007,157,8.33,3.69,27.1,171,"S65E"
2008,1380,3.45,3.69,183.1,170,"S65E"
2009,1187,3.58,3.72,158.2,169,"S65E"
2010,1377,3.54,3.73,94.7,166,"S65E"
2011,455,3.88,3.74,57.2,164,"S65E"
2012,2059,2.73,3.77,213,167,"S65E"
2013,1803,3.19,3.82,243.9,172,"S65E"
2014,1289,3.39,3.9,164.4,177,"S65E"
2015,2132,3.05,3.99,205.8,183,"S65E"
2016,2445,3.29,4.08,247.1,188,"S65E"
2017,1716,3.24,4.18,244,195,"S65E"
2018,2111,3.35,4.29,300.4,201,"S65E"
1999,385.9,1.28,1.48,15.3,63.4,"S65"
2000,754.3,1.62,1.49,36.8,65.4,"S65"
2001,214.8,1.2,1.5,16.96,67.4,"S65"
2002,1224.6,1.56,1.5,90.14,69.2,"S65"
2003,2339.8,1.7,1.51,162.94,70.7,"S65"
2004,1290.9,1.59,1.52,100.99,72.2,"S65"
2005,2480.6,1.81,1.52,175.07,72,"S65"
2006,952.1,1.52,1.48,51.68,69.3,"S65"
2007,93.4,1.19,1.42,7.34,65.6,"S65"
2008,853.1,1.28,1.36,54.36,60.9,"S65"
2009,1095.4,1.23,1.29,61.48,56,"S65"
2010,1279.9,1.18,1.23,28.05,52.2,"S65"
2011,498.9,1.18,1.21,21.13,50.2,"S65"
2012,1236.3,1.25,1.24,64.56,52.1,"S65"
2013,938.8,1.3,1.32,63.2,56.2,"S65"
2014,877.5,1.41,1.41,49.33,60.7,"S65"
2015,1682.6,1.55,1.51,80.13,65.2,"S65"
2016,1489.5,1.66,1.63,81.21,70.5,"S65"
2017,1132.2,1.86,1.76,104.84,76.6,"S65"
2018,1420,2,1.91,134.54,83.5,"S65"
1999,927.6,2.31,2.33,44.89,35.5,"SADDLE STREAM 007"
2000,731.8,2.31,2.5,33.44,38.7,"SADDLE STREAM 007"
2001,480.4,2.53,2.59,26.89,40.2,"SADDLE STREAM 007"
2002,43.4,2.66,2.71,1.56,42.4,"SADDLE STREAM 007"
2003,846.5,2.82,2.81,57.07,44.3,"SADDLE STREAM 007"
2004,353.5,2.88,2.92,31.14,47,"SADDLE STREAM 007"
2005,564.2,2.8,2.94,38.4,48.7,"SADDLE STREAM 007"
2006,776.7,2.79,2.9,52.73,46.4,"SADDLE STREAM 007"
2007,702.1,2.56,2.94,46.43,43.4,"SADDLE STREAM 007"
2008,526.7,3.03,3.13,42.16,43.1,"SADDLE STREAM 007"
2009,649.7,2.93,3.34,48.35,43.1,"SADDLE STREAM 007"
2010,565,3.62,3.66,36.91,45.6,"SADDLE STREAM 007"
2011,957.7,3.83,4.1,97.68,50.2,"SADDLE STREAM 007"
2012,89.5,5.98,4.73,10.48,57.7,"SADDLE STREAM 007"
2013,549.6,4.97,5.24,53.79,63.1,"SADDLE STREAM 007"
2014,903.5,5.13,5.81,109.82,69,"SADDLE STREAM 007"
2015,852.3,6.36,6.42,111.58,75.4,"SADDLE STREAM 007"
2016,483.7,7.65,7.15,74.39,83.6,"SADDLE STREAM 007"
2017,668.7,7.63,7.79,115.13,89.5,"SADDLE STREAM 007"
2018,349.2,9.96,8.58,39.17,96.9,"SADDLE STREAM 007"
1997,2174,2.68,3.06,196.5,468,"SG16.2C"
1998,5763,3.44,3.14,672.8,476,"SG16.2C"
1999,3791,3.27,3.22,416.4,484,"SG16.2C"
2000,1230,2.75,3.3,122,491,"SG16.2C"
2001,3625,3.35,3.36,416,496,"SG16.2C"
2002,6127,3.8,3.41,742.6,501,"SG16.2C"
2003,1879,3.21,3.43,203.7,505,"SG16.2C"
2004,3650,3.59,3.43,435.7,506,"SG16.2C"
2005,5073,3.25,3.46,665.1,505,"SG16.2C"
2006,1785,3.07,3.48,175.2,504,"SG16.2C"
2007,3659,3.39,3.49,439.3,505,"SG16.2C"
2008,6483,3.71,3.5,819.6,507,"SG16.2C"
2009,5738,4,3.53,720.7,512,"SG16.2C"
2010,9035,4.1,3.54,1242,517,"SG16.2C"
2011,4827,3.68,3.55,598.4,519,"SG16.2C"
2012,678,2.86,3.57,60.5,523,"SG16.2C"
2013,4076,3.42,3.59,495.1,525,"SG16.2C"
2014,2608,3.36,3.6,308.2,524,"SG16.2C"
2015,5479,3.89,3.59,730.4,520,"SG16.2C"
2016,4878,3.79,3.59,629.8,516,"SG16.2C"
2017,3544,3.55,3.59,418.7,513,"SG16.2C"
2018,2149,3.26,3.6,231.9,511,"SG16.2C"
2019,7083,4.04,3.6,899.2,508,"SG16.2C"
1993,13.12271,2.13,2.24,0.890795,0.67,"Von Guerard Stream at F6"
1994,1.19529,2.22,2.24,0.088854,0.675,"Von Guerard Stream at F6"
1995,1.30175,2.25,2.25,0.09452,0.677,"Von Guerard Stream at F6"
1996,1.1211,2.25,2.26,0.084877,0.681,"Von Guerard Stream at F6"
1997,0.134,2.22,2.27,0.010372,0.687,"Von Guerard Stream at F6"
1998,1.30981,2.36,2.28,0.10109,0.692,"Von Guerard Stream at F6"
1999,0.00175,2.21,2.29,0.000122,0.7,"Von Guerard Stream at F6"
2000,0.00175,2.22,2.32,0.000123,0.711,"Von Guerard Stream at F6"
2001,51.49529,2.23,2.35,3.59499,0.726,"Von Guerard Stream at F6"
2002,2.01142,2.31,2.37,0.164835,0.73,"Von Guerard Stream at F6"
2003,2.20336,2.32,2.39,0.176708,0.742,"Von Guerard Stream at F6"
2004,14.57433,2.46,2.39,1.115844,0.734,"Von Guerard Stream at F6"
2005,7.61787,2.5,2.38,0.598812,0.721,"Von Guerard Stream at F6"
2006,7.98562,2.3,2.37,0.601181,0.707,"Von Guerard Stream at F6"
2007,3.36626,2.36,2.34,0.253539,0.692,"Von Guerard Stream at F6"
2008,35.06949,2.27,2.34,2.400373,0.678,"Von Guerard Stream at F6"
2009,16.97916,2.3,2.32,1.178294,0.663,"Von Guerard Stream at F6"
2010,41.82594,2.17,2.31,2.723839,0.649,"Von Guerard Stream at F6"
2011,7.1082,2.24,2.29,0.480045,0.635,"Von Guerard Stream at F6"
2012,3.70336,2.23,2.26,0.247964,0.62,"Von Guerard Stream at F6"
2013,18.58239,2.12,2.24,1.177211,0.606,"Von Guerard Stream at F6"
2014,1.72271,2.29,2.22,0.111486,0.594,"Von Guerard Stream at F6"
2015,0.99207,2.34,2.2,0.070416,0.582,"Von Guerard Stream at F6"
2016,0.90981,2.23,2.18,0.063639,0.567,"Von Guerard Stream at F6"
2017,8.59149,2.09,2.12,0.487492,0.594,"Von Guerard Stream at F6"
1997,1738,3.68,4.6,258,450,"WP02.6M"
1998,2521,5.02,4.78,445,462,"WP02.6M"
1999,2863,5.77,4.94,564,471,"WP02.6M"
2000,1526,3.78,5.06,240,478,"WP02.6M"
2001,2199,4.43,5.08,365,478,"WP02.6M"
2002,1688,4.33,4.92,241,466,"WP02.6M"
2003,1102,3.09,4.56,117,443,"WP02.6M"
2004,2288,3.7,4.35,364,435,"WP02.6M"
2005,1055,2.84,4.34,107,427,"WP02.6M"
2006,1276,3.02,4.25,134,414,"WP02.6M"
2007,2584,4.37,4.05,411,396,"WP02.6M"
2008,4503,5.06,3.94,776,380,"WP02.6M"
2009,2283,3.82,3.87,323,370,"WP02.6M"
2010,4278,5.16,3.78,743,358,"WP02.6M"
2011,2274,3.74,3.7,288,346,"WP02.6M"
2012,1210,2.92,3.67,130,344,"WP02.6M"
2013,3050,3.51,3.66,418,345,"WP02.6M"
2014,2332,3.26,3.6,308,343,"WP02.6M"
2015,1536,2.97,3.51,167,337,"WP02.6M"
2016,3321,4.27,3.38,528,331,"WP02.6M"
2017,3211,4.21,3.24,484,325,"WP02.6M"
2018,2972,3.59,3.09,424,319,"WP02.6M"
2019,4070,4.12,2.96,626,314,"WP02.6M"
1970,2.8,4.7,4.65,0.376,0.451,"ws1"
1971,2.68,4.64,4.59,0.355,0.447,"ws1"
1972,3,4.54,4.54,0.391,0.443,"ws1"
1973,4.39,4.44,4.49,0.562,0.44,"ws1"
1974,4.09,4.38,4.45,0.527,0.437,"ws1"
1975,3.18,4.41,4.41,0.407,0.434,"ws1"
1976,4.03,4.3,4.38,0.51,0.432,"ws1"
1977,3.15,4.41,4.35,0.396,0.431,"ws1"
1978,3.59,4.34,4.35,0.456,0.432,"ws1"
1979,2.93,4.48,4.35,0.363,0.434,"ws1"
1980,2.56,4.43,4.35,0.331,0.435,"ws1"
1981,3.77,4.32,4.33,0.482,0.435,"ws1"
1982,3.16,4.31,4.3,0.404,0.435,"ws1"
1983,3,4.28,4.27,0.383,0.434,"ws1"
1984,4.22,4.25,4.24,0.53,0.432,"ws1"
1985,2,4.26,4.21,0.256,0.431,"ws1"
1986,3.66,4.15,4.17,0.463,0.429,"ws1"
1987,2.91,4.15,4.14,0.364,0.426,"ws1"
1988,2.12,4.15,4.11,0.269,0.424,"ws1"
1989,2.67,4.12,4.1,0.329,0.423,"ws1"
1990,4.29,4.07,4.11,0.529,0.423,"ws1"
1991,3.24,4.12,4.11,0.412,0.423,"ws1"
1992,3.07,4.07,4.11,0.387,0.423,"ws1"
1993,2.77,4.17,4.12,0.349,0.425,"ws1"
1994,2.97,4.11,4.15,0.377,0.429,"ws1"
1995,2.33,4.28,4.27,0.304,0.442,"ws1"
1996,5.29,4.44,4.48,0.717,0.464,"ws1"
1997,3.65,4.71,4.75,0.525,0.493,"ws1"
1998,3.4,4.96,5.05,0.51,0.524,"ws1"
1999,3.29,5.3,5.35,0.534,0.553,"ws1"
2000,3.1,5.66,5.63,0.539,0.577,"ws1"
2001,1.97,6.16,5.9,0.347,0.599,"ws1"
2002,2.16,6.14,6.11,0.405,0.618,"ws1"
2003,3.02,6.36,6.22,0.574,0.63,"ws1"
2004,4.25,6.19,6.2,0.784,0.631,"ws1"
2005,3.61,6.01,6.06,0.662,0.622,"ws1"
2006,4.43,5.79,5.87,0.784,0.605,"ws1"
2007,3.73,5.66,5.68,0.647,0.586,"ws1"
2008,4.58,5.43,5.54,0.77,0.568,"ws1"
2009,4.67,5.31,5.43,0.768,0.554,"ws1"
2010,3.85,5.26,5.34,0.615,0.544,"ws1"
2011,5.55,5.19,5.28,0.868,0.537,"ws1"
2012,4.53,5.12,5.23,0.713,0.53,"ws1"
2013,3.72,5.06,5.17,0.578,0.523,"ws1"
2014,3.26,5.07,5.11,0.492,0.516,"ws1"
2015,2.99,5.07,5.06,0.454,0.509,"ws1"
2016,2.58,5.01,5,0.386,0.502,"ws1"
2017,2.9,5,4.94,0.417,0.495,"ws1"
1964,3.59,4.62,4.72,0.487,0.685,"ws2"
1965,2.64,4.85,4.92,0.383,0.708,"ws2"
1966,5.65,5.21,5.12,0.902,0.731,"ws2"
1967,5.47,5.46,5.31,0.895,0.753,"ws2"
1968,5.88,5.66,5.51,0.954,0.775,"ws2"
1969,6.03,5.88,5.71,0.984,0.798,"ws2"
1970,4.89,6.16,5.92,0.861,0.821,"ws2"
1971,4.36,6.32,6.1,0.762,0.842,"ws2"
1972,4.55,6.4,6.19,0.799,0.854,"ws2"
1973,6.66,6.3,6.23,1.193,0.86,"ws2"
1974,6.1,6.26,6.23,1.094,0.859,"ws2"
1975,4.87,6.3,6.19,0.863,0.853,"ws2"
1976,5.85,6.18,6.16,1.031,0.847,"ws2"
1977,4.42,6.21,6.13,0.77,0.842,"ws2"
1978,5.14,6.02,6.09,0.895,0.837,"ws2"
1979,4.27,6.09,6.05,0.677,0.832,"ws2"
1980,3.52,6.06,6,0.608,0.826,"ws2"
1981,5.19,5.94,5.93,0.891,0.819,"ws2"
1982,4.41,5.88,5.85,0.732,0.811,"ws2"
1983,3.99,5.75,5.78,0.642,0.802,"ws2"
1984,5.75,5.63,5.7,0.915,0.791,"ws2"
1985,2.63,5.65,5.62,0.417,0.781,"ws2"
1986,4.98,5.56,5.52,0.8,0.769,"ws2"
1987,3.96,5.49,5.43,0.62,0.759,"ws2"
1988,2.84,5.43,5.36,0.445,0.751,"ws2"
1989,3.7,5.37,5.31,0.553,0.746,"ws2"
1990,6.38,5.21,5.27,1.005,0.742,"ws2"
1991,4.54,5.24,5.23,0.721,0.739,"ws2"
1992,4.52,5.2,5.19,0.702,0.734,"ws2"
1993,3.98,5.2,5.15,0.594,0.731,"ws2"
1994,4.24,5.13,5.12,0.63,0.729,"ws2"
1995,3.08,5.14,5.11,0.469,0.729,"ws2"
1996,7.41,5.06,5.11,1.118,0.729,"ws2"
1997,5.07,5.1,5.12,0.759,0.73,"ws2"
1998,4.76,5.14,5.13,0.701,0.73,"ws2"
1999,4.57,5.13,5.12,0.7,0.727,"ws2"
2000,4.8,5.09,5.1,0.701,0.722,"ws2"
2001,3.53,5.12,5.08,0.514,0.717,"ws2"
2002,3.88,5.01,5.05,0.551,0.711,"ws2"
2003,4.42,5.04,5.01,0.661,0.704,"ws2"
2004,5.86,4.96,4.95,0.875,0.695,"ws2"
2005,5.14,4.89,4.91,0.728,0.687,"ws2"
2006,6.23,4.84,4.87,0.895,0.681,"ws2"
2007,5,4.88,4.85,0.708,0.676,"ws2"
2008,6.19,4.81,4.86,0.872,0.675,"ws2"
2009,6.34,4.8,4.9,0.916,0.68,"ws2"
2010,4.58,4.96,4.95,0.653,0.685,"ws2"
2011,6.73,4.96,5,0.974,0.693,"ws2"
2012,5.38,5.02,5.05,0.801,0.699,"ws2"
2013,4.64,5.07,5.1,0.698,0.705,"ws2"
2014,4.57,5.18,5.15,0.667,0.711,"ws2"
2015,4.53,5.22,5.2,0.694,0.717,"ws2"
2016,3.77,5.23,5.24,0.562,0.724,"ws2"
2017,4.32,5.27,5.28,0.629,0.729,"ws2"
1971,10.05,6.16,6.11,1.72,2.06,"ws3"
1972,10.98,6,6.05,1.85,2.03,"ws3"
1973,15.78,5.86,5.99,2.59,2.01,"ws3"
1974,14.81,5.79,5.93,2.41,1.99,"ws3"
1975,11.2,5.88,5.88,1.84,1.97,"ws3"
1976,14.32,5.68,5.83,2.29,1.96,"ws3"
1977,10.5,5.95,5.79,1.66,1.95,"ws3"
1978,12.31,5.9,5.76,1.96,1.94,"ws3"
1979,10.55,6.1,5.75,1.61,1.93,"ws3"
1980,8.94,5.96,5.72,1.42,1.92,"ws3"
1981,13.42,5.52,5.67,2.1,1.9,"ws3"
1982,11.23,5.7,5.61,1.74,1.88,"ws3"
1983,10.65,5.77,5.55,1.63,1.87,"ws3"
1984,15.01,5.6,5.5,2.26,1.86,"ws3"
1985,7.11,5.74,5.46,1.1,1.86,"ws3"
1986,13.06,5.29,5.41,2,1.85,"ws3"
1987,10.86,5.34,5.37,1.64,1.85,"ws3"
1988,7.77,5.5,5.34,1.21,1.85,"ws3"
1989,9.78,5.42,5.35,1.48,1.85,"ws3"
1990,16.26,5.22,5.37,2.49,1.87,"ws3"
1991,11.62,5.45,5.39,1.82,1.88,"ws3"
1992,11.93,5.25,5.41,1.87,1.89,"ws3"
1993,10.51,5.46,5.41,1.62,1.89,"ws3"
1994,11.43,5.34,5.41,1.77,1.89,"ws3"
1995,8.11,5.51,5.43,1.3,1.9,"ws3"
1996,18.56,5.4,5.47,2.88,1.91,"ws3"
1997,13.11,5.56,5.52,2.04,1.92,"ws3"
1998,12.12,5.48,5.55,1.89,1.93,"ws3"
1999,11.66,5.56,5.55,1.86,1.92,"ws3"
2000,12.53,5.47,5.53,1.94,1.91,"ws3"
2001,8.4,5.8,5.5,1.28,1.89,"ws3"
2002,9.43,5.61,5.47,1.44,1.88,"ws3"
2003,10.05,5.5,5.42,1.58,1.87,"ws3"
2004,14.68,5.26,5.37,2.25,1.85,"ws3"
2005,12.36,5.29,5.33,1.87,1.84,"ws3"
2006,15.06,5.24,5.32,2.26,1.83,"ws3"
2007,12.24,5.36,5.35,1.85,1.84,"ws3"
2008,15.42,5.22,5.42,2.36,1.86,"ws3"
2009,14.7,5.27,5.49,2.31,1.88,"ws3"
2010,12.85,5.36,5.56,2.03,1.92,"ws3"
2011,18.68,5.41,5.62,2.97,1.94,"ws3"
2012,15.85,5.45,5.66,2.58,1.96,"ws3"
2013,12.89,5.46,5.69,2.13,1.97,"ws3"
2014,12.74,5.6,5.73,2.07,1.99,"ws3"
2015,10.82,5.75,5.76,1.81,2,"ws3"
2016,8.91,5.87,5.78,1.48,2.01,"ws3"
2017,10.75,5.87,5.79,1.76,2.02,"ws3"
1965,5.96,6.03,5.66,0.941,1.65,"ws4"
1966,9.05,5.7,5.75,1.439,1.68,"ws4"
1967,9.44,5.86,5.84,1.501,1.71,"ws4"
1968,11.25,5.94,5.94,1.789,1.75,"ws4"
1969,10.64,6.13,6.03,1.667,1.79,"ws4"
1970,9.14,6.21,6.13,1.54,1.82,"ws4"
1971,9.57,6.2,6.23,1.633,1.85,"ws4"
1972,10.4,6.26,6.36,1.814,1.9,"ws4"
1973,15.42,6.27,6.5,2.754,1.95,"ws4"
1974,14.3,6.42,6.63,2.636,2,"ws4"
1975,11.55,6.64,6.74,2.197,2.04,"ws4"
1976,13.35,6.64,6.83,2.557,2.07,"ws4"
1977,10.4,6.97,6.93,2.011,2.1,"ws4"
1978,11.77,7.04,7.03,2.301,2.12,"ws4"
1979,9.63,7.32,7.1,1.79,2.13,"ws4"
1980,7.91,7.24,7.12,1.585,2.13,"ws4"
1981,11.69,7.01,7.1,2.32,2.12,"ws4"
1982,10.35,7.11,7.05,2.005,2.11,"ws4"
1983,9.32,7.11,6.99,1.778,2.1,"ws4"
1984,13.2,6.95,6.94,2.468,2.09,"ws4"
1985,6.25,7.07,6.88,1.198,2.08,"ws4"
1986,11.14,6.75,6.78,2.133,2.07,"ws4"
1987,9.24,6.73,6.68,1.733,2.05,"ws4"
1988,7.09,6.7,6.59,1.353,2.03,"ws4"
1989,8.39,6.68,6.55,1.518,2.02,"ws4"
1990,14.06,6.41,6.53,2.639,2.01,"ws4"
1991,10.06,6.57,6.5,1.936,2.01,"ws4"
1992,10.12,6.4,6.47,1.906,2,"ws4"
1993,9.41,6.49,6.43,1.72,1.99,"ws4"
1994,10.15,6.42,6.41,1.843,1.99,"ws4"
1995,7.15,6.5,6.41,1.351,1.99,"ws4"
1996,16.65,6.35,6.44,3.016,1.99,"ws4"
1997,11.65,6.5,6.48,2.105,2,"ws4"
1998,10.21,6.52,6.5,1.831,2,"ws4"
1999,10.32,6.51,6.49,1.937,1.99,"ws4"
2000,11.32,6.42,6.47,2.039,1.98,"ws4"
2001,7.83,6.65,6.44,1.392,1.96,"ws4"
2002,8.55,6.49,6.4,1.497,1.95,"ws4"
2003,8.9,6.43,6.35,1.622,1.93,"ws4"
2004,12.86,6.22,6.29,2.333,1.91,"ws4"
2005,11.35,6.2,6.24,1.972,1.89,"ws4"
2006,13.75,6.12,6.21,2.41,1.87,"ws4"
2007,10.84,6.24,6.21,1.891,1.86,"ws4"
2008,13.29,6.06,6.24,2.309,1.87,"ws4"
2009,14.18,6.02,6.31,2.537,1.89,"ws4"
2010,11.28,6.27,6.38,2.023,1.92,"ws4"
2011,16.71,6.29,6.46,2.981,1.94,"ws4"
2012,13.58,6.31,6.52,2.52,1.96,"ws4"
2013,11.85,6.36,6.58,2.218,1.99,"ws4"
2014,10.02,6.61,6.65,1.843,2.01,"ws4"
2015,10.83,6.63,6.72,2.079,2.03,"ws4"
2016,9.34,6.85,6.78,1.781,2.05,"ws4"
2017,10.56,6.88,6.84,1.947,2.07,"ws4"
1971,5.17,4.82,4.73,0.688,0.859,"ws5"
1972,5.66,4.75,4.74,0.758,0.862,"ws5"
1973,8.42,4.64,4.74,1.123,0.866,"ws5"
1974,7.84,4.64,4.75,1.045,0.869,"ws5"
1975,5.93,4.76,4.76,0.809,0.872,"ws5"
1976,7.5,4.66,4.77,1.01,0.875,"ws5"
1977,5.64,4.88,4.79,0.768,0.881,"ws5"
1978,6.54,4.85,4.81,0.909,0.888,"ws5"
1979,5.43,5.06,4.84,0.717,0.894,"ws5"
1980,4.67,5.03,4.88,0.655,0.902,"ws5"
1981,6.84,4.85,4.93,0.965,0.911,"ws5"
1982,5.56,5.06,4.99,0.786,0.92,"ws5"
1983,5.25,5.13,5.05,0.733,0.932,"ws5"
1984,8.22,5.07,5.13,1.167,0.947,"ws5"
1985,4.62,5.23,5.21,0.706,0.965,"ws5"
1986,6.92,5.23,5.29,1.06,0.98,"ws5"
1987,5.43,5.41,5.36,0.829,0.993,"ws5"
1988,4.15,5.5,5.43,0.66,1.007,"ws5"
1989,5.47,5.54,5.49,0.845,1.017,"ws5"
1990,8.69,5.43,5.54,1.411,1.029,"ws5"
1991,6.55,5.53,5.58,1.092,1.034,"ws5"
1992,6.26,5.51,5.6,1.028,1.035,"ws5"
1993,5.85,5.63,5.62,0.928,1.033,"ws5"
1994,6.16,5.61,5.64,0.981,1.034,"ws5"
1995,4.51,5.73,5.68,0.738,1.04,"ws5"
1996,10.39,5.63,5.75,1.658,1.047,"ws5"
1997,7.41,5.8,5.82,1.183,1.056,"ws5"
1998,6.4,5.88,5.89,1.023,1.064,"ws5"
1999,6.27,5.98,5.94,1.049,1.068,"ws5"
2000,7,5.91,5.97,1.126,1.067,"ws5"
2001,4.73,6.22,5.98,0.758,1.064,"ws5"
2002,5.31,6.11,5.97,0.832,1.061,"ws5"
2003,5.34,6.03,5.94,0.902,1.055,"ws5"
2004,7.59,5.82,5.9,1.26,1.046,"ws5"
2005,6.62,5.83,5.85,1.053,1.037,"ws5"
2006,8.15,5.74,5.81,1.318,1.029,"ws5"
2007,6.64,5.85,5.77,1.057,1.024,"ws5"
2008,8.15,5.61,5.77,1.294,1.024,"ws5"
2009,8.02,5.58,5.78,1.303,1.029,"ws5"
2010,6.01,5.83,5.81,0.97,1.035,"ws5"
2011,9.01,5.81,5.85,1.459,1.044,"ws5"
2012,7.33,5.82,5.89,1.226,1.05,"ws5"
2013,6.48,5.81,5.93,1.09,1.058,"ws5"
2014,5.84,6.02,5.98,0.951,1.065,"ws5"
2015,5.75,6.04,6.03,0.983,1.073,"ws5"
2016,5.02,6.16,6.07,0.835,1.08,"ws5"
2017,6.64,6.12,6.12,1.072,1.089,"ws5"
1964,2.99,4.84,4.61,0.362,0.481,"ws6"
1965,2.22,4.84,4.61,0.285,0.48,"ws6"
1966,3.34,4.58,4.6,0.42,0.478,"ws6"
1967,3.45,4.6,4.6,0.415,0.476,"ws6"
1968,4.17,4.6,4.6,0.498,0.474,"ws6"
1969,3.82,4.7,4.59,0.442,0.473,"ws6"
1970,3.31,4.68,4.57,0.398,0.47,"ws6"
1971,3.36,4.66,4.56,0.402,0.468,"ws6"
1972,3.64,4.54,4.57,0.437,0.468,"ws6"
1973,5.23,4.43,4.6,0.618,0.47,"ws6"
1974,4.85,4.44,4.61,0.578,0.472,"ws6"
1975,3.69,4.6,4.61,0.453,0.473,"ws6"
1976,4.54,4.44,4.61,0.551,0.475,"ws6"
1977,3.43,4.74,4.61,0.417,0.478,"ws6"
1978,4.12,4.64,4.63,0.502,0.482,"ws6"
1979,3.43,4.91,4.64,0.406,0.483,"ws6"
1980,2.85,4.83,4.63,0.356,0.482,"ws6"
1981,4.28,4.51,4.59,0.53,0.48,"ws6"
1982,3.44,4.59,4.53,0.418,0.476,"ws6"
1983,3.32,4.59,4.47,0.398,0.473,"ws6"
1984,4.7,4.46,4.42,0.542,0.468,"ws6"
1985,2.41,4.56,4.36,0.291,0.465,"ws6"
1986,4.27,4.23,4.31,0.51,0.462,"ws6"
1987,3.55,4.26,4.26,0.415,0.46,"ws6"
1988,2.62,4.3,4.22,0.316,0.458,"ws6"
1989,3.31,4.29,4.2,0.381,0.458,"ws6"
1990,5.26,4.08,4.2,0.613,0.46,"ws6"
1991,3.82,4.18,4.2,0.463,0.461,"ws6"
1992,3.73,4.12,4.19,0.447,0.46,"ws6"
1993,3.47,4.21,4.18,0.41,0.46,"ws6"
1994,3.75,4.15,4.17,0.442,0.46,"ws6"
1995,2.75,4.23,4.18,0.336,0.461,"ws6"
1996,6.32,4.11,4.2,0.729,0.461,"ws6"
1997,4.38,4.23,4.23,0.511,0.463,"ws6"
1998,4.12,4.24,4.25,0.476,0.464,"ws6"
1999,4.14,4.23,4.25,0.492,0.463,"ws6"
2000,4.18,4.2,4.25,0.488,0.46,"ws6"
2001,2.93,4.36,4.24,0.338,0.458,"ws6"
2002,3.16,4.28,4.24,0.362,0.456,"ws6"
2003,3.45,4.31,4.23,0.407,0.454,"ws6"
2004,4.81,4.13,4.21,0.563,0.451,"ws6"
2005,4.24,4.15,4.19,0.486,0.45,"ws6"
2006,5.09,4.06,4.19,0.585,0.449,"ws6"
2007,4.23,4.19,4.2,0.49,0.45,"ws6"
2008,5.09,4.03,4.22,0.591,0.452,"ws6"
2009,5.19,4.03,4.26,0.617,0.457,"ws6"
2010,4.18,4.15,4.3,0.502,0.462,"ws6"
2011,6.08,4.22,4.34,0.71,0.467,"ws6"
2012,4.6,4.22,4.36,0.563,0.47,"ws6"
2013,4.01,4.24,4.39,0.5,0.474,"ws6"
2014,3.9,4.37,4.42,0.472,0.478,"ws6"
2015,3.72,4.45,4.45,0.469,0.481,"ws6"
2016,2.75,4.58,4.48,0.351,0.485,"ws6"
2017,3.42,4.6,4.51,0.42,0.489,"ws6"
1995,17.6,5.02,4.93,2.37,3.22,"ws7"
1996,35.6,4.92,4.98,4.62,3.26,"ws7"
1997,25.7,4.97,5.02,3.39,3.3,"ws7"
1998,24.6,4.99,5.06,3.29,3.33,"ws7"
1999,23.4,5.16,5.1,3.29,3.35,"ws7"
2000,23.7,5.07,5.13,3.23,3.38,"ws7"
2001,17.9,5.55,5.16,2.4,3.4,"ws7"
2002,18,5.42,5.19,2.41,3.41,"ws7"
2003,22,5.32,5.17,3.15,3.39,"ws7"
2004,27.1,5.07,5.15,3.85,3.36,"ws7"
2005,25.2,5.13,5.12,3.41,3.34,"ws7"
2006,30.9,4.96,5.09,4.22,3.32,"ws7"
2007,24.7,5.15,5.07,3.38,3.31,"ws7"
2008,30.8,4.84,5.08,4.24,3.31,"ws7"
2009,28.3,4.87,5.12,3.91,3.35,"ws7"
2010,21.9,5.11,5.18,3.11,3.39,"ws7"
2011,31.5,5.35,5.24,4.47,3.44,"ws7"
2012,23.5,5.2,5.3,3.41,3.47,"ws7"
2013,22.2,5.12,5.35,3.28,3.51,"ws7"
2014,21.4,5.44,5.4,3.07,3.54,"ws7"
2015,22.1,5.44,5.46,3.31,3.58,"ws7"
2016,19,5.58,5.51,2.8,3.61,"ws7"
2017,22.7,5.64,5.56,3.27,3.64,"ws7"
1995,12.6,5.4,5.33,1.83,2.61,"ws8"
1996,27.1,5.3,5.39,3.78,2.64,"ws8"
1997,19.2,5.34,5.44,2.73,2.67,"ws8"
1998,18.7,5.4,5.49,2.65,2.7,"ws8"
1999,17.8,5.53,5.53,2.71,2.72,"ws8"
2000,17,5.52,5.56,2.46,2.74,"ws8"
2001,12.4,6.07,5.6,1.81,2.76,"ws8"
2002,13.5,5.89,5.62,1.92,2.76,"ws8"
2003,17,5.68,5.59,2.64,2.75,"ws8"
2004,20.7,5.46,5.55,3.19,2.73,"ws8"
2005,19.3,5.48,5.51,2.8,2.71,"ws8"
2006,23.3,5.31,5.48,3.47,2.69,"ws8"
2007,18.9,5.55,5.46,2.82,2.68,"ws8"
2008,24,5.21,5.45,3.53,2.68,"ws8"
2009,21.6,5.28,5.47,3.19,2.7,"ws8"
2010,16.1,5.51,5.52,2.46,2.73,"ws8"
2011,24.4,5.66,5.59,3.72,2.77,"ws8"
2012,17.6,5.7,5.65,2.71,2.8,"ws8"
2013,15.8,5.68,5.71,2.51,2.82,"ws8"
2014,16.2,5.86,5.77,2.45,2.85,"ws8"
2015,16.8,5.88,5.83,2.69,2.88,"ws8"
2016,15.1,5.85,5.89,2.36,2.9,"ws8"
2017,17.3,5.94,5.95,2.63,2.93,"ws8"
1996,30.4,5.61,5.68,4.24,3.1,"ws9"
1997,22.2,5.6,5.71,3.11,3.12,"ws9"
1998,21.4,5.62,5.73,3.03,3.15,"ws9"
1999,20.7,5.63,5.75,3.2,3.16,"ws9"
2000,19.5,5.75,5.76,2.81,3.18,"ws9"
2001,14.9,6.27,5.77,2.1,3.19,"ws9"
2002,14.7,6.07,5.77,2.02,3.18,"ws9"
2003,19.2,6,5.72,2.97,3.14,"ws9"
2004,23,5.7,5.65,3.51,3.09,"ws9"
2005,23.4,5.6,5.58,3.27,3.04,"ws9"
2006,25.8,5.37,5.52,3.69,2.99,"ws9"
2007,21.1,5.58,5.47,3,2.96,"ws9"
2008,26.8,5.14,5.46,3.75,2.95,"ws9"
2009,21.1,5.34,5.5,2.96,2.96,"ws9"
2010,19.6,5.45,5.55,2.87,3,"ws9"
2011,28.3,5.69,5.62,4.08,3.04,"ws9"
2012,21.5,5.52,5.68,3.18,3.08,"ws9"
2013,20,5.45,5.75,2.98,3.12,"ws9"
2014,19.1,5.9,5.82,2.74,3.15,"ws9"
2015,20.7,5.81,5.89,3.15,3.2,"ws9"
2016,17.5,5.79,5.96,2.69,3.24,"ws9"
2017,20.9,5.9,6.03,3.07,3.27,"ws9"
