"","site","Date","Si_load_kg.day","se.pred"
"1","Toolik",1993-06-12,18.9730330891854,11.050436016692
"2","Toolik",1993-06-13,15.01308268002,11.050436016692
"3","Toolik",1993-06-14,12.2179171059,11.050436016692
"4","Toolik",1993-06-15,10.13291249742,11.050436016692
"5","Toolik",1993-06-16,8.81054380278,11.050436016692
"6","Toolik",1993-06-17,7.92721550807999,11.050436016692
"7","Toolik",1993-06-18,7.22580036714,11.050436016692
"8","Toolik",1993-06-19,7.07187385241999,11.050436016692
"9","Toolik",1993-06-20,6.39669618558,11.050436016692
"10","Toolik",1993-06-21,5.96290328046002,11.050436016692
"11","Toolik",1993-06-22,5.57633782871999,11.050436016692
"12","Toolik",1993-06-23,6.06260568204001,11.050436016692
"13","Toolik",1993-06-24,6.91845021596841,11.050436016692
"14","Toolik",1993-06-25,7.29600696272841,11.050436016692
"15","Toolik",1993-06-26,7.34262734359135,11.050436016692
"16","Toolik",1993-06-27,7.0200546149103,11.050436016692
"17","Toolik",1993-06-28,6.94487979488841,11.050436016692
"18","Toolik",1993-06-29,7.94151406672675,11.050436016692
"19","Toolik",1993-06-30,7.59541781015621,11.050436016692
"20","Toolik",1993-07-01,6.81347307367704,11.050436016692
"21","Toolik",1993-07-02,6.19937324523665,11.050436016692
"22","Toolik",1993-07-03,5.76797329566946,11.050436016692
"23","Toolik",1993-07-04,5.64424821295579,11.050436016692
"24","Toolik",1993-07-05,8.02967091541011,11.050436016692
"25","Toolik",1993-07-06,137.433455655266,11.050436016692
"26","Toolik",1993-07-07,190.988881504181,11.050436016692
"27","Toolik",1993-07-08,71.8175355228946,11.050436016692
"28","Toolik",1993-07-09,42.5128142268284,11.050436016692
"29","Toolik",1993-07-10,29.6897375634518,11.050436016692
"30","Toolik",1993-07-11,22.778309763125,11.050436016692
"31","Toolik",1993-07-12,18.08001590976,11.050436016692
"32","Toolik",1993-07-13,14.8636448194737,11.050436016692
"33","Toolik",1993-07-14,12.1711330368303,11.050436016692
"34","Toolik",1993-07-15,10.3538910443684,11.050436016692
"35","Toolik",1993-07-16,9.29636156674609,11.050436016692
"36","Toolik",1993-07-17,8.57004197822717,11.050436016692
"37","Toolik",1993-07-18,8.21057809977474,11.050436016692
"38","Toolik",1993-07-19,7.72888138330738,11.050436016692
"39","Toolik",1993-07-20,7.3818397155922,11.050436016692
"40","Toolik",1993-07-21,7.42222674737054,11.050436016692
"41","Toolik",1993-07-22,7.42816911884967,11.050436016692
"42","Toolik",1993-07-23,7.35586756964525,11.050436016692
"43","Toolik",1993-07-24,7.20319830381095,11.050436016692
"44","Toolik",1993-07-25,7.20698409913074,11.050436016692
"45","Toolik",1993-07-26,7.04637691313305,11.050436016692
"46","Toolik",1993-07-27,7.0572389773017,11.050436016692
"47","Toolik",1993-07-28,7.59912921142107,11.050436016692
"48","Toolik",1993-07-29,8.12954796741095,11.050436016692
"49","Toolik",1993-07-30,10.8367177203227,11.050436016692
"50","Toolik",1993-07-31,17.502767213688,11.050436016692
"51","Toolik",1993-08-01,22.8403722850674,11.050436016692
"52","Toolik",1993-08-02,24.6717101948589,11.050436016692
"53","Toolik",1993-08-03,24.4650312708499,11.050436016692
"54","Toolik",1993-08-04,23.132617356636,11.050436016692
"55","Toolik",1993-08-05,33.3971381522918,11.050436016692
"56","Toolik",1993-08-06,60.9925662096441,11.050436016692
"57","Toolik",1993-08-07,58.6031451726317,11.050436016692
"58","Toolik",1993-08-08,52.5123219000504,11.050436016692
"59","Toolik",1993-08-09,47.4155039900785,11.050436016692
"60","Toolik",1993-08-10,40.9132391283625,11.050436016692
"61","Toolik",1993-08-11,34.4951174549577,11.050436016692
"62","Toolik",1993-08-12,31.8510690887274,11.050436016692
"63","Toolik",1993-08-13,32.4945813890463,11.050436016692
"64","Toolik",1993-08-14,30.4211594772758,11.050436016692
"65","Toolik",1993-08-15,28.0858090824057,11.050436016692
"66","Toolik",1993-08-16,26.7817338752343,11.050436016692
"67","Toolik",1993-08-17,25.0292422757558,11.050436016692
"68","Toolik",1993-08-18,23.0598249556699,11.050436016692
"69","Toolik",1993-08-19,21.064716143604,11.050436016692
"70","Toolik",1993-08-20,18.8232972363777,11.050436016692
"71","Toolik",1993-08-21,17.6199273137331,11.050436016692
"72","Toolik",1993-08-22,18.8625019454716,11.050436016692
"73","Toolik",1993-08-23,24.9951196704069,11.050436016692
"74","Toolik",1993-08-24,39.2922852645183,11.050436016692
"75","Toolik",1993-08-25,54.5892503285675,11.050436016692
"76","Toolik",1994-06-06,34.8538188315971,11.050436016692
"77","Toolik",1994-06-07,34.6557044193954,11.050436016692
"78","Toolik",1994-06-08,31.1887943736063,11.050436016692
"79","Toolik",1994-06-09,25.280758145465,11.050436016692
"80","Toolik",1994-06-10,19.0376666325133,11.050436016692
"81","Toolik",1994-06-11,14.7484272663398,11.050436016692
"82","Toolik",1994-06-12,9.46912638033286,11.050436016692
"83","Toolik",1994-06-13,6.76316938887472,11.050436016692
"84","Toolik",1994-06-14,3.10313679325674,11.050436016692
"85","Toolik",1994-06-15,1.42007706521708,11.050436016692
"86","Toolik",1994-06-16,16.908153391324,11.050436016692
"87","Toolik",1994-06-17,38.9160719743472,11.050436016692
"88","Toolik",1994-06-18,39.25193867586,11.050436016692
"89","Toolik",1994-06-19,47.493565065288,11.050436016692
"90","Toolik",1994-06-20,73.8079252614324,11.050436016692
"91","Toolik",1994-06-21,104.146299055648,11.050436016692
"92","Toolik",1994-06-22,101.300481666606,11.050436016692
"93","Toolik",1994-06-23,81.7330284679265,11.050436016692
"94","Toolik",1994-06-24,67.3633352688556,11.050436016692
"95","Toolik",1994-06-25,57.6707695905808,11.050436016692
"96","Toolik",1994-06-26,63.4088943736804,11.050436016692
"97","Toolik",1994-06-27,91.9047562497665,11.050436016692
"98","Toolik",1994-06-28,106.686210006473,11.050436016692
"99","Toolik",1994-06-29,101.624571544434,11.050436016692
"100","Toolik",1994-06-30,80.6754046939771,11.050436016692
"101","Toolik",1994-07-01,64.7946874591141,11.050436016692
"102","Toolik",1994-07-02,52.1245675270118,11.050436016692
"103","Toolik",1994-07-03,45.4795693161821,11.050436016692
"104","Toolik",1994-07-04,80.3484627247556,11.050436016692
"105","Toolik",1994-07-05,84.8784282683684,11.050436016692
"106","Toolik",1994-07-06,101.865700875922,11.050436016692
"107","Toolik",1994-07-07,136.732630983878,11.050436016692
"108","Toolik",1994-07-08,104.4481994964,11.050436016692
"109","Toolik",1994-07-09,82.5232157251202,11.050436016692
"110","Toolik",1994-07-10,66.92654893428,11.050436016692
"111","Toolik",1994-07-11,55.787166930384,11.050436016692
"112","Toolik",1994-07-12,46.265940445716,11.050436016692
"113","Toolik",1994-07-13,42.49304020188,11.050436016692
"114","Toolik",1994-07-14,101.1778677054,11.050436016692
"115","Toolik",1994-07-15,108.9586184544,11.050436016692
"116","Toolik",1994-07-16,95.7345270768002,11.050436016692
"117","Toolik",1994-07-17,88.4604275136003,11.050436016692
"118","Toolik",1994-07-18,89.923255164,11.050436016692
"119","Toolik",1994-07-19,154.0454174928,11.050436016692
"120","Toolik",1994-07-20,192.9815257338,11.050436016692
"121","Toolik",1994-07-21,289.697101794,11.050436016692
"122","Toolik",1994-07-22,223.5280120542,11.050436016692
"123","Toolik",1994-07-23,166.88410615836,11.050436016692
"124","Toolik",1994-07-24,131.44723776756,11.050436016692
"125","Toolik",1994-07-25,112.684137561,11.050436016692
"126","Toolik",1994-07-26,96.1922825305203,11.050436016692
"127","Toolik",1994-07-27,80.5621895010002,11.050436016692
"128","Toolik",1994-07-28,68.22019795833,11.050436016692
"129","Toolik",1994-07-29,57.46166578224,11.050436016692
"130","Toolik",1994-07-30,59.207821754112,11.050436016692
"131","Toolik",1994-07-31,104.724118638288,11.050436016692
"132","Toolik",1994-08-01,114.967657224,11.050436016692
"133","Toolik",1994-08-02,109.1664960912,11.050436016692
"134","Toolik",1994-08-03,102.478821768,11.050436016692
"135","Toolik",1994-08-04,89.9474199282,11.050436016692
"136","Toolik",1994-08-05,79.5856903686,11.050436016692
"137","Toolik",1994-08-06,70.62281249895,11.050436016692
"138","Toolik",1994-08-07,66.09236914116,11.050436016692
"139","Toolik",1994-08-08,73.67552491662,11.050436016692
"140","Toolik",1994-08-09,74.45129473368,11.050436016692
"141","Toolik",1994-08-10,62.25027274116,11.050436016692
"142","Toolik",1994-08-11,48.00945143754,11.050436016692
"143","Toolik",1994-08-12,36.69458875812,11.050436016692
"144","Toolik",1994-08-13,37.5714735971657,11.050436016692
"145","Toolik",1994-08-14,38.2678073489571,11.050436016692
"146","Toolik",1994-08-15,48.4702704576,11.050436016692
"147","Toolik",1994-08-16,64.6065076895229,11.050436016692
"148","Toolik",1994-08-17,77.8060688704455,11.050436016692
"149","Toolik",1994-08-18,87.9347391734569,11.050436016692
"150","Toolik",1994-08-19,90.2334538943997,11.050436016692
"151","Toolik",1994-08-20,85.9370285355871,11.050436016692
"152","Toolik",1994-08-21,85.2213452980309,11.050436016692
"153","Toolik",1994-08-24,NA,11.050436016692
"154","Toolik",1995-07-12,48.3915584591051,11.050436016692
"155","Toolik",1995-07-13,43.0423765580091,11.050436016692
"156","Toolik",1995-07-14,34.2921047040784,11.050436016692
"157","Toolik",1995-07-15,28.7447514393029,11.050436016692
"158","Toolik",1995-07-16,26.0621860651068,11.050436016692
"159","Toolik",1995-07-17,28.7013069110515,11.050436016692
"160","Toolik",1995-07-18,35.0848459769618,11.050436016692
"161","Toolik",1995-07-19,46.43470250793,11.050436016692
"162","Toolik",1995-07-19,46.43470250793,11.050436016692
"163","Toolik",1995-07-19,46.43470250793,11.050436016692
"164","Toolik",1995-07-19,46.43470250793,11.050436016692
"165","Toolik",1995-07-20,256.4500261356,11.050436016692
"166","Toolik",1995-07-20,256.4500261356,11.050436016692
"167","Toolik",1995-07-20,256.4500261356,11.050436016692
"168","Toolik",1995-07-20,256.4500261356,11.050436016692
"169","Toolik",1995-07-20,256.4500261356,11.050436016692
"170","Toolik",1995-07-20,256.4500261356,11.050436016692
"171","Toolik",1995-07-20,256.4500261356,11.050436016692
"172","Toolik",1995-07-20,256.4500261356,11.050436016692
"173","Toolik",1995-07-21,657.8259506352,11.050436016692
"174","Toolik",1995-07-21,657.8259506352,11.050436016692
"175","Toolik",1995-07-22,543.8761456338,11.050436016692
"176","Toolik",1995-07-22,543.8761456338,11.050436016692
"177","Toolik",1995-07-23,244.557524484,11.050436016692
"178","Toolik",1995-07-24,152.370305564071,11.050436016692
"179","Toolik",1995-07-25,112.558097980909,11.050436016692
"180","Toolik",1995-07-26,94.3718464790336,11.050436016692
"181","Toolik",1995-07-27,81.6701033210264,11.050436016692
"182","Toolik",1995-07-28,70.0458109364952,11.050436016692
"183","Toolik",1995-07-29,61.5079412510627,11.050436016692
"184","Toolik",1995-07-30,54.7274423764039,11.050436016692
"185","Toolik",1995-07-31,55.7222378104369,11.050436016692
"186","Toolik",1995-08-01,78.4364957966987,11.050436016692
"187","Toolik",1995-08-02,87.0360667562953,11.050436016692
"188","Toolik",1995-08-03,121.686021815191,11.050436016692
"189","Toolik",1995-08-04,130.721017948921,11.050436016692
"190","Toolik",1995-08-05,109.264830922074,11.050436016692
"191","Toolik",1995-08-06,100.850052551558,11.050436016692
"192","Toolik",1995-08-07,85.7483090158316,11.050436016692
"193","Toolik",1995-08-08,73.731991135094,11.050436016692
"194","Toolik",1995-08-09,65.1366956001532,11.050436016692
"195","Toolik",1995-08-10,60.6171219528197,11.050436016692
"196","Toolik",1995-08-11,63.2180273565634,11.050436016692
"197","Toolik",1995-08-12,59.6978891301123,11.050436016692
"198","Toolik",1995-08-13,56.6977704543335,11.050436016692
"199","Toolik",1995-08-14,67.3390323339559,11.050436016692
"200","Toolik",1995-08-15,131.605028769114,11.050436016692
"201","Toolik",1995-08-16,170.407059328028,11.050436016692
"202","Toolik",1995-08-17,124.013676404385,11.050436016692
"203","Toolik",1995-08-18,99.6148324014768,11.050436016692
"204","Toolik",1995-08-19,120.099667799277,11.050436016692
"205","Toolik",1995-08-20,138.451347800926,11.050436016692
"206","Toolik",1995-08-21,114.146686128356,11.050436016692
"207","Toolik",1995-08-22,97.4393602334003,11.050436016692
"208","Toolik",1995-08-23,86.6269077027123,11.050436016692
"209","Toolik",1996-05-15,NA,11.050436016692
"210","Toolik",1996-05-18,NA,11.050436016692
"211","Toolik",1996-05-21,NA,11.050436016692
"212","Toolik",1996-05-23,NA,11.050436016692
"213","Toolik",1996-05-24,NA,11.050436016692
"214","Toolik",1996-05-24,NA,11.050436016692
"215","Toolik",1996-05-26,NA,11.050436016692
"216","Toolik",1996-05-29,NA,11.050436016692
"217","Toolik",1996-05-30,NA,11.050436016692
"218","Toolik",1996-05-31,NA,11.050436016692
"219","Toolik",1996-06-03,NA,11.050436016692
"220","Toolik",1996-06-04,87.7405399776,11.050436016692
"221","Toolik",1996-06-05,78.4369035449998,11.050436016692
"222","Toolik",1996-06-06,130.244034726,11.050436016692
"223","Toolik",1996-06-07,298.8275405652,11.050436016692
"224","Toolik",1996-06-08,146.97668809296,11.050436016692
"225","Toolik",1996-06-09,83.2622733,11.050436016692
"226","Toolik",1996-06-10,81.3337431228002,11.050436016692
"227","Toolik",1996-06-11,67.073903442,11.050436016692
"228","Toolik",1996-06-12,50.708526180696,11.050436016692
"229","Toolik",1996-06-13,39.174556832208,11.050436016692
"230","Toolik",1996-06-14,30.359190187368,11.050436016692
"231","Toolik",1996-06-15,23.697516746016,11.050436016692
"232","Toolik",1996-06-16,17.81309131776,11.050436016692
"233","Toolik",1996-06-17,12.862986892056,11.050436016692
"234","Toolik",1996-06-18,9.01758628915201,11.050436016692
"235","Toolik",1996-06-19,6.27553062021599,11.050436016692
"236","Toolik",1996-06-20,3.9843045207,11.050436016692
"237","Toolik",1996-06-21,2.611541676384,11.050436016692
"238","Toolik",1996-06-22,1.758726704646,11.050436016692
"239","Toolik",1996-06-23,7.56749417724,11.050436016692
"240","Toolik",1996-06-23,7.56749417724,11.050436016692
"241","Toolik",1996-06-24,16.19931983274,11.050436016692
"242","Toolik",1996-06-24,16.19931983274,11.050436016692
"243","Toolik",1996-06-24,16.19931983274,11.050436016692
"244","Toolik",1996-06-25,12.1126133322,11.050436016692
"245","Toolik",1996-06-26,12.10474714536,11.050436016692
"246","Toolik",1996-06-27,12.91364324796,11.050436016692
"247","Toolik",1996-06-28,11.74249811952,11.050436016692
"248","Toolik",1996-06-29,9.50213126556001,11.050436016692
"249","Toolik",1996-06-30,7.55016093005999,11.050436016692
"250","Toolik",1996-07-01,5.33162325012001,11.050436016692
"251","Toolik",1996-07-02,3.171117234555,11.050436016692
"252","Toolik",1996-07-03,1.724364207738,11.050436016692
"253","Toolik",1996-07-04,0.840231263463001,11.050436016692
"254","Toolik",1996-07-05,0.2710752694056,11.050436016692
"255","Toolik",1996-07-06,0.693010193965713,11.050436016692
"256","Toolik",1996-07-07,2.29534378689086,11.050436016692
"257","Toolik",1996-07-08,2.90676200841257,11.050436016692
"258","Toolik",1996-07-09,2.60391525946971,11.050436016692
"259","Toolik",1996-07-10,2.02278301279972,11.050436016692
"260","Toolik",1996-07-11,1.47742328352857,11.050436016692
"261","Toolik",1996-07-12,1.678051779948,11.050436016692
"262","Toolik",1996-07-13,9.8098924313417,11.050436016692
"263","Toolik",1996-07-14,37.5744822764143,11.050436016692
"264","Toolik",1996-07-15,46.8092137433143,11.050436016692
"265","Toolik",1996-07-16,42.5575874214,11.050436016692
"266","Toolik",1996-07-17,39.2846268276,11.050436016692
"267","Toolik",1996-07-18,33.2068809747086,11.050436016692
"268","Toolik",1996-07-19,28.3277767572,11.050436016692
"269","Toolik",1996-07-20,31.14048453462,11.050436016692
"270","Toolik",1996-07-21,42.10423015698,11.050436016692
"271","Toolik",1996-07-22,69.36118937055,11.050436016692
"272","Toolik",1996-07-23,94.0933452672,11.050436016692
"273","Toolik",1996-07-24,65.89349009856,11.050436016692
"274","Toolik",1996-07-25,49.1238312768,11.050436016692
"275","Toolik",1996-07-26,38.10033094464,11.050436016692
"276","Toolik",1996-07-27,31.2054227043,11.050436016692
"277","Toolik",1996-07-28,30.67632221664,11.050436016692
"278","Toolik",1996-07-29,33.57626243364,11.050436016692
"279","Toolik",1996-07-30,57.13383385152,11.050436016692
"280","Toolik",1996-07-31,68.5209077217,11.050436016692
"281","Toolik",1996-08-01,61.098432462,11.050436016692
"282","Toolik",1996-08-02,49.9268799783,11.050436016692
"283","Toolik",1996-08-03,47.78035127352,11.050436016692
"284","Toolik",1996-08-04,56.07618559884,11.050436016692
"285","Toolik",1996-08-05,56.29738924368,11.050436016692
"286","Toolik",1996-08-06,55.1348416485,11.050436016692
"287","Toolik",1996-08-07,50.80418224812,11.050436016692
"288","Toolik",1996-08-08,45.29006615952,11.050436016692
"289","Toolik",1996-08-09,48.84068899368,11.050436016692
"290","Toolik",1996-08-10,57.04114833126,11.050436016692
"291","Toolik",1996-08-11,56.5548501456,11.050436016692
"292","Toolik",1996-08-12,50.112564453,11.050436016692
"293","Toolik",1996-08-13,43.49072141838,11.050436016692
"294","Toolik",1996-08-14,40.299776944245,11.050436016692
"295","Toolik",1996-08-15,43.533027449595,11.050436016692
"296","Toolik",1996-08-16,48.32447301,11.050436016692
"297","Toolik",1996-08-17,67.536959472135,11.050436016692
"298","Toolik",1996-08-18,72.48452053113,11.050436016692
"299","Toolik",1996-08-19,66.308995130355,11.050436016692
"300","Toolik",1996-08-20,60.51661773768,11.050436016692
"301","Toolik",1996-08-21,55.55268985356,11.050436016692
"302","Toolik",1996-08-22,50.6603665134,11.050436016692
"303","Toolik",1996-08-23,46.5465886100513,11.050436016692
"304","Toolik",1996-08-24,47.74292116596,11.050436016692
"305","Toolik",1996-08-27,NA,11.050436016692
"306","Toolik",1996-09-02,NA,11.050436016692
"307","Toolik",1997-06-04,145.2375631575,11.050436016692
"308","Toolik",1997-06-05,134.870531757638,11.050436016692
"309","Toolik",1997-06-06,91.5353179271998,11.050436016692
"310","Toolik",1997-06-07,59.5398894276002,11.050436016692
"311","Toolik",1997-06-08,41.11391632884,11.050436016692
"312","Toolik",1997-06-09,27.5467695561,11.050436016692
"313","Toolik",1997-06-10,21.83486470401,11.050436016692
"314","Toolik",1997-06-11,19.38441606321,11.050436016692
"315","Toolik",1997-06-12,19.909887623415,11.050436016692
"316","Toolik",1997-06-13,23.93911855248,11.050436016692
"317","Toolik",1997-06-14,27.1539327831652,11.050436016692
"318","Toolik",1997-06-15,63.71165455002,11.050436016692
"319","Toolik",1997-06-15,63.71165455002,11.050436016692
"320","Toolik",1997-06-16,166.1120773299,11.050436016692
"321","Toolik",1997-06-16,166.1120773299,11.050436016692
"322","Toolik",1997-06-16,166.1120773299,11.050436016692
"323","Toolik",1997-06-16,166.1120773299,11.050436016692
"324","Toolik",1997-06-17,84.2680936944002,11.050436016692
"325","Toolik",1997-06-17,84.2680936944002,11.050436016692
"326","Toolik",1997-06-18,52.3558432116,11.050436016692
"327","Toolik",1997-06-19,34.78370189202,11.050436016692
"328","Toolik",1997-06-20,23.61365591454,11.050436016692
"329","Toolik",1997-06-21,17.2723180877836,11.050436016692
"330","Toolik",1997-06-22,13.0577736424091,11.050436016692
"331","Toolik",1997-06-23,10.7128594849254,11.050436016692
"332","Toolik",1997-06-24,10.6484960977691,11.050436016692
"333","Toolik",1997-06-25,9.84820855837092,11.050436016692
"334","Toolik",1997-06-26,7.8305656428982,11.050436016692
"335","Toolik",1997-06-27,5.97478160863636,11.050436016692
"336","Toolik",1997-06-28,4.81415689998001,11.050436016692
"337","Toolik",1997-06-29,3.89310896174727,11.050436016692
"338","Toolik",1997-06-30,3.14851012793018,11.050436016692
"339","Toolik",1997-07-01,2.471818785408,11.050436016692
"340","Toolik",1997-07-02,4.76129167567202,11.050436016692
"341","Toolik",1997-07-03,108.43218047214,11.050436016692
"342","Toolik",1997-07-03,108.43218047214,11.050436016692
"343","Toolik",1997-07-03,108.43218047214,11.050436016692
"344","Toolik",1997-07-03,108.43218047214,11.050436016692
"345","Toolik",1997-07-03,108.43218047214,11.050436016692
"346","Toolik",1997-07-03,108.43218047214,11.050436016692
"347","Toolik",1997-07-03,108.43218047214,11.050436016692
"348","Toolik",1997-07-04,216.71951391,11.050436016692
"349","Toolik",1997-07-04,216.71951391,11.050436016692
"350","Toolik",1997-07-04,216.71951391,11.050436016692
"351","Toolik",1997-07-05,115.5403318032,11.050436016692
"352","Toolik",1997-07-05,115.5403318032,11.050436016692
"353","Toolik",1997-07-06,79.0230456831597,11.050436016692
"354","Toolik",1997-07-07,69.45734288835,11.050436016692
"355","Toolik",1997-07-08,58.7504565765,11.050436016692
"356","Toolik",1997-07-09,61.21992359448,11.050436016692
"357","Toolik",1997-07-10,64.85066424936,11.050436016692
"358","Toolik",1997-07-11,57.36208471002,11.050436016692
"359","Toolik",1997-07-12,45.82012380102,11.050436016692
"360","Toolik",1997-07-13,40.7944190511,11.050436016692
"361","Toolik",1997-07-14,463.193031204,11.050436016692
"362","Toolik",1997-07-14,463.193031204,11.050436016692
"363","Toolik",1997-07-14,463.193031204,11.050436016692
"364","Toolik",1997-07-15,467.387993826,11.050436016692
"365","Toolik",1997-07-15,467.387993826,11.050436016692
"366","Toolik",1997-07-16,212.2240083525,11.050436016692
"367","Toolik",1997-07-17,135.8712904428,11.050436016692
"368","Toolik",1997-07-18,96.9652112183997,11.050436016692
"369","Toolik",1997-07-19,92.3874544656,11.050436016692
"370","Toolik",1997-07-20,198.195886083343,11.050436016692
"371","Toolik",1997-07-21,155.043611470285,11.050436016692
"372","Toolik",1997-07-22,160.079877652114,11.050436016692
"373","Toolik",1997-07-23,148.793589481372,11.050436016692
"374","Toolik",1997-07-24,120.714899011457,11.050436016692
"375","Toolik",1997-07-25,99.5688526201711,11.050436016692
"376","Toolik",1997-07-26,110.380901877,11.050436016692
"377","Toolik",1997-07-27,139.851009002571,11.050436016692
"378","Toolik",1997-07-28,178.595084643429,11.050436016692
"379","Toolik",1997-07-29,131.284145108571,11.050436016692
"380","Toolik",1997-07-30,101.982815789143,11.050436016692
"381","Toolik",1997-07-31,81.8224404521143,11.050436016692
"382","Toolik",1997-08-01,68.9058034503429,11.050436016692
"383","Toolik",1997-08-02,61.052933952,11.050436016692
"384","Toolik",1997-08-03,57.4199844805662,11.050436016692
"385","Toolik",1997-08-04,52.6476465444185,11.050436016692
"386","Toolik",1997-08-05,50.6317685610462,11.050436016692
"387","Toolik",1997-08-06,94.053944335292,11.050436016692
"388","Toolik",1997-08-07,140.250907017693,11.050436016692
"389","Toolik",1997-08-08,165.825751706584,11.050436016692
"390","Toolik",1997-08-09,219.567082879108,11.050436016692
"391","Toolik",1997-08-10,172.53305649803,11.050436016692
"392","Toolik",1997-08-11,160.790785482185,11.050436016692
"393","Toolik",1997-08-12,170.952134937231,11.050436016692
"394","Toolik",1997-08-13,320.495564307046,11.050436016692
"395","Toolik",1997-08-14,609.548967181107,11.050436016692
"396","Toolik",1997-08-15,663.6946517784,11.050436016692
"397","Toolik",1997-08-16,356.114815614,11.050436016692
"398","Toolik",1997-08-17,283.7876036535,11.050436016692
"399","Toolik",1997-08-18,299.4193245186,11.050436016692
"400","Toolik",1997-08-19,249.584895708339,11.050436016692
"401","Toolik",1997-08-20,236.264794134097,11.050436016692
"402","Toolik",1997-08-21,244.103536163927,11.050436016692
"403","Toolik",1997-08-22,203.002463112957,11.050436016692
"404","Toolik",1997-08-23,175.755668314182,11.050436016692
"405","Toolik",1997-08-24,157.754855557004,11.050436016692
"406","Toolik",1998-06-02,19.7827212641629,11.050436016692
"407","Toolik",1998-06-03,36.359597237697,11.050436016692
"408","Toolik",1998-06-04,36.9579560236685,11.050436016692
"409","Toolik",1998-06-05,25.9008272031854,11.050436016692
"410","Toolik",1998-06-06,26.5040387209976,11.050436016692
"411","Toolik",1998-06-07,39.4549405677309,11.050436016692
"412","Toolik",1998-06-08,32.6923474073127,11.050436016692
"413","Toolik",1998-06-09,27.0828182368218,11.050436016692
"414","Toolik",1998-06-10,28.0936799274073,11.050436016692
"415","Toolik",1998-06-11,25.89710480208,11.050436016692
"416","Toolik",1998-06-12,20.51631956934,11.050436016692
"417","Toolik",1998-06-13,16.209626761872,11.050436016692
"418","Toolik",1998-06-14,15.895964078244,11.050436016692
"419","Toolik",1998-06-15,33.644154299184,11.050436016692
"420","Toolik",1998-06-16,41.24358034182,11.050436016692
"421","Toolik",1998-06-17,34.18099829622,11.050436016692
"422","Toolik",1998-06-18,28.18418851503,11.050436016692
"423","Toolik",1998-06-19,22.088199565125,11.050436016692
"424","Toolik",1998-06-20,18.0287340336,11.050436016692
"425","Toolik",1998-06-21,15.854848085835,11.050436016692
"426","Toolik",1998-06-22,15.38548798437,11.050436016692
"427","Toolik",1998-06-23,16.14440313117,11.050436016692
"428","Toolik",1998-06-24,16.7201463321,11.050436016692
"429","Toolik",1998-06-25,17.14359590928,11.050436016692
"430","Toolik",1998-06-26,28.91985392322,11.050436016692
"431","Toolik",1998-06-27,52.6100282208,11.050436016692
"432","Toolik",1998-06-27,52.6100282208,11.050436016692
"433","Toolik",1998-06-28,42.20281531737,11.050436016692
"434","Toolik",1998-06-29,32.95312495146,11.050436016692
"435","Toolik",1998-06-30,27.0754049925,11.050436016692
"436","Toolik",1998-07-01,22.735436934,11.050436016692
"437","Toolik",1998-07-02,21.26993666742,11.050436016692
"438","Toolik",1998-07-03,19.314117495,11.050436016692
"439","Toolik",1998-07-04,17.6052945672,11.050436016692
"440","Toolik",1998-07-05,16.5979705553743,11.050436016692
"441","Toolik",1998-07-06,14.6062638915428,11.050436016692
"442","Toolik",1998-07-07,13.1986295447657,11.050436016692
"443","Toolik",1998-07-08,11.68256141568,11.050436016692
"444","Toolik",1998-07-09,12.3366537730286,11.050436016692
"445","Toolik",1998-07-10,13.35150742716,11.050436016692
"446","Toolik",1998-07-11,13.074484188096,11.050436016692
"447","Toolik",1998-07-12,13.408382586816,11.050436016692
"448","Toolik",1998-07-13,12.809444245488,11.050436016692
"449","Toolik",1998-07-14,12.139641469296,11.050436016692
"450","Toolik",1998-07-15,10.87426521936,11.050436016692
"451","Toolik",1998-07-16,9.336367049616,11.050436016692
"452","Toolik",1998-07-17,8.5343896863648,11.050436016692
"453","Toolik",1998-07-18,7.7472116740152,11.050436016692
"454","Toolik",1998-07-19,7.1975294129664,11.050436016692
"455","Toolik",1998-07-20,6.6868654608,11.050436016692
"456","Toolik",1998-07-21,6.624710451828,11.050436016692
"457","Toolik",1998-07-22,6.678914343408,11.050436016692
"458","Toolik",1998-07-23,6.382555248672,11.050436016692
"459","Toolik",1998-07-24,6.017827059576,11.050436016692
"460","Toolik",1998-07-25,5.74125981669,11.050436016692
"461","Toolik",1998-07-26,18.494145369936,11.050436016692
"462","Toolik",1998-07-27,49.58889682446,11.050436016692
"463","Toolik",1998-07-28,62.943649812,11.050436016692
"464","Toolik",1998-07-29,57.24603654744,11.050436016692
"465","Toolik",1998-07-30,53.03025919968,11.050436016692
"466","Toolik",1998-07-31,53.6403167028,11.050436016692
"467","Toolik",1998-08-01,64.84389676728,11.050436016692
"468","Toolik",1998-08-02,69.4867518762353,11.050436016692
"469","Toolik",1998-08-03,69.5411359776,11.050436016692
"470","Toolik",1998-08-04,112.95867051495,11.050436016692
"471","Toolik",1998-08-05,117.2432904786,11.050436016692
"472","Toolik",1998-08-06,111.8163798675,11.050436016692
"473","Toolik",1998-08-07,128.9302399728,11.050436016692
"474","Toolik",1998-08-08,134.155953283886,11.050436016692
"475","Toolik",1998-08-09,118.522723023771,11.050436016692
"476","Toolik",1998-08-10,106.139386335086,11.050436016692
"477","Toolik",1998-08-11,133.051220573143,11.050436016692
"478","Toolik",1998-08-12,141.249445428343,11.050436016692
"479","Toolik",1998-08-13,119.031439697485,11.050436016692
"480","Toolik",1998-08-14,107.6126714208,11.050436016692
"481","Toolik",1998-08-15,100.40921450459,11.050436016692
"482","Toolik",1998-08-16,97.5621582593735,11.050436016692
"483","Toolik",1998-08-17,107.495054994408,11.050436016692
"484","Toolik",1998-08-18,131.319202150076,11.050436016692
"485","Toolik",1998-08-19,124.601860328433,11.050436016692
"486","Toolik",1999-05-29,26.4539510897851,11.050436016692
"487","Toolik",1999-05-30,29.3340188809555,11.050436016692
"488","Toolik",1999-05-31,29.6340287716116,11.050436016692
"489","Toolik",1999-06-01,39.5428251381009,11.050436016692
"490","Toolik",1999-06-02,35.2250603417134,11.050436016692
"491","Toolik",1999-06-03,28.6057329854475,11.050436016692
"492","Toolik",1999-06-04,25.7183557087066,11.050436016692
"493","Toolik",1999-06-05,26.4176682596459,11.050436016692
"494","Toolik",1999-06-06,27.1693332019185,11.050436016692
"495","Toolik",1999-06-07,26.3770848323842,11.050436016692
"496","Toolik",1999-06-08,23.9226635110687,11.050436016692
"497","Toolik",1999-06-09,24.4967327964581,11.050436016692
"498","Toolik",1999-06-10,42.638034278558,11.050436016692
"499","Toolik",1999-06-11,41.5840283455402,11.050436016692
"500","Toolik",1999-06-12,30.9261499211318,11.050436016692
"501","Toolik",1999-06-13,23.625827581611,11.050436016692
"502","Toolik",1999-06-14,19.0510924337989,11.050436016692
"503","Toolik",1999-06-15,16.2392150970569,11.050436016692
"504","Toolik",1999-06-16,14.4403622308277,11.050436016692
"505","Toolik",1999-06-17,14.1479821350371,11.050436016692
"506","Toolik",1999-06-18,104.361600956425,11.050436016692
"507","Toolik",1999-06-19,249.164987386799,11.050436016692
"508","Toolik",1999-06-20,103.249884710093,11.050436016692
"509","Toolik",1999-06-21,60.2049854892628,11.050436016692
"510","Toolik",1999-06-22,42.4651563503862,11.050436016692
"511","Toolik",1999-06-23,32.89785942798,11.050436016692
"512","Toolik",1999-06-24,26.0875817865,11.050436016692
"513","Toolik",1999-06-25,20.76983726706,11.050436016692
"514","Toolik",1999-06-26,16.29951766254,11.050436016692
"515","Toolik",1999-06-27,12.94001890272,11.050436016692
"516","Toolik",1999-06-28,10.41334003611,11.050436016692
"517","Toolik",1999-06-29,9.56750251364998,11.050436016692
"518","Toolik",1999-06-30,8.81524784317498,11.050436016692
"519","Toolik",1999-07-01,8.28602307717748,11.050436016692
"520","Toolik",1999-07-02,7.90697372651998,11.050436016692
"521","Toolik",1999-07-03,7.72173665383498,11.050436016692
"522","Toolik",1999-07-04,7.88709340534502,11.050436016692
"523","Toolik",1999-07-05,8.37883498218748,11.050436016692
"524","Toolik",1999-07-06,9.03994223480998,11.050436016692
"525","Toolik",1999-07-07,15.08516243064,11.050436016692
"526","Toolik",1999-07-08,39.536688573,11.050436016692
"527","Toolik",1999-07-09,50.13596079792,11.050436016692
"528","Toolik",1999-07-10,34.38927025344,11.050436016692
"529","Toolik",1999-07-11,25.75838995587,11.050436016692
"530","Toolik",1999-07-12,20.7022264812,11.050436016692
"531","Toolik",1999-07-13,17.1353960667,11.050436016692
"532","Toolik",1999-07-14,14.49344419731,11.050436016692
"533","Toolik",1999-07-15,13.3236320067,11.050436016692
"534","Toolik",1999-07-16,15.42905028,11.050436016692
"535","Toolik",1999-07-16,15.42905028,11.050436016692
"536","Toolik",1999-07-17,283.343793493095,11.050436016692
"537","Toolik",1999-07-17,283.343793493095,11.050436016692
"538","Toolik",1999-07-17,283.343793493095,11.050436016692
"539","Toolik",1999-07-17,283.343793493095,11.050436016692
"540","Toolik",1999-07-18,1045.9496589375,11.050436016692
"541","Toolik",1999-07-18,1045.9496589375,11.050436016692
"542","Toolik",1999-07-18,1045.9496589375,11.050436016692
"543","Toolik",1999-07-19,421.2621604809,11.050436016692
"544","Toolik",1999-07-19,421.2621604809,11.050436016692
"545","Toolik",1999-07-19,421.2621604809,11.050436016692
"546","Toolik",1999-07-20,204.3071159508,11.050436016692
"547","Toolik",1999-07-21,161.41483643445,11.050436016692
"548","Toolik",1999-07-22,151.303778388,11.050436016692
"549","Toolik",1999-07-23,162.2611845513,11.050436016692
"550","Toolik",1999-07-24,138.6207654021,11.050436016692
"551","Toolik",1999-07-25,96.014891423115,11.050436016692
"552","Toolik",1999-07-26,70.670992893345,11.050436016692
"553","Toolik",1999-07-27,55.8408331812375,11.050436016692
"554","Toolik",1999-07-28,47.81250355392,11.050436016692
"555","Toolik",1999-07-29,40.95820357632,11.050436016692
"556","Toolik",1999-07-30,33.40077973596,11.050436016692
"557","Toolik",1999-07-31,27.672193782,11.050436016692
"558","Toolik",1999-08-01,22.19233301604,11.050436016692
"559","Toolik",1999-08-02,18.62065953792,11.050436016692
"560","Toolik",1999-08-03,16.1665305732,11.050436016692
"561","Toolik",1999-08-04,14.10153519834,11.050436016692
"562","Toolik",1999-08-05,12.42378269748,11.050436016692
"563","Toolik",1999-08-06,11.3908553019,11.050436016692
"564","Toolik",1999-08-07,11.1899541033,11.050436016692
"565","Toolik",1999-08-08,35.04900370383,11.050436016692
"566","Toolik",1999-08-09,136.1482078557,11.050436016692
"567","Toolik",1999-08-09,136.1482078557,11.050436016692
"568","Toolik",1999-08-09,136.1482078557,11.050436016692
"569","Toolik",1999-08-10,91.6696396395,11.050436016692
"570","Toolik",1999-08-11,65.85826414104,11.050436016692
"571","Toolik",1999-08-12,54.717551558496,11.050436016692
"572","Toolik",1999-08-13,81.24420205512,11.050436016692
"573","Toolik",1999-08-14,97.1375150868477,11.050436016692
"574","Toolik",1999-08-15,106.268236959888,11.050436016692
"575","Toolik",1999-08-16,136.96062588,11.050436016692
"576","Toolik",1999-08-17,107.093985471413,11.050436016692
"577","Toolik",1999-08-18,88.5578938998753,11.050436016692
"578","Toolik",1999-08-19,76.3645259635078,11.050436016692
"579","Toolik",1999-08-20,69.0292933955013,11.050436016692
"580","Toolik",1999-08-21,62.1860219958019,11.050436016692
"581","Toolik",1999-08-22,58.2093036259514,11.050436016692
"582","Toolik",1999-08-23,54.2013542471436,11.050436016692
"583","Toolik",1999-08-24,50.1325596619897,11.050436016692
"584","Toolik",1999-08-25,47.5241414664711,11.050436016692
"585","Toolik",1999-08-26,43.7030869368832,11.050436016692
"586","Toolik",1999-08-27,40.3498215544718,11.050436016692
"587","Toolik",1999-08-28,36.8885326311557,11.050436016692
"588","Toolik",1999-08-29,33.2567871930517,11.050436016692
"589","Toolik",1999-08-30,31.224179031956,11.050436016692
"590","Toolik",2000-06-12,39.3731836054111,11.050436016692
"591","Toolik",2000-06-13,31.5747820002774,11.050436016692
"592","Toolik",2000-06-14,24.9689539845615,11.050436016692
"593","Toolik",2000-06-15,20.0461568839432,11.050436016692
"594","Toolik",2000-06-16,30.0531371703068,11.050436016692
"595","Toolik",2000-06-17,36.6744041187747,11.050436016692
"596","Toolik",2000-06-18,27.6451706187555,11.050436016692
"597","Toolik",2000-06-19,22.6549380564639,11.050436016692
"598","Toolik",2000-06-20,20.9044282196468,11.050436016692
"599","Toolik",2000-06-21,21.29452102899,11.050436016692
"600","Toolik",2000-06-22,19.4211343237114,11.050436016692
"601","Toolik",2000-06-23,16.0661160838286,11.050436016692
"602","Toolik",2000-06-24,12.7616994090514,11.050436016692
"603","Toolik",2000-06-25,9.88238253519001,11.050436016692
"604","Toolik",2000-06-26,7.8808200274543,11.050436016692
"605","Toolik",2000-06-27,7.31182216118141,11.050436016692
"606","Toolik",2000-06-28,9.2025286326,11.050436016692
"607","Toolik",2000-06-29,11.43641616171,11.050436016692
"608","Toolik",2000-06-30,10.64760512358,11.050436016692
"609","Toolik",2000-07-01,9.18555768837,11.050436016692
"610","Toolik",2000-07-02,13.78352757552,11.050436016692
"611","Toolik",2000-07-03,22.6138211019,11.050436016692
"612","Toolik",2000-07-04,27.75795341796,11.050436016692
"613","Toolik",2000-07-05,68.7884617097552,11.050436016692
"614","Toolik",2000-07-06,127.2322355796,11.050436016692
"615","Toolik",2000-07-07,69.2484086750398,11.050436016692
"616","Toolik",2000-07-08,44.274600081,11.050436016692
"617","Toolik",2000-07-09,36.2406754008,11.050436016692
"618","Toolik",2000-07-10,30.38261585355,11.050436016692
"619","Toolik",2000-07-11,24.94689369768,11.050436016692
"620","Toolik",2000-07-12,20.38619383074,11.050436016692
"621","Toolik",2000-07-13,16.56232042656,11.050436016692
"622","Toolik",2000-07-14,13.75852193145,11.050436016692
"623","Toolik",2000-07-15,11.1037407460875,11.050436016692
"624","Toolik",2000-07-16,8.63403991632,11.050436016692
"625","Toolik",2000-07-17,8.7021170619075,11.050436016692
"626","Toolik",2000-07-18,30.78483784812,11.050436016692
"627","Toolik",2000-07-18,30.78483784812,11.050436016692
"628","Toolik",2000-07-19,116.6078785095,11.050436016692
"629","Toolik",2000-07-19,116.6078785095,11.050436016692
"630","Toolik",2000-07-20,97.1739988254002,11.050436016692
"631","Toolik",2000-07-21,61.94173217868,11.050436016692
"632","Toolik",2000-07-22,44.45388443196,11.050436016692
"633","Toolik",2000-07-23,33.87211059696,11.050436016692
"634","Toolik",2000-07-24,30.38851549368,11.050436016692
"635","Toolik",2000-07-25,45.0136475451,11.050436016692
"636","Toolik",2000-07-26,55.01797114248,11.050436016692
"637","Toolik",2000-07-27,43.93613666511,11.050436016692
"638","Toolik",2000-07-28,34.1894003544,11.050436016692
"639","Toolik",2000-07-29,27.89304354954,11.050436016692
"640","Toolik",2000-07-30,23.56657001208,11.050436016692
"641","Toolik",2000-07-31,21.20558155272,11.050436016692
"642","Toolik",2000-08-01,17.67489717672,11.050436016692
"643","Toolik",2000-08-02,14.3441804373,11.050436016692
"644","Toolik",2000-08-03,12.06078884418,11.050436016692
"645","Toolik",2000-08-04,10.2213919332,11.050436016692
"646","Toolik",2000-08-05,8.60416593167998,11.050436016692
"647","Toolik",2000-08-06,8.83315150686,11.050436016692
"648","Toolik",2000-08-07,11.1040630272,11.050436016692
"649","Toolik",2000-08-08,12.9894172850057,11.050436016692
"650","Toolik",2000-08-09,14.1866304116143,11.050436016692
"651","Toolik",2000-08-10,14.0454117029571,11.050436016692
"652","Toolik",2000-08-11,13.7543136803743,11.050436016692
"653","Toolik",2000-08-12,13.9897041939514,11.050436016692
"654","Toolik",2000-08-13,36.9138193564628,11.050436016692
"655","Toolik",2000-08-14,175.1225516964,11.050436016692
"656","Toolik",2000-08-15,127.897587894082,11.050436016692
"657","Toolik",2000-08-16,140.800914937696,11.050436016692
"658","Toolik",2000-08-17,114.774943172975,11.050436016692
"659","Toolik",2000-08-18,103.45483765034,11.050436016692
"660","Toolik",2000-08-19,177.834956756791,11.050436016692
"661","Toolik",2000-08-20,177.204062497394,11.050436016692
"662","Toolik",2000-08-21,177.405333563185,11.050436016692
"663","Toolik",2000-08-22,158.863513300706,11.050436016692
"664","Toolik",2000-08-23,127.890898950905,11.050436016692
"665","Toolik",2000-08-24,108.557356426231,11.050436016692
"666","Toolik",2001-06-03,235.286931566369,11.050436016692
"667","Toolik",2001-06-04,192.185056307432,11.050436016692
"668","Toolik",2001-06-05,113.921422459102,11.050436016692
"669","Toolik",2001-06-06,98.1421347599021,11.050436016692
"670","Toolik",2001-06-07,96.7042661998369,11.050436016692
"671","Toolik",2001-06-08,91.7441103796216,11.050436016692
"672","Toolik",2001-06-09,83.9449305536321,11.050436016692
"673","Toolik",2001-06-10,76.0301166763382,11.050436016692
"674","Toolik",2001-06-11,117.506853317007,11.050436016692
"675","Toolik",2001-06-12,88.8056311856836,11.050436016692
"676","Toolik",2001-06-13,70.9934009316671,11.050436016692
"677","Toolik",2001-06-14,64.1970399228326,11.050436016692
"678","Toolik",2001-06-15,60.743844500147,11.050436016692
"679","Toolik",2001-06-16,58.994556163407,11.050436016692
"680","Toolik",2001-06-17,58.2569608721981,11.050436016692
"681","Toolik",2001-06-18,57.9223263570096,11.050436016692
"682","Toolik",2001-06-19,57.8872900815987,11.050436016692
"683","Toolik",2001-06-20,58.1407221122628,11.050436016692
"684","Toolik",2001-06-21,58.1605505470466,11.050436016692
"685","Toolik",2001-06-22,57.3656487761213,11.050436016692
"686","Toolik",2001-06-23,57.5901940176,11.050436016692
"687","Toolik",2001-06-24,64.8829795660875,11.050436016692
"688","Toolik",2001-06-25,72.042340734,11.050436016692
"689","Toolik",2001-06-26,79.9176209567623,11.050436016692
"690","Toolik",2001-06-27,147.63015285975,11.050436016692
"691","Toolik",2001-06-27,147.63015285975,11.050436016692
"692","Toolik",2001-06-28,203.16437031825,11.050436016692
"693","Toolik",2001-06-28,203.16437031825,11.050436016692
"694","Toolik",2001-06-28,203.16437031825,11.050436016692
"695","Toolik",2001-06-28,203.16437031825,11.050436016692
"696","Toolik",2001-06-29,112.81787790345,11.050436016692
"697","Toolik",2001-06-30,76.7400113376001,11.050436016692
"698","Toolik",2001-07-01,69.721916724,11.050436016692
"699","Toolik",2001-07-02,67.4143334045999,11.050436016692
"700","Toolik",2001-07-03,66.1645398888,11.050436016692
"701","Toolik",2001-07-04,66.1220746128,11.050436016692
"702","Toolik",2001-07-05,80.541462402,11.050436016692
"703","Toolik",2001-07-06,98.6609912399998,11.050436016692
"704","Toolik",2001-07-07,152.2679929227,11.050436016692
"705","Toolik",2001-07-08,131.919023307273,11.050436016692
"706","Toolik",2001-07-09,111.062616622691,11.050436016692
"707","Toolik",2001-07-10,101.988885539863,11.050436016692
"708","Toolik",2001-07-11,99.0566352530184,11.050436016692
"709","Toolik",2001-07-12,96.0863592417546,11.050436016692
"710","Toolik",2001-07-13,96.1968470881093,11.050436016692
"711","Toolik",2001-07-14,95.2720829786457,11.050436016692
"712","Toolik",2001-07-15,94.1698930634182,11.050436016692
"713","Toolik",2001-07-16,90.1154886666548,11.050436016692
"714","Toolik",2001-07-17,86.8493620409727,11.050436016692
"715","Toolik",2001-07-18,85.7486657637002,11.050436016692
"716","Toolik",2001-07-19,86.8844096811,11.050436016692
"717","Toolik",2001-07-20,86.5461029823002,11.050436016692
"718","Toolik",2001-07-21,88.2871371700502,11.050436016692
"719","Toolik",2001-07-22,89.2121303040002,11.050436016692
"720","Toolik",2001-07-23,92.3385435673502,11.050436016692
"721","Toolik",2001-07-23,92.3385435673502,11.050436016692
"722","Toolik",2001-07-24,107.179032705075,11.050436016692
"723","Toolik",2001-07-24,107.179032705075,11.050436016692
"724","Toolik",2001-07-24,107.179032705075,11.050436016692
"725","Toolik",2001-07-24,107.179032705075,11.050436016692
"726","Toolik",2001-07-25,138.0163935276,11.050436016692
"727","Toolik",2001-07-26,146.8412845272,11.050436016692
"728","Toolik",2001-07-26,146.8412845272,11.050436016692
"729","Toolik",2001-07-27,128.9267011998,11.050436016692
"730","Toolik",2001-07-28,126.5588070777,11.050436016692
"731","Toolik",2001-07-29,153.02981491875,11.050436016692
"732","Toolik",2001-07-29,153.02981491875,11.050436016692
"733","Toolik",2001-07-30,241.4396632554,11.050436016692
"734","Toolik",2001-07-31,217.384803234,11.050436016692
"735","Toolik",2001-08-01,180.8782648731,11.050436016692
"736","Toolik",2001-08-02,170.221213873672,11.050436016692
"737","Toolik",2001-08-03,183.386424401743,11.050436016692
"738","Toolik",2001-08-04,203.815594825072,11.050436016692
"739","Toolik",2001-08-05,186.620003507443,11.050436016692
"740","Toolik",2001-08-06,171.927176895129,11.050436016692
"741","Toolik",2001-08-07,159.246951595714,11.050436016692
"742","Toolik",2001-08-08,148.070350944,11.050436016692
"743","Toolik",2001-08-09,143.97342244488,11.050436016692
"744","Toolik",2001-08-10,146.58309564912,11.050436016692
"745","Toolik",2001-08-11,166.60747521756,11.050436016692
"746","Toolik",2001-08-12,172.4843964249,11.050436016692
"747","Toolik",2001-08-13,168.7319320896,11.050436016692
"748","Toolik",2001-08-14,188.022521605102,11.050436016692
"749","Toolik",2001-08-15,311.886798035279,11.050436016692
"750","Toolik",2001-08-16,338.510630802124,11.050436016692
"751","Toolik",2001-08-17,272.223733461992,11.050436016692
"752","Toolik",2001-08-18,223.26700129631,11.050436016692
"753","Toolik",2001-08-19,190.135433521886,11.050436016692
"754","Toolik",2001-08-20,168.437331181731,11.050436016692
"755","Toolik",2001-08-21,155.671689790662,11.050436016692
"756","Toolik",2001-08-22,148.149128989151,11.050436016692
"757","Toolik",2001-08-23,143.831913912381,11.050436016692
"758","Toolik",2001-08-24,141.034641536885,11.050436016692
"759","Toolik",2002-06-05,8.76065176999385,11.050436016692
"760","Toolik",2002-06-06,8.86351928319953,11.050436016692
"761","Toolik",2002-06-07,8.23043702252768,11.050436016692
"762","Toolik",2002-06-08,7.29958567996125,11.050436016692
"763","Toolik",2002-06-09,6.69583352822191,11.050436016692
"764","Toolik",2002-06-10,6.24025164915434,11.050436016692
"765","Toolik",2002-06-11,5.61514076632213,11.050436016692
"766","Toolik",2002-06-12,4.80751056902511,11.050436016692
"767","Toolik",2002-06-13,4.69367995650923,11.050436016692
"768","Toolik",2002-06-14,28.7556996253872,11.050436016692
"769","Toolik",2002-06-15,65.4718416012867,11.050436016692
"770","Toolik",2002-06-16,41.3530707561923,11.050436016692
"771","Toolik",2002-06-17,27.6782835825692,11.050436016692
"772","Toolik",2002-06-18,21.8603310691033,11.050436016692
"773","Toolik",2002-06-19,17.5880502430338,11.050436016692
"774","Toolik",2002-06-20,16.2343570881064,11.050436016692
"775","Toolik",2002-06-21,15.9610289697,11.050436016692
"776","Toolik",2002-06-22,35.272833623775,11.050436016692
"777","Toolik",2002-06-23,71.2401514487999,11.050436016692
"778","Toolik",2002-06-24,65.8369758937501,11.050436016692
"779","Toolik",2002-06-25,44.5759215465599,11.050436016692
"780","Toolik",2002-06-25,44.5759215465599,11.050436016692
"781","Toolik",2002-06-26,31.177891892925,11.050436016692
"782","Toolik",2002-06-26,31.177891892925,11.050436016692
"783","Toolik",2002-06-27,19.63411862661,11.050436016692
"784","Toolik",2002-06-28,39.28678042374,11.050436016692
"785","Toolik",2002-06-29,80.8261819667999,11.050436016692
"786","Toolik",2002-06-30,65.6897376600002,11.050436016692
"787","Toolik",2002-07-01,53.04011552505,11.050436016692
"788","Toolik",2002-07-02,45.32857812054,11.050436016692
"789","Toolik",2002-07-03,55.1581975503002,11.050436016692
"790","Toolik",2002-07-04,57.91960323,11.050436016692
"791","Toolik",2002-07-05,71.8156064925,11.050436016692
"792","Toolik",2002-07-06,70.9893752168571,11.050436016692
"793","Toolik",2002-07-07,108.015629335714,11.050436016692
"794","Toolik",2002-07-08,102.603870450643,11.050436016692
"795","Toolik",2002-07-09,65.3748590828572,11.050436016692
"796","Toolik",2002-07-10,56.8396852621714,11.050436016692
"797","Toolik",2002-07-11,49.2088521036215,11.050436016692
"798","Toolik",2002-07-12,38.65667155875,11.050436016692
"799","Toolik",2002-07-13,36.95349550158,11.050436016692
"800","Toolik",2002-07-14,40.687877717928,11.050436016692
"801","Toolik",2002-07-15,35.692977481434,11.050436016692
"802","Toolik",2002-07-16,29.359336164246,11.050436016692
"803","Toolik",2002-07-17,24.73709501268,11.050436016692
"804","Toolik",2002-07-18,21.293001884295,11.050436016692
"805","Toolik",2002-07-19,17.3573782416,11.050436016692
"806","Toolik",2002-07-20,13.269395255085,11.050436016692
"807","Toolik",2002-07-21,11.74857975369,11.050436016692
"808","Toolik",2002-07-21,11.74857975369,11.050436016692
"809","Toolik",2002-07-22,13.954613432004,11.050436016692
"810","Toolik",2002-07-23,15.601944112461,11.050436016692
"811","Toolik",2002-07-24,15.144312515796,11.050436016692
"812","Toolik",2002-07-25,13.621881311757,11.050436016692
"813","Toolik",2002-07-26,12.92129373816,11.050436016692
"814","Toolik",2002-07-27,11.6465352621429,11.050436016692
"815","Toolik",2002-07-28,10.3725466498028,11.050436016692
"816","Toolik",2002-07-29,8.98770561213859,11.050436016692
"817","Toolik",2002-07-30,7.65994137197145,11.050436016692
"818","Toolik",2002-07-31,6.60465470861998,11.050436016692
"819","Toolik",2002-08-01,5.82800092050859,11.050436016692
"820","Toolik",2002-08-02,5.39127516699,11.050436016692
"821","Toolik",2002-08-03,4.747909047264,11.050436016692
"822","Toolik",2002-08-04,4.193862063597,11.050436016692
"823","Toolik",2002-08-05,4.088477909196,11.050436016692
"824","Toolik",2002-08-06,4.329266640435,11.050436016692
"825","Toolik",2002-08-07,4.361814757872,11.050436016692
"826","Toolik",2002-08-08,4.342001167845,11.050436016692
"827","Toolik",2002-08-09,5.90235487442998,11.050436016692
"828","Toolik",2002-08-10,6.86943449646263,11.050436016692
"829","Toolik",2002-08-11,10.9983073455939,11.050436016692
"830","Toolik",2002-08-12,19.2609884232939,11.050436016692
"831","Toolik",2002-08-13,37.0996318801095,11.050436016692
"832","Toolik",2002-08-14,38.4886732560652,11.050436016692
"833","Toolik",2002-08-15,386.611767025184,11.050436016692
"834","Toolik",2002-08-16,916.787767074259,11.050436016692
"835","Toolik",2002-08-17,391.171606596626,11.050436016692
"836","Toolik",2002-08-18,171.1029099996,11.050436016692
"837","Toolik",2002-08-19,101.156859262957,11.050436016692
"838","Toolik",2002-08-20,64.9690940134958,11.050436016692
"839","Toolik",2002-08-21,45.1071634681174,11.050436016692
"840","Toolik",2002-08-22,38.1727540221809,11.050436016692
"841","Toolik",2002-08-23,35.2499117162165,11.050436016692
"842","Toolik",2002-08-24,41.7354073657435,11.050436016692
"843","Toolik",2002-08-25,44.7613932552809,11.050436016692
"844","Toolik",2002-08-26,41.6224967686904,11.050436016692
"845","Toolik",2002-08-27,36.6534202995548,11.050436016692
"846","Toolik",2002-08-28,29.7511653320139,11.050436016692
"847","Toolik",2002-08-29,26.7829616709783,11.050436016692
"848","Toolik",2002-08-30,22.8245319550956,11.050436016692
"849","Toolik",2002-08-31,17.7926841792963,11.050436016692
"850","Toolik",2003-05-21,NA,11.050436016692
"851","Toolik",2003-05-28,NA,11.050436016692
"852","Toolik",2003-06-01,NA,11.050436016692
"853","Toolik",2003-06-03,NA,11.050436016692
"854","Toolik",2003-06-04,320.249192375314,11.050436016692
"855","Toolik",2003-06-05,303.0997495464,11.050436016692
"856","Toolik",2003-06-06,275.5850817168,11.050436016692
"857","Toolik",2003-06-07,211.9131018675,11.050436016692
"858","Toolik",2003-06-08,136.23368607495,11.050436016692
"859","Toolik",2003-06-09,95.9783990903999,11.050436016692
"860","Toolik",2003-06-10,71.06479008048,11.050436016692
"861","Toolik",2003-06-11,53.67623019336,11.050436016692
"862","Toolik",2003-06-12,41.2921019750399,11.050436016692
"863","Toolik",2003-06-13,30.953558456136,11.050436016692
"864","Toolik",2003-06-14,23.9121969156,11.050436016692
"865","Toolik",2003-06-15,19.53934523028,11.050436016692
"866","Toolik",2003-06-16,19.4353625985,11.050436016692
"867","Toolik",2003-06-17,19.81877180175,11.050436016692
"868","Toolik",2003-06-18,18.16488579708,11.050436016692
"869","Toolik",2003-06-19,14.6132114418,11.050436016692
"870","Toolik",2003-06-20,11.52105687135,11.050436016692
"871","Toolik",2003-06-21,9.60776060637599,11.050436016692
"872","Toolik",2003-06-22,8.18316282623399,11.050436016692
"873","Toolik",2003-06-23,7.18806895833601,11.050436016692
"874","Toolik",2003-06-24,6.47953481719799,11.050436016692
"875","Toolik",2003-06-25,5.83647808734001,11.050436016692
"876","Toolik",2003-06-26,5.32503439181999,11.050436016692
"877","Toolik",2003-06-27,5.08535835192001,11.050436016692
"878","Toolik",2003-06-28,5.284745966754,11.050436016692
"879","Toolik",2003-06-29,5.630222219652,11.050436016692
"880","Toolik",2003-06-30,5.62388680490399,11.050436016692
"881","Toolik",2003-07-01,5.69467439783998,11.050436016692
"882","Toolik",2003-07-02,6.46294201614002,11.050436016692
"883","Toolik",2003-07-03,28.9379171543745,11.050436016692
"884","Toolik",2003-07-03,28.9379171543745,11.050436016692
"885","Toolik",2003-07-04,56.7992529751502,11.050436016692
"886","Toolik",2003-07-04,56.7992529751502,11.050436016692
"887","Toolik",2003-07-05,50.64127230537,11.050436016692
"888","Toolik",2003-07-06,37.24618741641,11.050436016692
"889","Toolik",2003-07-07,93.5841158324998,11.050436016692
"890","Toolik",2003-07-07,93.5841158324998,11.050436016692
"891","Toolik",2003-07-08,156.9763303992,11.050436016692
"892","Toolik",2003-07-08,156.9763303992,11.050436016692
"893","Toolik",2003-07-08,156.9763303992,11.050436016692
"894","Toolik",2003-07-09,92.1507105519002,11.050436016692
"895","Toolik",2003-07-10,65.44194771915,11.050436016692
"896","Toolik",2003-07-11,75.75970549653,11.050436016692
"897","Toolik",2003-07-12,89.9897335425002,11.050436016692
"898","Toolik",2003-07-13,118.2613449168,11.050436016692
"899","Toolik",2003-07-14,155.8862366535,11.050436016692
"900","Toolik",2003-07-15,181.1511548253,11.050436016692
"901","Toolik",2003-07-16,152.1690083865,11.050436016692
"902","Toolik",2003-07-17,139.3182575604,11.050436016692
"903","Toolik",2003-07-18,128.2555981773,11.050436016692
"904","Toolik",2003-07-19,121.726713654,11.050436016692
"905","Toolik",2003-07-20,91.031902191,11.050436016692
"906","Toolik",2003-07-21,69.81072476013,11.050436016692
"907","Toolik",2003-07-22,62.11687110984,11.050436016692
"908","Toolik",2003-07-23,65.89350526473,11.050436016692
"909","Toolik",2003-07-24,66.45262128795,11.050436016692
"910","Toolik",2003-07-25,127.52979077961,11.050436016692
"911","Toolik",2003-07-26,583.9739824968,11.050436016692
"912","Toolik",2003-07-27,336.0548258784,11.050436016692
"913","Toolik",2003-07-27,336.0548258784,11.050436016692
"914","Toolik",2003-07-28,220.629858075,11.050436016692
"915","Toolik",2003-07-28,220.629858075,11.050436016692
"916","Toolik",2003-07-29,182.017800333,11.050436016692
"917","Toolik",2003-07-30,149.95133517825,11.050436016692
"918","Toolik",2003-07-31,152.0673950475,11.050436016692
"919","Toolik",2003-08-01,152.109102015,11.050436016692
"920","Toolik",2003-08-02,141.04480468554,11.050436016692
"921","Toolik",2003-08-03,122.62892888574,11.050436016692
"922","Toolik",2003-08-04,119.9387233188,11.050436016692
"923","Toolik",2003-08-05,113.8743785826,11.050436016692
"924","Toolik",2003-08-06,115.1755854147,11.050436016692
"925","Toolik",2003-08-07,98.9425146749003,11.050436016692
"926","Toolik",2003-08-08,99.1530323487,11.050436016692
"927","Toolik",2003-08-09,86.0884048230003,11.050436016692
"928","Toolik",2003-08-10,81.4390693649003,11.050436016692
"929","Toolik",2003-08-11,241.7716619509,11.050436016692
"930","Toolik",2003-08-12,552.7647008448,11.050436016692
"931","Toolik",2003-08-13,517.4477182193,11.050436016692
"932","Toolik",2003-08-14,257.412988057,11.050436016692
"933","Toolik",2003-08-15,154.1127047337,11.050436016692
"934","Toolik",2003-08-16,118.840504977612,11.050436016692
"935","Toolik",2004-05-15,NA,11.050436016692
"936","Toolik",2004-05-16,NA,11.050436016692
"937","Toolik",2004-05-16,NA,11.050436016692
"938","Toolik",2004-05-17,NA,11.050436016692
"939","Toolik",2004-05-17,NA,11.050436016692
"940","Toolik",2004-05-18,NA,11.050436016692
"941","Toolik",2004-05-18,NA,11.050436016692
"942","Toolik",2004-05-19,NA,11.050436016692
"943","Toolik",2004-05-19,NA,11.050436016692
"944","Toolik",2004-05-20,NA,11.050436016692
"945","Toolik",2004-05-21,NA,11.050436016692
"946","Toolik",2004-05-27,NA,11.050436016692
"947","Toolik",2004-06-03,NA,11.050436016692
"948","Toolik",2004-06-09,NA,11.050436016692
"949","Toolik",2004-06-18,NA,11.050436016692
"950","Toolik",2004-06-21,1.84755601737391,11.050436016692
"951","Toolik",2004-06-22,1.82064572865886,11.050436016692
"952","Toolik",2004-06-23,1.787204222055,11.050436016692
"953","Toolik",2004-06-24,1.7957804384205,11.050436016692
"954","Toolik",2004-06-25,1.796049637938,11.050436016692
"955","Toolik",2004-06-26,1.75471445826257,11.050436016692
"956","Toolik",2004-06-27,1.69368680126057,11.050436016692
"957","Toolik",2004-06-28,1.62611494190357,11.050436016692
"958","Toolik",2004-06-29,1.55170068440143,11.050436016692
"959","Toolik",2004-06-30,1.47081624989786,11.050436016692
"960","Toolik",2004-07-01,1.38331358768572,11.050436016692
"961","Toolik",2004-07-02,1.320423380568,11.050436016692
"962","Toolik",2004-07-03,1.4568307445664,11.050436016692
"963","Toolik",2004-07-04,1.6271028517734,11.050436016692
"964","Toolik",2004-07-05,1.8047402577792,11.050436016692
"965","Toolik",2004-07-06,1.9933588808352,11.050436016692
"966","Toolik",2004-07-07,2.71789393797,11.050436016692
"967","Toolik",2004-07-08,11.741176135035,11.050436016692
"968","Toolik",2004-07-08,11.741176135035,11.050436016692
"969","Toolik",2004-07-09,56.66999676363,11.050436016692
"970","Toolik",2004-07-09,56.66999676363,11.050436016692
"971","Toolik",2004-07-10,358.448046612,11.050436016692
"972","Toolik",2004-07-10,358.448046612,11.050436016692
"973","Toolik",2004-07-10,358.448046612,11.050436016692
"974","Toolik",2004-07-11,455.1514897362,11.050436016692
"975","Toolik",2004-07-12,249.4422445176,11.050436016692
"976","Toolik",2004-07-13,147.574417185,11.050436016692
"977","Toolik",2004-07-14,99.1952448552,11.050436016692
"978","Toolik",2004-07-15,65.1597811263,11.050436016692
"979","Toolik",2004-07-16,47.1217451751,11.050436016692
"980","Toolik",2004-07-17,64.13542767216,11.050436016692
"981","Toolik",2004-07-18,118.2715905072,11.050436016692
"982","Toolik",2004-07-19,357.165325656,11.050436016692
"983","Toolik",2004-07-20,243.35636382,11.050436016692
"984","Toolik",2004-07-21,196.651974792,11.050436016692
"985","Toolik",2004-07-22,139.5521030505,11.050436016692
"986","Toolik",2004-07-23,96.343094925,11.050436016692
"987","Toolik",2004-07-24,69.36190386567,11.050436016692
"988","Toolik",2004-07-25,49.64158409904,11.050436016692
"989","Toolik",2004-07-26,36.03627081693,11.050436016692
"990","Toolik",2004-07-27,29.7931137768113,11.050436016692
"991","Toolik",2004-07-28,41.4855174048975,11.050436016692
"992","Toolik",2004-07-29,60.5630451755925,11.050436016692
"993","Toolik",2004-07-30,58.810648577535,11.050436016692
"994","Toolik",2004-07-30,58.810648577535,11.050436016692
"995","Toolik",2004-07-31,183.6040806072,11.050436016692
"996","Toolik",2004-07-31,183.6040806072,11.050436016692
"997","Toolik",2004-08-01,317.580105339,11.050436016692
"998","Toolik",2004-08-01,317.580105339,11.050436016692
"999","Toolik",2004-08-02,167.7950672148,11.050436016692
"1000","Toolik",2004-08-03,207.89328323205,11.050436016692
"1001","Toolik",2004-08-03,207.89328323205,11.050436016692
"1002","Toolik",2004-08-04,245.61028417455,11.050436016692
"1003","Toolik",2004-08-04,245.61028417455,11.050436016692
"1004","Toolik",2004-08-05,145.544513799825,11.050436016692
"1005","Toolik",2004-08-06,94.5932222304002,11.050436016692
"1006","Toolik",2004-08-06,94.5932222304002,11.050436016692
"1007","Toolik",2004-08-07,55.60910295057,11.050436016692
"1008","Toolik",2004-08-08,34.02500918238,11.050436016692
"1009","Toolik",2004-08-09,33.07721792466,11.050436016692
"1010","Toolik",2004-08-10,32.18075572674,11.050436016692
"1011","Toolik",2004-08-11,35.78797533708,11.050436016692
"1012","Toolik",2004-08-12,31.85290525959,11.050436016692
"1013","Toolik",2004-08-13,37.42629074055,11.050436016692
"1014","Toolik",2004-08-13,37.42629074055,11.050436016692
"1015","Toolik",2004-08-14,142.33483910574,11.050436016692
"1016","Toolik",2004-08-14,142.33483910574,11.050436016692
"1017","Toolik",2004-08-15,116.0862633693,11.050436016692
"1018","Toolik",2004-08-16,83.620786148121,11.050436016692
"1019","Toolik",2004-08-19,NA,11.050436016692
"1020","Toolik",2005-05-09,NA,11.050436016692
"1021","Toolik",2005-05-10,NA,11.050436016692
"1022","Toolik",2005-05-10,NA,11.050436016692
"1023","Toolik",2005-05-11,NA,11.050436016692
"1024","Toolik",2005-05-12,NA,11.050436016692
"1025","Toolik",2005-05-13,NA,11.050436016692
"1026","Toolik",2005-05-14,NA,11.050436016692
"1027","Toolik",2005-05-15,NA,11.050436016692
"1028","Toolik",2005-05-16,NA,11.050436016692
"1029","Toolik",2005-05-17,NA,11.050436016692
"1030","Toolik",2005-05-18,NA,11.050436016692
"1031","Toolik",2005-05-19,NA,11.050436016692
"1032","Toolik",2005-05-20,NA,11.050436016692
"1033","Toolik",2005-05-21,NA,11.050436016692
"1034","Toolik",2005-05-22,NA,11.050436016692
"1035","Toolik",2005-05-23,NA,11.050436016692
"1036","Toolik",2005-05-25,NA,11.050436016692
"1037","Toolik",2005-05-27,NA,11.050436016692
"1038","Toolik",2005-05-29,NA,11.050436016692
"1039","Toolik",2005-05-31,NA,11.050436016692
"1040","Toolik",2005-06-02,NA,11.050436016692
"1041","Toolik",2005-06-04,NA,11.050436016692
"1042","Toolik",2005-06-09,12.0428001805553,11.050436016692
"1043","Toolik",2005-06-10,11.5765951215559,11.050436016692
"1044","Toolik",2005-06-11,13.8594531893012,11.050436016692
"1045","Toolik",2005-06-12,15.644869521468,11.050436016692
"1046","Toolik",2005-06-13,12.9727446559882,11.050436016692
"1047","Toolik",2005-06-14,9.88667808024792,11.050436016692
"1048","Toolik",2005-06-15,7.41170430524118,11.050436016692
"1049","Toolik",2005-06-16,5.68200602004294,11.050436016692
"1050","Toolik",2005-06-17,4.690126950642,11.050436016692
"1051","Toolik",2005-06-18,3.71193310707429,11.050436016692
"1052","Toolik",2005-06-19,2.81887448658172,11.050436016692
"1053","Toolik",2005-06-20,2.53088567328857,11.050436016692
"1054","Toolik",2005-06-21,2.26702219215343,11.050436016692
"1055","Toolik",2005-06-22,2.03594197631014,11.050436016692
"1056","Toolik",2005-06-23,1.82768236868571,11.050436016692
"1057","Toolik",2005-06-24,1.669834243503,11.050436016692
"1058","Toolik",2005-06-25,1.507119944346,11.050436016692
"1059","Toolik",2005-06-26,1.2089684105316,11.050436016692
"1060","Toolik",2005-06-27,0.863384174503202,11.050436016692
"1061","Toolik",2005-06-28,0.744824258252998,11.050436016692
"1062","Toolik",2005-06-29,0.737444905469998,11.050436016692
"1063","Toolik",2005-06-30,1.151957564208,11.050436016692
"1064","Toolik",2005-07-01,1.580079838365,11.050436016692
"1065","Toolik",2005-07-02,1.13660022824614,11.050436016692
"1066","Toolik",2005-07-03,1.20666403377386,11.050436016692
"1067","Toolik",2005-07-04,0.837658118099572,11.050436016692
"1068","Toolik",2005-07-05,1.38519737043943,11.050436016692
"1069","Toolik",2005-07-06,5.24164609486928,11.050436016692
"1070","Toolik",2005-07-07,38.2571123103128,11.050436016692
"1071","Toolik",2005-07-08,31.04933585292,11.050436016692
"1072","Toolik",2005-07-09,42.60654381816,11.050436016692
"1073","Toolik",2005-07-10,56.8571227466786,11.050436016692
"1074","Toolik",2005-07-11,89.4092519967429,11.050436016692
"1075","Toolik",2005-07-12,146.749926407915,11.050436016692
"1076","Toolik",2005-07-13,185.388756050957,11.050436016692
"1077","Toolik",2005-07-14,130.819980864729,11.050436016692
"1078","Toolik",2005-07-15,91.7426900249998,11.050436016692
"1079","Toolik",2005-07-16,63.463711936392,11.050436016692
"1080","Toolik",2005-07-17,45.665078022954,11.050436016692
"1081","Toolik",2005-07-18,36.136378660788,11.050436016692
"1082","Toolik",2005-07-19,29.933675988912,11.050436016692
"1083","Toolik",2005-07-20,22.98749530914,11.050436016692
"1084","Toolik",2005-07-21,17.592552456705,11.050436016692
"1085","Toolik",2005-07-22,13.64888568852,11.050436016692
"1086","Toolik",2005-07-23,10.9352274451715,11.050436016692
"1087","Toolik",2005-07-24,8.81914807655998,11.050436016692
"1088","Toolik",2005-07-25,7.43293753374474,11.050436016692
"1089","Toolik",2005-07-26,6.27394712762829,11.050436016692
"1090","Toolik",2005-07-27,5.55510735731572,11.050436016692
"1091","Toolik",2005-07-28,4.89970420956,11.050436016692
"1092","Toolik",2005-07-29,4.413322609965,11.050436016692
"1093","Toolik",2005-07-30,4.008804962796,11.050436016692
"1094","Toolik",2005-07-31,3.65094950418514,11.050436016692
"1095","Toolik",2005-08-01,3.28695737987315,11.050436016692
"1096","Toolik",2005-08-02,2.972728059246,11.050436016692
"1097","Toolik",2005-08-03,2.77982246547,11.050436016692
"1098","Toolik",2005-08-04,2.60233097246357,11.050436016692
"1099","Toolik",2005-08-05,2.442649185108,11.050436016692
"1100","Toolik",2005-08-06,2.2955458291632,11.050436016692
"1101","Toolik",2005-08-07,2.1279414512592,11.050436016692
"1102","Toolik",2005-08-08,2.0330222574816,11.050436016692
"1103","Toolik",2005-08-09,1.8038371629096,11.050436016692
"1104","Toolik",2005-08-10,1.583465433048,11.050436016692
"1105","Toolik",2005-08-11,1.520067303675,11.050436016692
"1106","Toolik",2005-08-12,1.434915831132,11.050436016692
"1107","Toolik",2005-08-13,1.435564943208,11.050436016692
"1108","Toolik",2005-08-14,1.33879365675,11.050436016692
"1109","Toolik",2005-08-15,1.24629518592,11.050436016692
"1110","Toolik",2005-08-16,1.155504425832,11.050436016692
"1111","Toolik",2005-08-17,1.1041982838,11.050436016692
"1112","Toolik",2005-08-18,1.075866867162,11.050436016692
"1113","Toolik",2005-08-19,1.0189449957024,11.050436016692
"1114","Toolik",2005-08-20,1.0121230502208,11.050436016692
"1115","Toolik",2005-08-21,1.030533162876,11.050436016692
"1116","Toolik",2005-08-22,1.0331049408768,11.050436016692
"1117","Toolik",2005-08-23,1.071969161472,11.050436016692
"1118","Toolik",2005-08-24,1.14421677883596,11.050436016692
"1119","Toolik",2005-08-25,1.11839266538771,11.050436016692
"1120","Toolik",2005-08-26,1.73567140571654,11.050436016692
"1121","Toolik",2005-08-27,1.95324286923712,11.050436016692
"1122","Toolik",2005-08-28,1.91437416793336,11.050436016692
"1123","Toolik",2005-08-29,1.84213491715299,11.050436016692
"1124","Toolik",2006-05-16,NA,11.050436016692
"1125","Toolik",2006-05-16,NA,11.050436016692
"1126","Toolik",2006-05-17,NA,11.050436016692
"1127","Toolik",2006-05-18,NA,11.050436016692
"1128","Toolik",2006-05-19,NA,11.050436016692
"1129","Toolik",2006-05-20,NA,11.050436016692
"1130","Toolik",2006-05-22,NA,11.050436016692
"1131","Toolik",2006-05-24,NA,11.050436016692
"1132","Toolik",2006-05-26,NA,11.050436016692
"1133","Toolik",2006-06-08,46.3380934942793,11.050436016692
"1134","Toolik",2006-06-09,42.0356897352792,11.050436016692
"1135","Toolik",2006-06-10,35.43096369528,11.050436016692
"1136","Toolik",2006-06-11,27.79787583279,11.050436016692
"1137","Toolik",2006-06-12,21.2871351042,11.050436016692
"1138","Toolik",2006-06-13,18.905629344525,11.050436016692
"1139","Toolik",2006-06-14,19.63814271705,11.050436016692
"1140","Toolik",2006-06-15,91.5608982006,11.050436016692
"1141","Toolik",2006-06-16,93.7370413799998,11.050436016692
"1142","Toolik",2006-06-17,62.4308647530002,11.050436016692
"1143","Toolik",2006-06-18,46.15031154348,11.050436016692
"1144","Toolik",2006-06-19,42.86519273673,11.050436016692
"1145","Toolik",2006-06-20,47.3862869932802,11.050436016692
"1146","Toolik",2006-06-21,46.5029738647499,11.050436016692
"1147","Toolik",2006-06-22,36.98782159968,11.050436016692
"1148","Toolik",2006-06-23,35.3353523680575,11.050436016692
"1149","Toolik",2006-06-24,56.6617590056252,11.050436016692
"1150","Toolik",2006-06-25,55.0211307612302,11.050436016692
"1151","Toolik",2006-06-26,41.67990599733,11.050436016692
"1152","Toolik",2006-06-27,62.8273758419999,11.050436016692
"1153","Toolik",2006-06-28,53.99873879841,11.050436016692
"1154","Toolik",2006-06-29,40.5063186942375,11.050436016692
"1155","Toolik",2006-06-30,33.37916288832,11.050436016692
"1156","Toolik",2006-06-30,33.37916288832,11.050436016692
"1157","Toolik",2006-06-30,33.37916288832,11.050436016692
"1158","Toolik",2006-07-01,45.7880827392,11.050436016692
"1159","Toolik",2006-07-02,92.3355482487752,11.050436016692
"1160","Toolik",2006-07-02,92.3355482487752,11.050436016692
"1161","Toolik",2006-07-03,90.3650962500002,11.050436016692
"1162","Toolik",2006-07-03,90.3650962500002,11.050436016692
"1163","Toolik",2006-07-04,53.33145259536,11.050436016692
"1164","Toolik",2006-07-05,42.63986894904,11.050436016692
"1165","Toolik",2006-07-06,36.29757381525,11.050436016692
"1166","Toolik",2006-07-07,27.726799577085,11.050436016692
"1167","Toolik",2006-07-07,27.726799577085,11.050436016692
"1168","Toolik",2006-07-08,22.5099653363357,11.050436016692
"1169","Toolik",2006-07-09,18.7887295894628,11.050436016692
"1170","Toolik",2006-07-10,17.7741792587314,11.050436016692
"1171","Toolik",2006-07-11,20.8241122951993,11.050436016692
"1172","Toolik",2006-07-12,25.6939395109586,11.050436016692
"1173","Toolik",2006-07-13,25.1816197885714,11.050436016692
"1174","Toolik",2006-07-14,20.25266075928,11.050436016692
"1175","Toolik",2006-07-15,17.694622297422,11.050436016692
"1176","Toolik",2006-07-16,15.819718686264,11.050436016692
"1177","Toolik",2006-07-17,16.462246622328,11.050436016692
"1178","Toolik",2006-07-18,16.292235878784,11.050436016692
"1179","Toolik",2006-07-19,16.1796745872,11.050436016692
"1180","Toolik",2006-07-20,26.16614760249,11.050436016692
"1181","Toolik",2006-07-21,41.24276136864,11.050436016692
"1182","Toolik",2006-07-22,96.9269924699998,11.050436016692
"1183","Toolik",2006-07-22,96.9269924699998,11.050436016692
"1184","Toolik",2006-07-23,149.2810157412,11.050436016692
"1185","Toolik",2006-07-23,149.2810157412,11.050436016692
"1186","Toolik",2006-07-24,213.2124887592,11.050436016692
"1187","Toolik",2006-07-25,131.4638497791,11.050436016692
"1188","Toolik",2006-07-26,83.2858314173998,11.050436016692
"1189","Toolik",2006-07-27,67.07179028898,11.050436016692
"1190","Toolik",2006-07-28,61.6185813327575,11.050436016692
"1191","Toolik",2006-07-29,47.68775338002,11.050436016692
"1192","Toolik",2006-07-30,38.18438691417,11.050436016692
"1193","Toolik",2006-07-31,32.502618927,11.050436016692
"1194","Toolik",2006-08-01,29.6833201848675,11.050436016692
"1195","Toolik",2006-08-02,27.570577915305,11.050436016692
"1196","Toolik",2006-08-03,27.3201225200775,11.050436016692
"1197","Toolik",2006-08-04,29.20221767628,11.050436016692
"1198","Toolik",2006-08-05,29.474843905635,11.050436016692
"1199","Toolik",2006-08-06,30.12206273808,11.050436016692
"1200","Toolik",2006-08-07,32.345611152075,11.050436016692
"1201","Toolik",2006-08-08,62.15752992648,11.050436016692
"1202","Toolik",2006-08-09,101.595005628165,11.050436016692
"1203","Toolik",2006-08-10,75.28574751786,11.050436016692
"1204","Toolik",2006-08-11,58.461147560145,11.050436016692
"1205","Toolik",2006-08-12,54.61746966564,11.050436016692
"1206","Toolik",2006-08-13,61.092681955875,11.050436016692
"1207","Toolik",2006-08-14,58.69491132144,11.050436016692
"1208","Toolik",2006-08-15,62.181559037715,11.050436016692
"1209","Toolik",2006-08-16,88.3649362518903,11.050436016692
"1210","Toolik",2006-08-17,108.9131704983,11.050436016692
"1211","Toolik",2006-08-18,93.6488804337897,11.050436016692
"1212","Toolik",2006-08-19,83.94505764366,11.050436016692
"1213","Toolik",2006-08-20,89.50499747235,11.050436016692
"1214","Toolik",2006-08-21,98.8810018128,11.050436016692
"1215","Toolik",2006-08-22,94.556864371059,11.050436016692
"1216","Toolik",2006-08-23,80.800863057063,11.050436016692
"1217","Toolik",2006-08-24,98.0068049875183,11.050436016692
"1218","Toolik",2006-09-11,NA,11.050436016692
"1219","Toolik",2006-09-18,NA,11.050436016692
"1220","Toolik",2007-05-22,NA,11.050436016692
"1221","Toolik",2007-05-23,NA,11.050436016692
"1222","Toolik",2007-05-24,NA,11.050436016692
"1223","Toolik",2007-05-25,NA,11.050436016692
"1224","Toolik",2007-05-26,NA,11.050436016692
"1225","Toolik",2007-05-27,NA,11.050436016692
"1226","Toolik",2007-05-28,95.282979642,11.050436016692
"1227","Toolik",2007-05-29,90.9846848484002,11.050436016692
"1228","Toolik",2007-05-30,70.392261438,11.050436016692
"1229","Toolik",2007-05-31,56.14962019398,11.050436016692
"1230","Toolik",2007-06-01,48.02455694286,11.050436016692
"1231","Toolik",2007-06-02,49.72421950398,11.050436016692
"1232","Toolik",2007-06-03,43.6571853003,11.050436016692
"1233","Toolik",2007-06-04,33.26086676232,11.050436016692
"1234","Toolik",2007-06-05,25.87539695742,11.050436016692
"1235","Toolik",2007-06-06,20.46777771456,11.050436016692
"1236","Toolik",2007-06-07,16.09323752898,11.050436016692
"1237","Toolik",2007-06-08,12.74872519196,11.050436016692
"1238","Toolik",2007-06-09,10.27601879241,11.050436016692
"1239","Toolik",2007-06-10,8.44410891402,11.050436016692
"1240","Toolik",2007-06-11,6.95511568840001,11.050436016692
"1241","Toolik",2007-06-12,5.81068324071999,11.050436016692
"1242","Toolik",2007-06-13,4.89810670632,11.050436016692
"1243","Toolik",2007-06-14,4.09815864402,11.050436016692
"1244","Toolik",2007-06-15,3.89093708450001,11.050436016692
"1245","Toolik",2007-06-16,3.694479012,11.050436016692
"1246","Toolik",2007-06-17,3.424757778252,11.050436016692
"1247","Toolik",2007-06-18,3.143504188836,11.050436016692
"1248","Toolik",2007-06-19,2.5748075949192,11.050436016692
"1249","Toolik",2007-06-20,1.8797331263328,11.050436016692
"1250","Toolik",2007-06-21,1.305558511812,11.050436016692
"1251","Toolik",2007-06-22,1.148441034924,11.050436016692
"1252","Toolik",2007-06-23,1.69064614667025,11.050436016692
"1253","Toolik",2007-06-24,1.20163770323887,11.050436016692
"1254","Toolik",2007-06-25,2.33715229551,11.050436016692
"1255","Toolik",2007-06-26,4.05990465533888,11.050436016692
"1256","Toolik",2007-06-27,4.28219653606875,11.050436016692
"1257","Toolik",2007-06-28,4.522184872686,11.050436016692
"1258","Toolik",2007-06-29,4.521691972161,11.050436016692
"1259","Toolik",2007-06-30,4.27837366820571,11.050436016692
"1260","Toolik",2007-07-01,3.33651804017786,11.050436016692
"1261","Toolik",2007-07-02,2.76904971825943,11.050436016692
"1262","Toolik",2007-07-03,3.78003433798414,11.050436016692
"1263","Toolik",2007-07-04,3.49491359187772,11.050436016692
"1264","Toolik",2007-07-05,3.047831438625,11.050436016692
"1265","Toolik",2007-07-06,2.601780729372,11.050436016692
"1266","Toolik",2007-07-07,2.100563076744,11.050436016692
"1267","Toolik",2007-07-08,1.04272235525592,11.050436016692
"1268","Toolik",2007-07-09,0.19653144081336,11.050436016692
"1269","Toolik",2007-07-10,3.54587092933248,11.050436016692
"1270","Toolik",2007-07-11,6.258928719456,11.050436016692
"1271","Toolik",2007-07-12,3.555641319813,11.050436016692
"1272","Toolik",2007-07-13,2.1829620916476,11.050436016692
"1273","Toolik",2007-07-14,2.116108400994,11.050436016692
"1274","Toolik",2007-07-15,3.8654951715072,11.050436016692
"1275","Toolik",2007-07-16,9.13752895567503,11.050436016692
"1276","Toolik",2007-07-17,17.5436693631,11.050436016692
"1277","Toolik",2007-07-18,20.12435496108,11.050436016692
"1278","Toolik",2007-07-19,18.361694657475,11.050436016692
"1279","Toolik",2007-07-20,15.07578973758,11.050436016692
"1280","Toolik",2007-07-21,12.1739106581486,11.050436016692
"1281","Toolik",2007-07-22,9.92985192509141,11.050436016692
"1282","Toolik",2007-07-23,8.3085190210286,11.050436016692
"1283","Toolik",2007-07-24,7.28352627671315,11.050436016692
"1284","Toolik",2007-07-25,6.66224628925886,11.050436016692
"1285","Toolik",2007-07-26,6.09686967106286,11.050436016692
"1286","Toolik",2007-07-27,5.708655584424,11.050436016692
"1287","Toolik",2007-07-28,5.639485716288,11.050436016692
"1288","Toolik",2007-07-29,6.13959927174,11.050436016692
"1289","Toolik",2007-07-30,7.473888576,11.050436016692
"1290","Toolik",2007-07-31,9.94154070896998,11.050436016692
"1291","Toolik",2007-08-01,15.85429957602,11.050436016692
"1292","Toolik",2007-08-02,45.07497953658,11.050436016692
"1293","Toolik",2007-08-03,45.58676699862,11.050436016692
"1294","Toolik",2007-08-04,39.182065602975,11.050436016692
"1295","Toolik",2007-08-05,57.137028858,11.050436016692
"1296","Toolik",2007-08-05,57.137028858,11.050436016692
"1297","Toolik",2007-08-06,103.70470834449,11.050436016692
"1298","Toolik",2007-08-07,243.2124874206,11.050436016692
"1299","Toolik",2007-08-08,177.2224595946,11.050436016692
"1300","Toolik",2007-08-09,123.4577465952,11.050436016692
"1301","Toolik",2007-08-10,90.31966177494,11.050436016692
"1302","Toolik",2007-08-11,69.53741521056,11.050436016692
"1303","Toolik",2007-08-12,55.2727358364,11.050436016692
"1304","Toolik",2007-08-13,44.9555157186612,11.050436016692
"1305","Toolik",2007-08-14,39.99416092488,11.050436016692
"1306","Toolik",2007-08-15,42.66166779072,11.050436016692
"1307","Toolik",2007-08-16,54.13019410458,11.050436016692
"1308","Toolik",2007-08-17,56.07157508316,11.050436016692
"1309","Toolik",2007-08-18,49.4933130255574,11.050436016692
"1310","Toolik",2007-08-19,43.6518029226013,11.050436016692
"1311","Toolik",2007-08-20,39.8669452427129,11.050436016692
"1312","Toolik",2007-08-21,36.2576811139033,11.050436016692
"1313","Toolik",2007-09-20,NA,11.050436016692
"1314","Toolik",2007-09-29,NA,11.050436016692
"1315","Toolik",2008-05-18,NA,11.050436016692
"1316","Toolik",2008-05-20,NA,11.050436016692
"1317","Toolik",2008-05-21,NA,11.050436016692
"1318","Toolik",2008-05-22,97.0974602208,11.050436016692
"1319","Toolik",2008-05-23,79.9680699574197,11.050436016692
"1320","Toolik",2008-05-24,61.617001729725,11.050436016692
"1321","Toolik",2008-05-25,43.37374980456,11.050436016692
"1322","Toolik",2008-05-26,45.99296758512,11.050436016692
"1323","Toolik",2008-05-27,75.54199512618,11.050436016692
"1324","Toolik",2008-05-28,85.7717284528797,11.050436016692
"1325","Toolik",2008-05-29,71.64369795555,11.050436016692
"1326","Toolik",2008-05-30,57.08934641952,11.050436016692
"1327","Toolik",2008-05-31,48.31942436052,11.050436016692
"1328","Toolik",2008-06-01,47.23972955205,11.050436016692
"1329","Toolik",2008-06-02,59.65302568554,11.050436016692
"1330","Toolik",2008-06-03,60.57289433916,11.050436016692
"1331","Toolik",2008-06-04,54.61106280138,11.050436016692
"1332","Toolik",2008-06-05,43.9766353944,11.050436016692
"1333","Toolik",2008-06-06,36.535553771805,11.050436016692
"1334","Toolik",2008-06-07,46.094047580475,11.050436016692
"1335","Toolik",2008-06-08,48.12023019861,11.050436016692
"1336","Toolik",2008-06-09,42.885884448,11.050436016692
"1337","Toolik",2008-06-10,156.9916482309,11.050436016692
"1338","Toolik",2008-06-11,132.5324581173,11.050436016692
"1339","Toolik",2008-06-12,139.1981920479,11.050436016692
"1340","Toolik",2008-06-13,105.311356785,11.050436016692
"1341","Toolik",2008-06-14,70.04568412116,11.050436016692
"1342","Toolik",2008-06-15,52.78365559035,11.050436016692
"1343","Toolik",2008-06-16,49.10941330452,11.050436016692
"1344","Toolik",2008-06-17,102.04366390758,11.050436016692
"1345","Toolik",2008-06-18,144.8178141258,11.050436016692
"1346","Toolik",2008-06-19,138.9665035242,11.050436016692
"1347","Toolik",2008-06-20,96.50233971,11.050436016692
"1348","Toolik",2008-06-21,69.141753090054,11.050436016692
"1349","Toolik",2008-06-22,51.793851682548,11.050436016692
"1350","Toolik",2008-06-23,40.075478895186,11.050436016692
"1351","Toolik",2008-06-24,31.534827198336,11.050436016692
"1352","Toolik",2008-06-25,27.71376930936,11.050436016692
"1353","Toolik",2008-06-26,74.36877054732,11.050436016692
"1354","Toolik",2008-06-27,73.2584868378075,11.050436016692
"1355","Toolik",2008-06-28,55.200382252155,11.050436016692
"1356","Toolik",2008-06-29,44.38619275986,11.050436016692
"1357","Toolik",2008-06-30,37.8337298976,11.050436016692
"1358","Toolik",2008-07-01,86.1298889320575,11.050436016692
"1359","Toolik",2008-07-02,114.72745036815,11.050436016692
"1360","Toolik",2008-07-03,82.2282855363675,11.050436016692
"1361","Toolik",2008-07-04,57.3626509137,11.050436016692
"1362","Toolik",2008-07-05,41.2607219054625,11.050436016692
"1363","Toolik",2008-07-06,31.72800679425,11.050436016692
"1364","Toolik",2008-07-07,25.4737222088175,11.050436016692
"1365","Toolik",2008-07-08,25.90559785728,11.050436016692
"1366","Toolik",2008-07-09,33.26931431901,11.050436016692
"1367","Toolik",2008-07-10,40.98831853455,11.050436016692
"1368","Toolik",2008-07-11,187.819429089375,11.050436016692
"1369","Toolik",2008-07-11,187.819429089375,11.050436016692
"1370","Toolik",2008-07-12,188.7535514151,11.050436016692
"1371","Toolik",2008-07-13,112.85458509024,11.050436016692
"1372","Toolik",2008-07-14,136.7706780264,11.050436016692
"1373","Toolik",2008-07-14,136.7706780264,11.050436016692
"1374","Toolik",2008-07-14,136.7706780264,11.050436016692
"1375","Toolik",2008-07-15,132.675677316,11.050436016692
"1376","Toolik",2008-07-16,100.70949593268,11.050436016692
"1377","Toolik",2008-07-17,91.060149182625,11.050436016692
"1378","Toolik",2008-07-17,91.060149182625,11.050436016692
"1379","Toolik",2008-07-18,104.2975488744,11.050436016692
"1380","Toolik",2008-07-19,85.99933727685,11.050436016692
"1381","Toolik",2008-07-20,76.4919939042,11.050436016692
"1382","Toolik",2008-07-20,76.4919939042,11.050436016692
"1383","Toolik",2008-07-21,134.62705280061,11.050436016692
"1384","Toolik",2008-07-21,134.62705280061,11.050436016692
"1385","Toolik",2008-07-21,134.62705280061,11.050436016692
"1386","Toolik",2008-07-22,170.4570839271,11.050436016692
"1387","Toolik",2008-07-23,189.6127149456,11.050436016692
"1388","Toolik",2008-07-24,152.3663708121,11.050436016692
"1389","Toolik",2008-07-25,110.46439164285,11.050436016692
"1390","Toolik",2008-07-25,110.46439164285,11.050436016692
"1391","Toolik",2008-07-26,81.246863717955,11.050436016692
"1392","Toolik",2008-07-27,63.40767394932,11.050436016692
"1393","Toolik",2008-07-28,52.75590149925,11.050436016692
"1394","Toolik",2008-07-29,50.280350319405,11.050436016692
"1395","Toolik",2008-07-29,50.280350319405,11.050436016692
"1396","Toolik",2008-07-30,126.37917896022,11.050436016692
"1397","Toolik",2008-07-31,162.4294784844,11.050436016692
"1398","Toolik",2008-08-01,130.33300959,11.050436016692
"1399","Toolik",2008-08-01,130.33300959,11.050436016692
"1400","Toolik",2008-08-01,130.33300959,11.050436016692
"1401","Toolik",2008-08-02,103.18713414603,11.050436016692
"1402","Toolik",2008-08-03,101.31713864451,11.050436016692
"1403","Toolik",2008-08-04,120.2458888152,11.050436016692
"1404","Toolik",2008-08-05,133.8871004217,11.050436016692
"1405","Toolik",2008-08-06,157.4087684598,11.050436016692
"1406","Toolik",2008-08-06,157.4087684598,11.050436016692
"1407","Toolik",2008-08-07,120.750012306,11.050436016692
"1408","Toolik",2008-08-08,94.0969870437713,11.050436016692
"1409","Toolik",2008-08-09,78.3575377135425,11.050436016692
"1410","Toolik",2008-08-10,67.6945998027338,11.050436016692
"1411","Toolik",2008-08-11,65.122677091395,11.050436016692
"1412","Toolik",2008-08-12,66.6475255301625,11.050436016692
"1413","Toolik",2008-08-13,57.79885018446,11.050436016692
"1414","Toolik",2008-08-14,49.2090316602413,11.050436016692
"1415","Toolik",2008-08-15,42.62186670525,11.050436016692
"1416","Toolik",2008-08-16,38.2642383125111,11.050436016692
"1417","Toolik",2008-08-17,34.547987681441,11.050436016692
"1418","Toolik",2008-08-18,31.9840220156743,11.050436016692
"1419","Toolik",2009-05-15,70.3665819654006,11.050436016692
"1420","Toolik",2009-05-16,71.9672648926607,11.050436016692
"1421","Toolik",2009-05-17,76.5285684872082,11.050436016692
"1422","Toolik",2009-05-18,79.47867745616,11.050436016692
"1423","Toolik",2009-05-19,112.386899661045,11.050436016692
"1424","Toolik",2009-05-20,172.667785638395,11.050436016692
"1425","Toolik",2009-05-21,298.322268171035,11.050436016692
"1426","Toolik",2009-05-22,333.959933050574,11.050436016692
"1427","Toolik",2009-05-23,332.608703656609,11.050436016692
"1428","Toolik",2009-05-24,312.72476422916,11.050436016692
"1429","Toolik",2009-05-25,277.764298899764,11.050436016692
"1430","Toolik",2009-05-26,231.364306263255,11.050436016692
"1431","Toolik",2009-05-27,133.382145637989,11.050436016692
"1432","Toolik",2009-05-28,81.949209359455,11.050436016692
"1433","Toolik",2009-05-29,74.2892334269349,11.050436016692
"1434","Toolik",2009-05-30,74.2177925820188,11.050436016692
"1435","Toolik",2009-05-31,77.5981620433776,11.050436016692
"1436","Toolik",2009-06-01,79.8284893176281,11.050436016692
"1437","Toolik",2009-06-02,102.300698509426,11.050436016692
"1438","Toolik",2009-06-03,115.372500071469,11.050436016692
"1439","Toolik",2009-06-04,109.870299179972,11.050436016692
"1440","Toolik",2009-06-05,104.703656264514,11.050436016692
"1441","Toolik",2009-06-06,90.2309289637002,11.050436016692
"1442","Toolik",2009-06-07,196.108259385908,11.050436016692
"1443","Toolik",2009-06-08,241.473106229932,11.050436016692
"1444","Toolik",2009-06-09,165.023775380919,11.050436016692
"1445","Toolik",2009-06-10,155.262026244638,11.050436016692
"1446","Toolik",2009-06-11,279.133366892974,11.050436016692
"1447","Toolik",2009-06-12,220.365245968658,11.050436016692
"1448","Toolik",2009-06-13,135.530595017348,11.050436016692
"1449","Toolik",2009-06-14,117.158845417322,11.050436016692
"1450","Toolik",2009-06-15,309.519480801714,11.050436016692
"1451","Toolik",2009-06-16,204.195480958636,11.050436016692
"1452","Toolik",2009-06-17,131.460120554304,11.050436016692
"1453","Toolik",2009-06-18,97.2552971072688,11.050436016692
"1454","Toolik",2009-06-19,64.4892722773048,11.050436016692
"1455","Toolik",2009-06-20,45.8523448643354,11.050436016692
"1456","Toolik",2009-06-21,33.2002984826824,11.050436016692
"1457","Toolik",2009-06-22,24.9894503078784,11.050436016692
"1458","Toolik",2009-06-23,19.5537925199597,11.050436016692
"1459","Toolik",2009-06-24,16.5957857997234,11.050436016692
"1460","Toolik",2009-06-25,20.6297460665707,11.050436016692
"1461","Toolik",2009-06-26,163.792079118404,11.050436016692
"1462","Toolik",2009-06-27,212.221964729823,11.050436016692
"1463","Toolik",2009-06-28,145.613255349416,11.050436016692
"1464","Toolik",2009-06-29,99.8008242543217,11.050436016692
"1465","Toolik",2009-06-30,78.2379362101904,11.050436016692
"1466","Toolik",2009-07-01,65.5729479147579,11.050436016692
"1467","Toolik",2009-07-02,51.1627891762755,11.050436016692
"1468","Toolik",2009-07-03,37.0339941845843,11.050436016692
"1469","Toolik",2009-07-04,27.6193536104516,11.050436016692
"1470","Toolik",2009-07-05,21.5398914745999,11.050436016692
"1471","Toolik",2009-07-06,17.3693458724014,11.050436016692
"1472","Toolik",2009-07-07,14.7906691712496,11.050436016692
"1473","Toolik",2009-07-08,13.3526547709731,11.050436016692
"1474","Toolik",2009-07-09,70.0336562984468,11.050436016692
"1475","Toolik",2009-07-09,70.0336562984468,11.050436016692
"1476","Toolik",2009-07-10,268.477380914695,11.050436016692
"1477","Toolik",2009-07-10,268.477380914695,11.050436016692
"1478","Toolik",2009-07-11,240.331090361964,11.050436016692
"1479","Toolik",2009-07-12,189.199283194511,11.050436016692
"1480","Toolik",2009-07-13,128.225238831456,11.050436016692
"1481","Toolik",2009-07-14,88.1952079759408,11.050436016692
"1482","Toolik",2009-07-15,62.2997734698343,11.050436016692
"1483","Toolik",2009-07-16,45.4523711673565,11.050436016692
"1484","Toolik",2009-07-17,35.9894822625204,11.050436016692
"1485","Toolik",2009-07-18,29.9844255196911,11.050436016692
"1486","Toolik",2009-07-19,26.2318153606677,11.050436016692
"1487","Toolik",2009-07-20,21.4770495993372,11.050436016692
"1488","Toolik",2009-07-21,19.5364657557069,11.050436016692
"1489","Toolik",2009-07-22,18.2037979556586,11.050436016692
"1490","Toolik",2009-07-23,17.3698049889718,11.050436016692
"1491","Toolik",2009-07-24,17.3588007750217,11.050436016692
"1492","Toolik",2009-07-25,17.3307020101672,11.050436016692
"1493","Toolik",2009-07-26,17.4121015499246,11.050436016692
"1494","Toolik",2009-07-27,17.493501089682,11.050436016692
"1495","Toolik",2009-07-28,17.2722216901053,11.050436016692
"1496","Toolik",2009-07-29,16.904827870832,11.050436016692
"1497","Toolik",2009-07-30,15.9441044877338,11.050436016692
"1498","Toolik",2009-07-31,10.8956029475131,11.050436016692
"1499","Toolik",2009-08-01,7.4111695048112,11.050436016692
"1500","Toolik",2009-08-02,7.43265115554979,11.050436016692
"1501","Toolik",2009-08-03,7.93836933866656,11.050436016692
"1502","Toolik",2009-08-04,8.27007463265079,11.050436016692
"1503","Toolik",2009-08-05,8.29383921492852,11.050436016692
"1504","Toolik",2009-08-06,7.92548818962368,11.050436016692
"1505","Toolik",2009-08-07,7.55713716431883,11.050436016692
"1506","Toolik",2009-08-08,8.15985051686784,11.050436016692
"1507","Toolik",2009-08-09,15.2314458385194,11.050436016692
"1508","Toolik",2009-08-10,33.5913613710863,11.050436016692
"1509","Toolik",2009-08-11,39.9056806687416,11.050436016692
"1510","Toolik",2009-08-12,62.965963539085,11.050436016692
"1511","Toolik",2009-08-13,68.4571549293385,11.050436016692
"1512","Toolik",2009-08-14,67.104591638829,11.050436016692
"1513","Toolik",2009-08-14,67.104591638829,11.050436016692
"1514","Toolik",2009-08-15,69.1330320446008,11.050436016692
"1515","Toolik",2009-08-16,112.512481296223,11.050436016692
"1516","Toolik",2009-08-17,118.328171656684,11.050436016692
"1517","Toolik",2009-08-18,105.920892605507,11.050436016692
"1518","Toolik",2009-08-19,100.119451520052,11.050436016692
"1519","Toolik",2009-08-20,94.7630604976665,11.050436016692
"1520","Toolik",2009-08-21,76.1899017737893,11.050436016692
"1521","Toolik",2009-08-22,62.3888856991284,11.050436016692
"1522","Toolik",2009-08-23,52.0263886183731,11.050436016692
"1523","Toolik",2009-08-24,45.8407828146486,11.050436016692
"1524","Toolik",2009-08-25,43.2511556215097,11.050436016692
"1525","Toolik",2009-08-26,43.0316595764717,11.050436016692
"1526","Toolik",2009-08-27,42.9565163082647,11.050436016692
"1527","Toolik",2009-08-28,42.8813730400576,11.050436016692
"1528","Toolik",2009-08-29,42.8062297718506,11.050436016692
"1529","Toolik",2009-08-30,42.7310865036435,11.050436016692
"1530","Toolik",2009-08-31,42.6559432354365,11.050436016692
"1531","Toolik",2009-09-01,44.3947946421693,11.050436016692
"1532","Toolik",2009-09-02,44.6114945837959,11.050436016692
"1533","Toolik",2009-09-03,44.5326285277704,11.050436016692
"1534","Toolik",2009-09-04,44.4537624717449,11.050436016692
"1535","Toolik",2009-09-05,44.1361277490372,11.050436016692
"1536","Toolik",2009-09-06,40.2465194914086,11.050436016692
"1537","Toolik",2009-09-07,38.7432395953541,11.050436016692
"1538","Toolik",2009-09-08,37.4526727938541,11.050436016692
"1539","Toolik",2009-09-09,35.0355436527765,11.050436016692
"1540","Toolik",2009-09-10,32.8529986649813,11.050436016692
"1541","Toolik",2009-09-11,30.2919107813589,11.050436016692
"1542","Toolik",2009-09-12,28.6626767082662,11.050436016692
"1543","Toolik",2009-09-13,28.6110937306363,11.050436016692
"1544","Toolik",2009-09-14,28.5595107530064,11.050436016692
"1545","Toolik",2009-09-15,28.5079277753764,11.050436016692
"1546","Toolik",2009-09-16,28.32128791833,11.050436016692
"1547","Toolik",2009-09-17,27.3280867476095,11.050436016692
"1548","Toolik",2009-09-18,26.8918059110403,11.050436016692
"1549","Toolik",2010-06-10,11.1070761583908,11.050436016692
"1550","Toolik",2010-06-11,9.89697361216653,11.050436016692
"1551","Toolik",2010-06-12,8.84286754233009,11.050436016692
"1552","Toolik",2010-06-13,7.86119571113193,11.050436016692
"1553","Toolik",2010-06-14,7.02553898073411,11.050436016692
"1554","Toolik",2010-06-15,6.39639286218002,11.050436016692
"1555","Toolik",2010-06-16,6.4433978784,11.050436016692
"1556","Toolik",2010-06-17,6.6698793504,11.050436016692
"1557","Toolik",2010-06-18,18.30922223697,11.050436016692
"1558","Toolik",2010-06-19,24.372922916484,11.050436016692
"1559","Toolik",2010-06-20,23.116076120556,11.050436016692
"1560","Toolik",2010-06-21,21.78007607232,11.050436016692
"1561","Toolik",2010-06-22,19.47116824074,11.050436016692
"1562","Toolik",2010-06-23,17.2475751708,11.050436016692
"1563","Toolik",2010-06-24,13.37104145412,11.050436016692
"1564","Toolik",2010-06-25,10.38356378901,11.050436016692
"1565","Toolik",2010-06-26,9.52225027336288,11.050436016692
"1566","Toolik",2010-06-27,8.79875102230715,11.050436016692
"1567","Toolik",2010-06-28,8.50993731380573,11.050436016692
"1568","Toolik",2010-06-29,8.08514300288573,11.050436016692
"1569","Toolik",2010-06-30,7.90630208184857,11.050436016692
"1570","Toolik",2010-07-01,7.81298030464712,11.050436016692
"1571","Toolik",2010-07-02,7.49483811215998,11.050436016692
"1572","Toolik",2010-07-03,7.09339970304,11.050436016692
"1573","Toolik",2010-07-04,7.3185869952,11.050436016692
"1574","Toolik",2010-07-05,7.54377428736,11.050436016692
"1575","Toolik",2010-07-06,7.79965790759998,11.050436016692
"1576","Toolik",2010-07-06,7.79965790759998,11.050436016692
"1577","Toolik",2010-07-07,12.52302505857,11.050436016692
"1578","Toolik",2010-07-08,19.74182371056,11.050436016692
"1579","Toolik",2010-07-09,23.62254834555,11.050436016692
"1580","Toolik",2010-07-10,17.8645349664,11.050436016692
"1581","Toolik",2010-07-11,14.39665875576,11.050436016692
"1582","Toolik",2010-07-12,14.34986606592,11.050436016692
"1583","Toolik",2010-07-13,13.8606660864,11.050436016692
"1584","Toolik",2010-07-13,13.8606660864,11.050436016692
"1585","Toolik",2010-07-14,13.88784386304,11.050436016692
"1586","Toolik",2010-07-14,13.88784386304,11.050436016692
"1587","Toolik",2010-07-15,13.80631053312,11.050436016692
"1588","Toolik",2010-07-16,13.7247772032,11.050436016692
"1589","Toolik",2010-07-16,13.7247772032,11.050436016692
"1590","Toolik",2010-07-17,14.2493661022235,11.050436016692
"1591","Toolik",2010-07-18,14.8692163914,11.050436016692
"1592","Toolik",2010-07-19,16.0551666507375,11.050436016692
"1593","Toolik",2010-07-20,39.86818566147,11.050436016692
"1594","Toolik",2010-07-21,57.95757931968,11.050436016692
"1595","Toolik",2010-07-22,70.68256720875,11.050436016692
"1596","Toolik",2010-07-23,84.1714851915002,11.050436016692
"1597","Toolik",2010-07-24,67.68790583445,11.050436016692
"1598","Toolik",2010-07-25,56.5347296934,11.050436016692
"1599","Toolik",2010-07-26,46.5805151217,11.050436016692
"1600","Toolik",2010-07-27,38.8957662288,11.050436016692
"1601","Toolik",2010-07-28,37.3374991344375,11.050436016692
"1602","Toolik",2010-07-29,82.6867853962648,11.050436016692
"1603","Toolik",2010-07-29,82.6867853962648,11.050436016692
"1604","Toolik",2010-07-30,207.8400246984,11.050436016692
"1605","Toolik",2010-07-31,190.3653108549,11.050436016692
"1606","Toolik",2010-08-01,132.6637971495,11.050436016692
"1607","Toolik",2010-08-02,99.1988847360003,11.050436016692
"1608","Toolik",2010-08-03,80.69203213776,11.050436016692
"1609","Toolik",2010-08-04,73.0767577845,11.050436016692
"1610","Toolik",2010-08-05,63.50970688569,11.050436016692
"1611","Toolik",2010-08-06,50.1866764704,11.050436016692
"1612","Toolik",2010-08-07,194.67728047845,11.050436016692
"1613","Toolik",2010-08-08,248.5911696111,11.050436016692
"1614","Toolik",2010-08-09,188.8287250644,11.050436016692
"1615","Toolik",2010-08-10,151.7944039875,11.050436016692
"1616","Toolik",2010-08-11,132.6855184752,11.050436016692
"1617","Toolik",2010-08-12,125.5864028112,11.050436016692
"1618","Toolik",2010-08-13,116.0402593203,11.050436016692
"1619","Toolik",2010-08-14,109.5385727952,11.050436016692
"1620","Toolik",2010-08-15,105.885649089,11.050436016692
"1621","Toolik",2010-08-16,102.2687703135,11.050436016692
"1622","Toolik",2010-08-17,97.4143320659997,11.050436016692
"1623","Toolik",2010-08-18,110.426917821035,11.050436016692
"1624","Toolik",2010-08-19,157.369607812421,11.050436016692
"1625","Toolik",2010-08-20,274.0307009535,11.050436016692
"1626","Toolik",2010-08-21,221.871682645421,11.050436016692
"1627","Toolik",2010-08-22,189.442573215869,11.050436016692
"1628","Toolik",2010-08-23,164.1416379696,11.050436016692
"1629","Toolik",2010-08-24,146.1763996344,11.050436016692
"1630","Toolik",2010-08-25,131.1194260584,11.050436016692
"1631","Toolik",2010-08-26,117.512585945338,11.050436016692
"1632","Toolik",2010-08-27,110.7821987352,11.050436016692
"1633","Toolik",2010-08-28,105.238390656,11.050436016692
