,Date,Q,month,site
6,6/17/1992,0.000636667,6,TW_Weir
7,6/18/1992,0.000415,6,TW_Weir
8,6/19/1992,0.00037,6,TW_Weir
9,6/20/1992,0.000243333,6,TW_Weir
10,6/21/1992,0.00033,6,TW_Weir
11,6/22/1992,0.00037,6,TW_Weir
12,6/23/1992,0.00037,6,TW_Weir
13,6/24/1992,0.00037,6,TW_Weir
14,6/25/1992,0.0008425,6,TW_Weir
15,6/26/1992,0.00264,6,TW_Weir
16,6/27/1992,0.001676667,6,TW_Weir
17,6/28/1992,0.000756667,6,TW_Weir
18,6/29/1992,0.000415,6,TW_Weir
19,6/30/1992,0.0003925,6,TW_Weir
20,7/1/1992,0.010105714,7,TW_Weir
21,7/2/1992,0.00286,7,TW_Weir
22,7/3/1992,0.0013425,7,TW_Weir
23,7/4/1992,0.00057,7,TW_Weir
24,7/5/1992,0.000415,7,TW_Weir
25,7/6/1992,NA,7,TW_Weir
26,7/7/1992,0.00029,7,TW_Weir
27,7/8/1992,0.00029,7,TW_Weir
28,7/9/1992,0.00029,7,TW_Weir
29,7/10/1992,0.00029,7,TW_Weir
30,7/11/1992,0.00029,7,TW_Weir
31,7/12/1992,0.00029,7,TW_Weir
32,7/13/1992,0.00029,7,TW_Weir
33,7/14/1992,0.00029,7,TW_Weir
34,7/15/1992,0.00029,7,TW_Weir
35,7/16/1992,0.00029,7,TW_Weir
36,7/17/1992,0.00029,7,TW_Weir
37,7/18/1992,0.00029,7,TW_Weir
38,7/19/1992,0.00029,7,TW_Weir
39,7/20/1992,0.00029,7,TW_Weir
40,7/21/1992,0.00029,7,TW_Weir
41,7/22/1992,0.00029,7,TW_Weir
42,7/23/1992,0.00029,7,TW_Weir
43,7/24/1992,0.00029,7,TW_Weir
44,7/25/1992,0.00029,7,TW_Weir
45,7/26/1992,0.00029,7,TW_Weir
46,7/27/1992,0.00029,7,TW_Weir
47,7/28/1992,0.00029,7,TW_Weir
48,7/29/1992,0.00029,7,TW_Weir
49,7/30/1992,0.00029,7,TW_Weir
50,7/31/1992,0.00029,7,TW_Weir
51,8/1/1992,0.00029,8,TW_Weir
52,8/2/1992,0.00029,8,TW_Weir
53,8/3/1992,0.00029,8,TW_Weir
54,8/4/1992,0.00029,8,TW_Weir
55,8/5/1992,0.000255,8,TW_Weir
56,8/6/1992,0.000255,8,TW_Weir
57,8/7/1992,0.00029,8,TW_Weir
58,8/8/1992,0.000375,8,TW_Weir
59,8/9/1992,0.000905,8,TW_Weir
60,8/10/1992,0.000903333,8,TW_Weir
61,8/11/1992,0.00046,8,TW_Weir
62,8/12/1992,0.00046,8,TW_Weir
63,8/13/1992,0.00046,8,TW_Weir
64,8/14/1992,0.00046,8,TW_Weir
65,8/15/1992,0.00046,8,TW_Weir
66,8/16/1992,0.00046,8,TW_Weir
67,8/17/1992,0.000533333,8,TW_Weir
68,8/18/1992,0.00057,8,TW_Weir
69,8/19/1992,0.0006475,8,TW_Weir
70,8/20/1992,0.000943333,8,TW_Weir
71,8/21/1992,0.000746667,8,TW_Weir
72,8/22/1992,0.00067,8,TW_Weir
73,8/23/1992,0.00067,8,TW_Weir
74,8/24/1992,0.000636667,8,TW_Weir
75,8/25/1992,0.005033333,8,TW_Weir
76,8/26/1992,0.00921,8,TW_Weir
77,8/27/1992,0.00278,8,TW_Weir
78,8/28/1992,0.0011,8,TW_Weir
79,8/29/1992,0.00117,8,TW_Weir
353,5/30/1993,0.001,5,TW_Weir
354,5/31/1993,NA,5,TW_Weir
355,6/1/1993,NA,6,TW_Weir
356,6/2/1993,NA,6,TW_Weir
357,6/3/1993,NA,6,TW_Weir
358,6/4/1993,NA,6,TW_Weir
359,6/5/1993,NA,6,TW_Weir
360,6/6/1993,NA,6,TW_Weir
361,6/7/1993,NA,6,TW_Weir
362,6/8/1993,NA,6,TW_Weir
363,6/9/1993,0.0065,6,TW_Weir
364,6/10/1993,NA,6,TW_Weir
365,6/11/1993,NA,6,TW_Weir
366,6/12/1993,NA,6,TW_Weir
367,6/13/1993,NA,6,TW_Weir
368,6/14/1993,NA,6,TW_Weir
369,6/15/1993,NA,6,TW_Weir
370,6/16/1993,NA,6,TW_Weir
371,6/17/1993,NA,6,TW_Weir
372,6/18/1993,NA,6,TW_Weir
373,6/19/1993,NA,6,TW_Weir
374,6/20/1993,NA,6,TW_Weir
375,6/21/1993,NA,6,TW_Weir
376,6/22/1993,NA,6,TW_Weir
377,6/23/1993,1.00E-04,6,TW_Weir
378,6/24/1993,NA,6,TW_Weir
379,6/25/1993,NA,6,TW_Weir
380,6/26/1993,NA,6,TW_Weir
381,6/27/1993,NA,6,TW_Weir
382,6/28/1993,NA,6,TW_Weir
383,6/29/1993,NA,6,TW_Weir
384,6/30/1993,1.00E-05,6,TW_Weir
385,7/1/1993,NA,7,TW_Weir
386,7/2/1993,NA,7,TW_Weir
387,7/3/1993,NA,7,TW_Weir
388,7/4/1993,NA,7,TW_Weir
389,7/5/1993,NA,7,TW_Weir
390,7/6/1993,NA,7,TW_Weir
391,7/7/1993,0.00476,7,TW_Weir
392,7/8/1993,NA,7,TW_Weir
393,7/9/1993,NA,7,TW_Weir
394,7/10/1993,NA,7,TW_Weir
395,7/11/1993,NA,7,TW_Weir
396,7/12/1993,NA,7,TW_Weir
397,7/13/1993,NA,7,TW_Weir
398,7/14/1993,7.00E-05,7,TW_Weir
399,7/15/1993,NA,7,TW_Weir
400,7/16/1993,NA,7,TW_Weir
401,7/17/1993,NA,7,TW_Weir
402,7/18/1993,NA,7,TW_Weir
403,7/19/1993,NA,7,TW_Weir
404,7/20/1993,NA,7,TW_Weir
405,7/21/1993,2.00E-05,7,TW_Weir
406,7/22/1993,NA,7,TW_Weir
407,7/23/1993,NA,7,TW_Weir
408,7/24/1993,NA,7,TW_Weir
409,7/25/1993,NA,7,TW_Weir
410,7/26/1993,NA,7,TW_Weir
411,7/27/1993,NA,7,TW_Weir
412,7/28/1993,2.00E-05,7,TW_Weir
413,7/29/1993,NA,7,TW_Weir
414,7/30/1993,NA,7,TW_Weir
415,7/31/1993,NA,7,TW_Weir
416,8/1/1993,NA,8,TW_Weir
417,8/2/1993,NA,8,TW_Weir
418,8/3/1993,NA,8,TW_Weir
419,8/4/1993,0.00029,8,TW_Weir
420,8/5/1993,NA,8,TW_Weir
421,8/6/1993,NA,8,TW_Weir
422,8/7/1993,NA,8,TW_Weir
423,8/8/1993,NA,8,TW_Weir
424,8/9/1993,NA,8,TW_Weir
425,8/10/1993,NA,8,TW_Weir
426,8/11/1993,7.00E-05,8,TW_Weir
427,8/12/1993,NA,8,TW_Weir
428,8/13/1993,NA,8,TW_Weir
429,8/14/1993,NA,8,TW_Weir
430,8/15/1993,NA,8,TW_Weir
431,8/16/1993,NA,8,TW_Weir
432,8/17/1993,5.00E-04,8,TW_Weir
741,6/22/1994,0.00049,6,TW_Weir
742,6/23/1994,0.000475,6,TW_Weir
743,6/24/1994,0.000465,6,TW_Weir
744,6/25/1994,0.000465,6,TW_Weir
745,6/26/1994,0.000598333,6,TW_Weir
746,6/27/1994,0.000574286,6,TW_Weir
747,6/28/1994,0.000615,6,TW_Weir
748,6/29/1994,0.000403333,6,TW_Weir
749,6/30/1994,4.00E-04,6,TW_Weir
750,7/1/1994,4.00E-04,7,TW_Weir
751,7/2/1994,4.00E-04,7,TW_Weir
752,7/3/1994,0.00041,7,TW_Weir
753,7/4/1994,0.000435,7,TW_Weir
754,7/5/1994,0.00043,7,TW_Weir
755,7/6/1994,0.00182,7,TW_Weir
756,7/7/1994,0.001295,7,TW_Weir
757,7/8/1994,0.00044,7,TW_Weir
758,7/9/1994,0.00043,7,TW_Weir
759,7/10/1994,0.000415,7,TW_Weir
760,7/11/1994,0.000405,7,TW_Weir
761,7/12/1994,0.000395,7,TW_Weir
762,7/13/1994,0.000406667,7,TW_Weir
763,7/14/1994,0.00320125,7,TW_Weir
764,7/15/1994,0.000664,7,TW_Weir
765,7/16/1994,0.00043,7,TW_Weir
766,7/17/1994,0.000435,7,TW_Weir
767,7/18/1994,0.00044,7,TW_Weir
768,7/19/1994,0.000455,7,TW_Weir
769,7/20/1994,0.000468333,7,TW_Weir
770,7/21/1994,0.002511818,7,TW_Weir
771,7/22/1994,0.0007075,7,TW_Weir
772,7/23/1994,0.00045,7,TW_Weir
773,7/24/1994,0.00044,7,TW_Weir
774,7/25/1994,0.00048,7,TW_Weir
775,7/26/1994,0.00064,7,TW_Weir
776,7/27/1994,0.000741667,7,TW_Weir
777,7/28/1994,NA,7,TW_Weir
778,7/29/1994,NA,7,TW_Weir
779,7/30/1994,NA,7,TW_Weir
780,7/31/1994,NA,7,TW_Weir
781,8/1/1994,NA,8,TW_Weir
782,8/2/1994,NA,8,TW_Weir
783,8/3/1994,0.00044,8,TW_Weir
784,8/4/1994,NA,8,TW_Weir
785,8/5/1994,NA,8,TW_Weir
786,8/6/1994,NA,8,TW_Weir
787,8/7/1994,NA,8,TW_Weir
788,8/8/1994,NA,8,TW_Weir
789,8/9/1994,0.00049,8,TW_Weir
790,8/10/1994,NA,8,TW_Weir
791,8/11/1994,NA,8,TW_Weir
792,8/12/1994,NA,8,TW_Weir
793,8/13/1994,NA,8,TW_Weir
794,8/14/1994,NA,8,TW_Weir
795,8/15/1994,0.00063,8,TW_Weir
796,8/16/1994,0.000975,8,TW_Weir
797,8/17/1994,0.001103333,8,TW_Weir
798,8/18/1994,0.00119,8,TW_Weir
799,8/19/1994,0.0011,8,TW_Weir
800,8/20/1994,NA,8,TW_Weir
801,8/21/1994,NA,8,TW_Weir
802,8/22/1994,NA,8,TW_Weir
803,8/23/1994,NA,8,TW_Weir
804,8/24/1994,0.00025,8,TW_Weir
1093,6/9/1995,0.00011,6,TW_Weir
1094,6/10/1995,0.00017,6,TW_Weir
1095,6/11/1995,0.00193,6,TW_Weir
1096,6/12/1995,0.00375,6,TW_Weir
1097,6/13/1995,0.00135,6,TW_Weir
1098,6/14/1995,0.00122,6,TW_Weir
1099,6/15/1995,0.00076,6,TW_Weir
1100,6/16/1995,0.00039,6,TW_Weir
1101,6/17/1995,0.00587,6,TW_Weir
1102,6/18/1995,0.00225,6,TW_Weir
1103,6/19/1995,0.00027,6,TW_Weir
1104,6/20/1995,0.00017,6,TW_Weir
1105,6/21/1995,0.00011,6,TW_Weir
1106,6/22/1995,0.00011,6,TW_Weir
1107,6/23/1995,0.00011,6,TW_Weir
1108,6/24/1995,0.00039,6,TW_Weir
1109,6/25/1995,0.00303,6,TW_Weir
1110,6/26/1995,0.00322,6,TW_Weir
1111,6/27/1995,0.00193,6,TW_Weir
1112,6/28/1995,0.00141,6,TW_Weir
1113,6/29/1995,0.0011,6,TW_Weir
1114,6/30/1995,0.00057,6,TW_Weir
1115,7/1/1995,0.00048,7,TW_Weir
1116,7/2/1995,0.01041,7,TW_Weir
1117,7/3/1995,0.00346,7,TW_Weir
1118,7/4/1995,0.00225,7,TW_Weir
1119,7/5/1995,0.00149,7,TW_Weir
1120,7/6/1995,0.00149,7,TW_Weir
1121,7/7/1995,7.00E-04,7,TW_Weir
1122,7/8/1995,5.00E-04,7,TW_Weir
1123,7/9/1995,0.00059,7,TW_Weir
1124,7/10/1995,0.00066,7,TW_Weir
1125,7/11/1995,0.00273,7,TW_Weir
1126,7/12/1995,0.00193,7,TW_Weir
1127,7/13/1995,0.00122,7,TW_Weir
1128,7/14/1995,0.00081,7,TW_Weir
1129,7/15/1995,0.00043,7,TW_Weir
1130,7/16/1995,0.00043,7,TW_Weir
1131,7/17/1995,0.00035,7,TW_Weir
1132,7/18/1995,0.00081,7,TW_Weir
1133,7/19/1995,0.00135,7,TW_Weir
1134,7/20/1995,0.01147,7,TW_Weir
1135,7/21/1995,0.01111,7,TW_Weir
1136,7/22/1995,0.00441,7,TW_Weir
1137,7/23/1995,0.00208,7,TW_Weir
1138,7/24/1995,0.00157,7,TW_Weir
1139,7/25/1995,0.00143,7,TW_Weir
1140,7/26/1995,0.00062,7,TW_Weir
1141,7/27/1995,0.00048,7,TW_Weir
1142,7/28/1995,0.00031,7,TW_Weir
1143,7/29/1995,0.00024,7,TW_Weir
1144,7/30/1995,0.00066,7,TW_Weir
1145,7/31/1995,0.00135,7,TW_Weir
1146,8/1/1995,0.00177,8,TW_Weir
1147,8/2/1995,0.00177,8,TW_Weir
1148,8/3/1995,0.00266,8,TW_Weir
1149,8/4/1995,0.00208,8,TW_Weir
1150,8/5/1995,0.0016,8,TW_Weir
1151,8/6/1995,0.00149,8,TW_Weir
1152,8/7/1995,0.00135,8,TW_Weir
1153,8/8/1995,0.00059,8,TW_Weir
1154,8/9/1995,0.00046,8,TW_Weir
1155,8/10/1995,0.00043,8,TW_Weir
1156,8/11/1995,0.00044,8,TW_Weir
1157,8/12/1995,0.00048,8,TW_Weir
1158,8/13/1995,0.00048,8,TW_Weir
1159,8/14/1995,0.00087,8,TW_Weir
1444,5/25/1996,0.00512,5,TW_Weir
1445,5/26/1996,0.00347,5,TW_Weir
1446,5/27/1996,0.00347,5,TW_Weir
1447,5/28/1996,NA,5,TW_Weir
1448,5/29/1996,0.01255,5,TW_Weir
1449,5/30/1996,0.00883,5,TW_Weir
1450,5/31/1996,0.00801,5,TW_Weir
1451,6/1/1996,NA,6,TW_Weir
1452,6/2/1996,NA,6,TW_Weir
1453,6/3/1996,0.00983,6,TW_Weir
1454,6/4/1996,NA,6,TW_Weir
1455,6/5/1996,0.00404,6,TW_Weir
1456,6/6/1996,0.003361429,6,TW_Weir
1457,6/7/1996,0.001779024,6,TW_Weir
1458,6/8/1996,NA,6,TW_Weir
1459,6/9/1996,NA,6,TW_Weir
1460,6/10/1996,NA,6,TW_Weir
1461,6/11/1996,NA,6,TW_Weir
1462,6/12/1996,NA,6,TW_Weir
1463,6/13/1996,NA,6,TW_Weir
1464,6/14/1996,NA,6,TW_Weir
1465,6/15/1996,NA,6,TW_Weir
1466,6/16/1996,NA,6,TW_Weir
1467,6/17/1996,NA,6,TW_Weir
1468,6/18/1996,NA,6,TW_Weir
1469,6/19/1996,NA,6,TW_Weir
1470,6/20/1996,NA,6,TW_Weir
1471,6/21/1996,NA,6,TW_Weir
1472,6/22/1996,NA,6,TW_Weir
1473,6/23/1996,0.001673529,6,TW_Weir
1474,6/24/1996,0.001377083,6,TW_Weir
1475,6/25/1996,0.000735208,6,TW_Weir
1476,6/26/1996,0.00076,6,TW_Weir
1477,6/27/1996,0.000861042,6,TW_Weir
1478,6/28/1996,0.000703429,6,TW_Weir
1479,6/29/1996,NA,6,TW_Weir
1480,6/30/1996,NA,6,TW_Weir
1481,7/1/1996,NA,7,TW_Weir
1482,7/2/1996,NA,7,TW_Weir
1483,7/3/1996,NA,7,TW_Weir
1484,7/4/1996,NA,7,TW_Weir
1485,7/5/1996,NA,7,TW_Weir
1486,7/6/1996,NA,7,TW_Weir
1487,7/7/1996,NA,7,TW_Weir
1488,7/8/1996,NA,7,TW_Weir
1489,7/9/1996,NA,7,TW_Weir
1490,7/10/1996,NA,7,TW_Weir
1491,7/11/1996,NA,7,TW_Weir
1492,7/12/1996,NA,7,TW_Weir
1493,7/13/1996,0.000327895,7,TW_Weir
1494,7/14/1996,0.002170625,7,TW_Weir
1495,7/15/1996,0.003580625,7,TW_Weir
1496,7/16/1996,0.00199625,7,TW_Weir
1497,7/17/1996,0.000948958,7,TW_Weir
1498,7/18/1996,0.000506458,7,TW_Weir
1499,7/19/1996,0.000357708,7,TW_Weir
1500,7/20/1996,0.000545417,7,TW_Weir
1501,7/21/1996,0.001365,7,TW_Weir
1502,7/22/1996,0.005242083,7,TW_Weir
1503,7/23/1996,0.003204792,7,TW_Weir
1504,7/24/1996,0.000948125,7,TW_Weir
1505,7/25/1996,0.000482692,7,TW_Weir
1506,7/26/1996,NA,7,TW_Weir
1507,7/27/1996,NA,7,TW_Weir
1508,7/28/1996,0.000991818,7,TW_Weir
1509,7/29/1996,0.002212292,7,TW_Weir
1510,7/30/1996,0.003722292,7,TW_Weir
1511,7/31/1996,0.00228125,7,TW_Weir
1512,8/1/1996,0.001259167,8,TW_Weir
1513,8/2/1996,0.000672292,8,TW_Weir
1514,8/3/1996,0.000470833,8,TW_Weir
1515,8/4/1996,0.000801667,8,TW_Weir
1516,8/5/1996,0.000829792,8,TW_Weir
1517,8/6/1996,0.00077,8,TW_Weir
1518,8/7/1996,0.000667292,8,TW_Weir
1519,8/8/1996,0.000452292,8,TW_Weir
1520,8/9/1996,0.000444792,8,TW_Weir
1521,8/10/1996,0.0006325,8,TW_Weir
1522,8/11/1996,0.000935833,8,TW_Weir
1523,8/12/1996,0.000624167,8,TW_Weir
1524,8/13/1996,0.000293958,8,TW_Weir
1525,8/14/1996,0.000207917,8,TW_Weir
1526,8/15/1996,0.00019,8,TW_Weir
1527,8/16/1996,0.000585,8,TW_Weir
1528,8/17/1996,0.00143875,8,TW_Weir
1529,8/18/1996,0.001086875,8,TW_Weir
1530,8/19/1996,0.000738125,8,TW_Weir
1531,8/20/1996,0.000487917,8,TW_Weir
1532,8/21/1996,0.000399167,8,TW_Weir
1533,8/22/1996,0.000392083,8,TW_Weir
1534,8/23/1996,0.000472609,8,TW_Weir
1829,6/14/1997,0.000934,6,TW_Weir
1830,6/15/1997,0.016481667,6,TW_Weir
1831,6/16/1997,0.005820417,6,TW_Weir
1832,6/17/1997,0.002060833,6,TW_Weir
1833,6/18/1997,0.001227083,6,TW_Weir
1834,6/19/1997,0.000755833,6,TW_Weir
1835,6/20/1997,0.000257826,6,TW_Weir
1836,6/21/1997,0.00013125,6,TW_Weir
1837,6/22/1997,4.00E-05,6,TW_Weir
1838,6/23/1997,4.00E-05,6,TW_Weir
1839,6/24/1997,4.00E-05,6,TW_Weir
1840,6/25/1997,4.00E-05,6,TW_Weir
1841,6/26/1997,4.00E-05,6,TW_Weir
1842,6/27/1997,4.00E-05,6,TW_Weir
1843,6/28/1997,4.00E-05,6,TW_Weir
1844,6/29/1997,4.00E-05,6,TW_Weir
1845,6/30/1997,4.00E-05,6,TW_Weir
1846,7/1/1997,2.25E-05,7,TW_Weir
1847,7/2/1997,0,7,TW_Weir
1848,7/3/1997,0.022816667,7,TW_Weir
1849,7/4/1997,0.00577625,7,TW_Weir
1850,7/5/1997,0.002366667,7,TW_Weir
1851,7/6/1997,0.0016325,7,TW_Weir
1852,7/7/1997,0.00167,7,TW_Weir
1853,7/8/1997,0.001615417,7,TW_Weir
1854,7/9/1997,0.003,7,TW_Weir
1855,7/10/1997,0.002989167,7,TW_Weir
1856,7/11/1997,0.00198,7,TW_Weir
1857,7/12/1997,0.001342917,7,TW_Weir
1858,7/13/1997,0.001168333,7,TW_Weir
1859,7/14/1997,0.0289125,7,TW_Weir
1860,7/15/1997,0.007004167,7,TW_Weir
1861,7/16/1997,0.005367917,7,TW_Weir
1862,7/17/1997,0.00474875,7,TW_Weir
1863,7/18/1997,0.004194167,7,TW_Weir
1864,7/19/1997,0.00370125,7,TW_Weir
1865,7/20/1997,0.003256667,7,TW_Weir
1866,7/21/1997,0.002507083,7,TW_Weir
1867,7/22/1997,0.002864167,7,TW_Weir
1868,7/23/1997,0.002058333,7,TW_Weir
1869,7/24/1997,0.001412083,7,TW_Weir
1870,7/25/1997,0.001054583,7,TW_Weir
1871,7/26/1997,0.001927917,7,TW_Weir
1872,7/27/1997,0.006337917,7,TW_Weir
1873,7/28/1997,0.004004583,7,TW_Weir
1874,7/29/1997,0.001604583,7,TW_Weir
1875,7/30/1997,0.000941667,7,TW_Weir
1876,7/31/1997,0.000735417,7,TW_Weir
1877,8/1/1997,0.00067,8,TW_Weir
1878,8/2/1997,0.00067,8,TW_Weir
1879,8/3/1997,0.000624167,8,TW_Weir
1880,8/4/1997,0.00061,8,TW_Weir
1881,8/5/1997,0.000585417,8,TW_Weir
1882,8/6/1997,0.005472917,8,TW_Weir
1883,8/7/1997,0.003820417,8,TW_Weir
1884,8/8/1997,0.004339167,8,TW_Weir
1885,8/9/1997,0.003025,8,TW_Weir
1886,8/10/1997,0.00162625,8,TW_Weir
1887,8/11/1997,0.00122625,8,TW_Weir
1888,8/12/1997,0.00125375,8,TW_Weir
1889,8/13/1997,0.016579091,8,TW_Weir
1890,8/14/1997,NA,8,TW_Weir
1891,8/15/1997,0.0037875,8,TW_Weir
1892,8/16/1997,0.002112083,8,TW_Weir
1893,8/17/1997,0.002476667,8,TW_Weir
1894,8/18/1997,0.0034,8,TW_Weir
1895,8/19/1997,0.002326923,8,TW_Weir
2197,6/17/1998,0.001206364,6,TW_Weir
2198,6/18/1998,0.000773611,6,TW_Weir
2199,6/19/1998,0.000456667,6,TW_Weir
2200,6/20/1998,0.000451528,6,TW_Weir
2201,6/21/1998,0.00061875,6,TW_Weir
2202,6/22/1998,0.001164028,6,TW_Weir
2203,6/23/1998,0.001497222,6,TW_Weir
2204,6/24/1998,0.001212639,6,TW_Weir
2205,6/25/1998,0.000852222,6,TW_Weir
2206,6/26/1998,0.005415833,6,TW_Weir
2207,6/27/1998,0.003427639,6,TW_Weir
2208,6/28/1998,0.001432361,6,TW_Weir
2209,6/29/1998,0.000637361,6,TW_Weir
2210,6/30/1998,0.000264861,6,TW_Weir
2211,7/1/1998,0.000154583,7,TW_Weir
2212,7/2/1998,0.000319583,7,TW_Weir
2213,7/3/1998,0.000227917,7,TW_Weir
2214,7/4/1998,8.53E-05,7,TW_Weir
2215,7/5/1998,0.000124861,7,TW_Weir
2216,7/6/1998,2.96E-05,7,TW_Weir
2217,7/7/1998,3.00E-05,7,TW_Weir
2218,7/8/1998,3.00E-05,7,TW_Weir
2219,7/9/1998,3.00E-05,7,TW_Weir
2220,7/10/1998,1.92E-05,7,TW_Weir
2221,7/11/1998,0,7,TW_Weir
2222,7/12/1998,0,7,TW_Weir
2223,7/13/1998,0,7,TW_Weir
2224,7/14/1998,0,7,TW_Weir
2225,7/15/1998,0,7,TW_Weir
2226,7/16/1998,0,7,TW_Weir
2227,7/17/1998,0,7,TW_Weir
2228,7/18/1998,0,7,TW_Weir
2229,7/19/1998,0,7,TW_Weir
2230,7/20/1998,0,7,TW_Weir
2231,7/21/1998,0,7,TW_Weir
2232,7/22/1998,0,7,TW_Weir
2233,7/23/1998,0,7,TW_Weir
2234,7/24/1998,0,7,TW_Weir
2235,7/25/1998,0,7,TW_Weir
2236,7/26/1998,6.67E-05,7,TW_Weir
2237,7/27/1998,0.003272222,7,TW_Weir
2238,7/28/1998,0.004250417,7,TW_Weir
2239,7/29/1998,0.002275694,7,TW_Weir
2240,7/30/1998,0.001937917,7,TW_Weir
2241,7/31/1998,0.00201375,7,TW_Weir
2242,8/1/1998,0.002347778,8,TW_Weir
2243,8/2/1998,0.003048611,8,TW_Weir
2244,8/3/1998,0.003942361,8,TW_Weir
2245,8/4/1998,0.006680972,8,TW_Weir
2246,8/5/1998,0.003798056,8,TW_Weir
2247,8/6/1998,0.003110417,8,TW_Weir
2248,8/7/1998,0.003042361,8,TW_Weir
2249,8/8/1998,0.002683333,8,TW_Weir
2250,8/9/1998,0.00203125,8,TW_Weir
2251,8/10/1998,0.001832083,8,TW_Weir
2252,8/11/1998,0.004429167,8,TW_Weir
2253,8/12/1998,0.003520476,8,TW_Weir
2254,8/13/1998,0.002716667,8,TW_Weir
2255,8/14/1998,0.002211875,8,TW_Weir
2256,8/15/1998,0.001740417,8,TW_Weir
2257,8/16/1998,0.002274583,8,TW_Weir
2258,8/17/1998,0.003680625,8,TW_Weir
2259,8/18/1998,0.005063958,8,TW_Weir
2260,8/19/1998,0.003956552,8,TW_Weir
2551,6/6/1999,0.000301875,6,TW_Weir
2552,6/7/1999,0.000193542,6,TW_Weir
2553,6/8/1999,0.00012125,6,TW_Weir
2554,6/9/1999,0.001347708,6,TW_Weir
2555,6/10/1999,0.00342875,6,TW_Weir
2556,6/11/1999,0.001313333,6,TW_Weir
2557,6/12/1999,0.000464583,6,TW_Weir
2558,6/13/1999,0.000177292,6,TW_Weir
2559,6/14/1999,0.000116042,6,TW_Weir
2560,6/15/1999,0.000105208,6,TW_Weir
2561,6/16/1999,0.000124167,6,TW_Weir
2562,6/17/1999,0.000222917,6,TW_Weir
2563,6/18/1999,0.015867708,6,TW_Weir
2564,6/19/1999,0.00816875,6,TW_Weir
2565,6/20/1999,0.00257625,6,TW_Weir
2566,6/21/1999,0.00130375,6,TW_Weir
2567,6/22/1999,0.000818542,6,TW_Weir
2568,6/23/1999,0.000707917,6,TW_Weir
2569,6/24/1999,0.000608542,6,TW_Weir
2570,6/25/1999,0.000498958,6,TW_Weir
2571,6/26/1999,0.000403125,6,TW_Weir
2572,6/27/1999,0.000335208,6,TW_Weir
2573,6/28/1999,0.00028,6,TW_Weir
2574,6/29/1999,0.000266667,6,TW_Weir
2575,6/30/1999,0.00025,6,TW_Weir
2576,7/1/1999,0.000198542,7,TW_Weir
2577,7/2/1999,9.19E-05,7,TW_Weir
2578,7/3/1999,7.48E-05,7,TW_Weir
2579,7/4/1999,6.33E-05,7,TW_Weir
2580,7/5/1999,9.82E-05,7,TW_Weir
2581,7/6/1999,0.000103958,7,TW_Weir
2582,7/7/1999,0.001035417,7,TW_Weir
2583,7/8/1999,0.002277083,7,TW_Weir
2584,7/9/1999,0.001418125,7,TW_Weir
2585,7/10/1999,0.00064625,7,TW_Weir
2586,7/11/1999,0.000336042,7,TW_Weir
2587,7/12/1999,0.000185417,7,TW_Weir
2588,7/13/1999,0.000107917,7,TW_Weir
2589,7/14/1999,6.21E-05,7,TW_Weir
2590,7/15/1999,4.46E-05,7,TW_Weir
2591,7/16/1999,0.00019125,7,TW_Weir
2592,7/17/1999,0.026448958,7,TW_Weir
2593,7/18/1999,0.016422292,7,TW_Weir
2594,7/19/1999,0.00397875,7,TW_Weir
2595,7/20/1999,0.001961458,7,TW_Weir
2596,7/21/1999,0.00658375,7,TW_Weir
2597,7/22/1999,0.004534167,7,TW_Weir
2598,7/23/1999,0.004163958,7,TW_Weir
2599,7/24/1999,0.002094375,7,TW_Weir
2600,7/25/1999,0.000917708,7,TW_Weir
2601,7/26/1999,0.000465,7,TW_Weir
2602,7/27/1999,0.000275833,7,TW_Weir
2603,7/28/1999,0.00019875,7,TW_Weir
2604,7/29/1999,0.00014375,7,TW_Weir
2605,7/30/1999,8.21E-05,7,TW_Weir
2606,7/31/1999,5.46E-05,7,TW_Weir
2607,8/1/1999,4.10E-05,8,TW_Weir
2608,8/2/1999,2.69E-05,8,TW_Weir
2609,8/3/1999,2.00E-05,8,TW_Weir
2610,8/4/1999,2.00E-05,8,TW_Weir
2611,8/5/1999,1.58E-05,8,TW_Weir
2612,8/6/1999,1.00E-05,8,TW_Weir
2613,8/7/1999,1.06E-05,8,TW_Weir
2614,8/8/1999,0.002719375,8,TW_Weir
2615,8/9/1999,0.004892292,8,TW_Weir
2616,8/10/1999,0.002095625,8,TW_Weir
2617,8/11/1999,0.001482708,8,TW_Weir
2618,8/12/1999,0.001193542,8,TW_Weir
2619,8/13/1999,0.003003125,8,TW_Weir
2620,8/14/1999,0.002439583,8,TW_Weir
2621,8/15/1999,0.003725,8,TW_Weir
2622,8/16/1999,0.003480208,8,TW_Weir
2623,8/17/1999,0.002344792,8,TW_Weir
2624,8/18/1999,0.001683958,8,TW_Weir
2625,8/19/1999,0.001423,8,TW_Weir
2934,6/23/2000,0.00058,6,TW_Weir
2935,6/24/2000,NA,6,TW_Weir
2936,6/25/2000,NA,6,TW_Weir
2937,6/26/2000,NA,6,TW_Weir
2938,6/27/2000,0.00013,6,TW_Weir
2939,6/28/2000,0.001524444,6,TW_Weir
2940,6/29/2000,0.001241556,6,TW_Weir
2941,6/30/2000,NA,6,TW_Weir
2942,7/1/2000,NA,7,TW_Weir
2943,7/2/2000,0.003686429,7,TW_Weir
2944,7/3/2000,0.002492245,7,TW_Weir
2945,7/4/2000,0.002676327,7,TW_Weir
2946,7/5/2000,0.006520833,7,TW_Weir
2947,7/6/2000,0.003333958,7,TW_Weir
2948,7/7/2000,0.001761765,7,TW_Weir
2949,7/8/2000,NA,7,TW_Weir
2950,7/9/2000,NA,7,TW_Weir
2951,7/10/2000,NA,7,TW_Weir
2952,7/11/2000,NA,7,TW_Weir
2953,7/12/2000,0.00025,7,TW_Weir
2954,7/13/2000,NA,7,TW_Weir
2955,7/14/2000,0,7,TW_Weir
2956,7/15/2000,NA,7,TW_Weir
2957,7/16/2000,NA,7,TW_Weir
2958,7/17/2000,2.00E-05,7,TW_Weir
2959,7/18/2000,0.004876111,7,TW_Weir
2960,7/19/2000,0.005856531,7,TW_Weir
2961,7/20/2000,0.002957222,7,TW_Weir
2962,7/21/2000,0.00134,7,TW_Weir
2963,7/22/2000,NA,7,TW_Weir
2964,7/23/2000,NA,7,TW_Weir
2965,7/24/2000,3.00E-04,7,TW_Weir
2966,7/25/2000,NA,7,TW_Weir
2967,7/26/2000,NA,7,TW_Weir
2968,7/27/2000,NA,7,TW_Weir
2969,7/28/2000,NA,7,TW_Weir
2970,7/29/2000,NA,7,TW_Weir
2971,7/30/2000,NA,7,TW_Weir
2972,7/31/2000,NA,7,TW_Weir
2973,8/1/2000,8.00E-05,8,TW_Weir
2974,8/2/2000,NA,8,TW_Weir
2975,8/3/2000,NA,8,TW_Weir
2976,8/4/2000,NA,8,TW_Weir
2977,8/5/2000,NA,8,TW_Weir
2978,8/6/2000,NA,8,TW_Weir
2979,8/7/2000,4.00E-05,8,TW_Weir
3299,6/23/2001,0.001716596,6,TW_Weir
3300,6/24/2001,0.000599375,6,TW_Weir
3301,6/25/2001,0.000217708,6,TW_Weir
3302,6/26/2001,0.0006275,6,TW_Weir
3303,6/27/2001,0.015050417,6,TW_Weir
3304,6/28/2001,0.008591875,6,TW_Weir
3305,6/29/2001,0.002275208,6,TW_Weir
3306,6/30/2001,0.00091125,6,TW_Weir
3307,7/1/2001,0.000425417,7,TW_Weir
3308,7/2/2001,0.000271667,7,TW_Weir
3309,7/3/2001,0.000115417,7,TW_Weir
3310,7/4/2001,0.000145417,7,TW_Weir
3311,7/5/2001,0.000473958,7,TW_Weir
3312,7/6/2001,0.003333333,7,TW_Weir
3313,7/7/2001,0.008894375,7,TW_Weir
3314,7/8/2001,0.0027725,7,TW_Weir
3315,7/9/2001,0.001073542,7,TW_Weir
3316,7/10/2001,0.000559583,7,TW_Weir
3317,7/11/2001,0.000501875,7,TW_Weir
3318,7/12/2001,0.000477917,7,TW_Weir
3319,7/13/2001,0.000402708,7,TW_Weir
3320,7/14/2001,0.000236458,7,TW_Weir
3321,7/15/2001,0.000118958,7,TW_Weir
3322,7/16/2001,5.83E-05,7,TW_Weir
3323,7/17/2001,2.00E-05,7,TW_Weir
3324,7/18/2001,2.00E-05,7,TW_Weir
3325,7/19/2001,3.83E-05,7,TW_Weir
3326,7/20/2001,7.81E-05,7,TW_Weir
3327,7/21/2001,0.00056125,7,TW_Weir
3328,7/22/2001,0.000717083,7,TW_Weir
3329,7/23/2001,0.002205,7,TW_Weir
3330,7/24/2001,0.004627083,7,TW_Weir
3331,7/25/2001,0.004858333,7,TW_Weir
3332,7/26/2001,0.003141875,7,TW_Weir
3333,7/27/2001,0.001522083,7,TW_Weir
3334,7/28/2001,0.000954583,7,TW_Weir
3335,7/29/2001,0.005379583,7,TW_Weir
3336,7/30/2001,0.006073125,7,TW_Weir
3337,7/31/2001,0.003398958,7,TW_Weir
3338,8/1/2001,0.001379375,8,TW_Weir
3339,8/2/2001,0.001709583,8,TW_Weir
3340,8/3/2001,0.002339167,8,TW_Weir
3341,8/4/2001,0.003814375,8,TW_Weir
3342,8/5/2001,0.002596458,8,TW_Weir
3343,8/6/2001,0.001720833,8,TW_Weir
3344,8/7/2001,0.001166667,8,TW_Weir
3345,8/8/2001,0.000761042,8,TW_Weir
3346,8/9/2001,0.000819375,8,TW_Weir
3347,8/10/2001,0.001730417,8,TW_Weir
3348,8/11/2001,0.003529792,8,TW_Weir
3349,8/12/2001,0.002555625,8,TW_Weir
3350,8/13/2001,0.002229167,8,TW_Weir
3351,8/14/2001,0.007079792,8,TW_Weir
3352,8/15/2001,0.010621042,8,TW_Weir
3353,8/16/2001,0.009219167,8,TW_Weir
3354,8/17/2001,0.010167742,8,TW_Weir
3665,6/24/2002,0.001513333,6,TW_Weir
3666,6/25/2002,0.00051625,6,TW_Weir
3667,6/26/2002,3.08E-05,6,TW_Weir
3668,6/27/2002,2.27E-05,6,TW_Weir
3669,6/28/2002,0.005433125,6,TW_Weir
3670,6/29/2002,0.004631458,6,TW_Weir
3671,6/30/2002,0.0020175,6,TW_Weir
3672,7/1/2002,0.002540833,7,TW_Weir
3673,7/2/2002,0.00119125,7,TW_Weir
3674,7/3/2002,0.002914167,7,TW_Weir
3675,7/4/2002,0.002894792,7,TW_Weir
3676,7/5/2002,0.00758375,7,TW_Weir
3677,7/6/2002,0.005174167,7,TW_Weir
3678,7/7/2002,0.009526458,7,TW_Weir
3679,7/8/2002,0.003446458,7,TW_Weir
3680,7/9/2002,0.001937083,7,TW_Weir
3681,7/10/2002,0.006603542,7,TW_Weir
3682,7/11/2002,0.002129792,7,TW_Weir
3683,7/12/2002,0.000454375,7,TW_Weir
3684,7/13/2002,0.000415417,7,TW_Weir
3685,7/14/2002,0.00106875,7,TW_Weir
3686,7/15/2002,0.000496875,7,TW_Weir
3687,7/16/2002,0.000108125,7,TW_Weir
3688,7/17/2002,3.50E-05,7,TW_Weir
3689,7/18/2002,3.63E-05,7,TW_Weir
3690,7/19/2002,0,7,TW_Weir
3691,7/20/2002,0,7,TW_Weir
3692,7/21/2002,0.000179375,7,TW_Weir
3693,7/22/2002,0.000882917,7,TW_Weir
3694,7/23/2002,0.000529167,7,TW_Weir
3695,7/24/2002,8.71E-05,7,TW_Weir
3696,7/25/2002,0,7,TW_Weir
3697,7/26/2002,0,7,TW_Weir
3698,7/27/2002,0,7,TW_Weir
3699,7/28/2002,0,7,TW_Weir
3700,7/29/2002,0,7,TW_Weir
3701,7/30/2002,0,7,TW_Weir
3702,7/31/2002,0,7,TW_Weir
3703,8/1/2002,0,8,TW_Weir
3704,8/2/2002,0,8,TW_Weir
3705,8/3/2002,0,8,TW_Weir
3706,8/4/2002,0,8,TW_Weir
3707,8/5/2002,0,8,TW_Weir
3708,8/6/2002,0,8,TW_Weir
3709,8/7/2002,0,8,TW_Weir
3710,8/8/2002,0,8,TW_Weir
3711,8/9/2002,0,8,TW_Weir
3712,8/10/2002,0,8,TW_Weir
3713,8/11/2002,0.001549792,8,TW_Weir
3714,8/12/2002,0.005943542,8,TW_Weir
3715,8/13/2002,0.007134444,8,TW_Weir
4005,5/30/2003,2.00E-05,5,TW_Weir
4006,5/31/2003,NA,5,TW_Weir
4007,6/1/2003,0.00126,6,TW_Weir
4008,6/2/2003,0.008835,6,TW_Weir
4009,6/3/2003,0.0201,6,TW_Weir
4010,6/4/2003,0.01904,6,TW_Weir
4011,6/5/2003,0.03846,6,TW_Weir
4012,6/6/2003,NA,6,TW_Weir
4013,6/7/2003,0.00824,6,TW_Weir
4014,6/8/2003,NA,6,TW_Weir
4015,6/9/2003,0.00336,6,TW_Weir
4016,6/10/2003,NA,6,TW_Weir
4017,6/11/2003,NA,6,TW_Weir
4018,6/12/2003,NA,6,TW_Weir
4019,6/13/2003,NA,6,TW_Weir
4020,6/14/2003,NA,6,TW_Weir
4021,6/15/2003,NA,6,TW_Weir
4022,6/16/2003,NA,6,TW_Weir
4023,6/17/2003,NA,6,TW_Weir
4024,6/18/2003,NA,6,TW_Weir
4025,6/19/2003,NA,6,TW_Weir
4026,6/20/2003,0.00091,6,TW_Weir
4027,6/21/2003,NA,6,TW_Weir
4028,6/22/2003,NA,6,TW_Weir
4029,6/23/2003,NA,6,TW_Weir
4030,6/24/2003,0,6,TW_Weir
4031,6/25/2003,0,6,TW_Weir
4032,6/26/2003,0,6,TW_Weir
4033,6/27/2003,0,6,TW_Weir
4034,6/28/2003,0,6,TW_Weir
4035,6/29/2003,0,6,TW_Weir
4036,6/30/2003,0,6,TW_Weir
4037,7/1/2003,0,7,TW_Weir
4038,7/2/2003,0,7,TW_Weir
4039,7/3/2003,0.012236875,7,TW_Weir
4040,7/4/2003,0.005188125,7,TW_Weir
4041,7/5/2003,0.001081667,7,TW_Weir
4042,7/6/2003,0.000298333,7,TW_Weir
4043,7/7/2003,0.00884375,7,TW_Weir
4044,7/8/2003,0.004045532,7,TW_Weir
4045,7/9/2003,0.001033333,7,TW_Weir
4046,7/10/2003,0.00047125,7,TW_Weir
4047,7/11/2003,0.001702917,7,TW_Weir
4048,7/12/2003,0.002474583,7,TW_Weir
4049,7/13/2003,0.004704792,7,TW_Weir
4050,7/14/2003,0.006365208,7,TW_Weir
4051,7/15/2003,0.0052525,7,TW_Weir
4052,7/16/2003,0.002802083,7,TW_Weir
4053,7/17/2003,0.001835625,7,TW_Weir
4054,7/18/2003,0.002012917,7,TW_Weir
4055,7/19/2003,0.001227708,7,TW_Weir
4056,7/20/2003,0.00075125,7,TW_Weir
4057,7/21/2003,7.00E-04,7,TW_Weir
4058,7/22/2003,0.00071625,7,TW_Weir
4059,7/23/2003,0.001344792,7,TW_Weir
4060,7/24/2003,0.001343958,7,TW_Weir
4061,7/25/2003,0.010269167,7,TW_Weir
4062,7/26/2003,0.016537083,7,TW_Weir
4063,7/27/2003,0.005162917,7,TW_Weir
4064,7/28/2003,0.00375375,7,TW_Weir
4065,7/29/2003,0.002608958,7,TW_Weir
4066,7/30/2003,0.002724375,7,TW_Weir
4067,7/31/2003,0.003006667,7,TW_Weir
4068,8/1/2003,0.003292708,8,TW_Weir
4069,8/2/2003,0.002627083,8,TW_Weir
4070,8/3/2003,0.003117917,8,TW_Weir
4071,8/4/2003,0.002672292,8,TW_Weir
4072,8/5/2003,0.002199792,8,TW_Weir
4073,8/6/2003,0.001672292,8,TW_Weir
4074,8/7/2003,0.001134792,8,TW_Weir
4075,8/8/2003,0.00117625,8,TW_Weir
4076,8/9/2003,0.000919167,8,TW_Weir
4077,8/10/2003,0.001169375,8,TW_Weir
4078,8/11/2003,0.016533333,8,TW_Weir
4079,8/12/2003,0.018058333,8,TW_Weir
4080,8/13/2003,0.009871875,8,TW_Weir
4081,8/14/2003,0.003563958,8,TW_Weir
4082,8/15/2003,0.001772917,8,TW_Weir
4083,8/16/2003,0.001305484,8,TW_Weir
4390,6/18/2004,7.69E-07,6,TW_Weir
4391,6/19/2004,0,6,TW_Weir
4392,6/20/2004,0,6,TW_Weir
4393,6/21/2004,0,6,TW_Weir
4394,6/22/2004,0,6,TW_Weir
4395,6/23/2004,0,6,TW_Weir
4396,6/24/2004,0,6,TW_Weir
4397,6/25/2004,0,6,TW_Weir
4398,6/26/2004,0,6,TW_Weir
4399,6/27/2004,0,6,TW_Weir
4400,6/28/2004,0,6,TW_Weir
4401,6/29/2004,0,6,TW_Weir
4402,6/30/2004,0,6,TW_Weir
4403,7/1/2004,0,7,TW_Weir
4404,7/2/2004,0,7,TW_Weir
4405,7/3/2004,0,7,TW_Weir
4406,7/4/2004,0,7,TW_Weir
4407,7/5/2004,0,7,TW_Weir
4408,7/6/2004,0,7,TW_Weir
4409,7/7/2004,0.000763125,7,TW_Weir
4410,7/8/2004,0.004921042,7,TW_Weir
4411,7/9/2004,0.010404375,7,TW_Weir
4412,7/10/2004,0.015642708,7,TW_Weir
4413,7/11/2004,0.010110625,7,TW_Weir
4414,7/12/2004,0.003187083,7,TW_Weir
4415,7/13/2004,0.001178958,7,TW_Weir
4416,7/14/2004,0.000265625,7,TW_Weir
4417,7/15/2004,1.13E-05,7,TW_Weir
4418,7/16/2004,8.33E-06,7,TW_Weir
4419,7/17/2004,0.001937917,7,TW_Weir
4420,7/18/2004,0.01291625,7,TW_Weir
4421,7/19/2004,0.013208125,7,TW_Weir
4422,7/20/2004,0.005420417,7,TW_Weir
4423,7/21/2004,0.003455833,7,TW_Weir
4424,7/22/2004,0.002114167,7,TW_Weir
4425,7/23/2004,0.001312292,7,TW_Weir
4426,7/24/2004,0.000705625,7,TW_Weir
4427,7/25/2004,0.000172708,7,TW_Weir
4428,7/26/2004,4.38E-06,7,TW_Weir
4429,7/27/2004,0.000115833,7,TW_Weir
4430,7/28/2004,0.003072083,7,TW_Weir
4431,7/29/2004,0.003501458,7,TW_Weir
4432,7/30/2004,0.002452917,7,TW_Weir
4433,7/31/2004,0.016757708,7,TW_Weir
4434,8/1/2004,0.009890833,8,TW_Weir
4435,8/2/2004,0.004362292,8,TW_Weir
4436,8/3/2004,0.009812708,8,TW_Weir
4437,8/4/2004,0.004947917,8,TW_Weir
4438,8/5/2004,0.002323958,8,TW_Weir
4439,8/6/2004,0.001279167,8,TW_Weir
4440,8/7/2004,0.000697708,8,TW_Weir
4441,8/8/2004,0.000310417,8,TW_Weir
4442,8/9/2004,7.96E-05,8,TW_Weir
4443,8/10/2004,1.00E-05,8,TW_Weir
4444,8/11/2004,1.00E-05,8,TW_Weir
4445,8/12/2004,1.00E-05,8,TW_Weir
4446,8/13/2004,0.00188625,8,TW_Weir
4447,8/14/2004,0.006201667,8,TW_Weir
4448,8/15/2004,0.002955625,8,TW_Weir
4449,8/16/2004,0.001542708,8,TW_Weir
4450,8/17/2004,0.000995862,8,TW_Weir
4750,6/13/2005,0.00046,6,TW_Weir
4751,6/14/2005,0.000392292,6,TW_Weir
4752,6/15/2005,0.000261042,6,TW_Weir
4753,6/16/2005,0.00012,6,TW_Weir
4754,6/17/2005,8.40E-05,6,TW_Weir
4755,6/18/2005,0,6,TW_Weir
4756,6/19/2005,0,6,TW_Weir
4757,6/20/2005,0,6,TW_Weir
4758,6/21/2005,0,6,TW_Weir
4759,6/22/2005,0,6,TW_Weir
4760,6/23/2005,0,6,TW_Weir
4761,6/24/2005,0,6,TW_Weir
4762,6/25/2005,0,6,TW_Weir
4763,6/26/2005,0,6,TW_Weir
4764,6/27/2005,0,6,TW_Weir
4765,6/28/2005,0,6,TW_Weir
4766,6/29/2005,0,6,TW_Weir
4767,6/30/2005,0,6,TW_Weir
4768,7/1/2005,0,7,TW_Weir
4769,7/2/2005,0,7,TW_Weir
4770,7/3/2005,0,7,TW_Weir
4771,7/4/2005,0,7,TW_Weir
4772,7/5/2005,0,7,TW_Weir
4773,7/6/2005,0.003325417,7,TW_Weir
4774,7/7/2005,0.003960208,7,TW_Weir
4775,7/8/2005,0.001897708,7,TW_Weir
4776,7/9/2005,0.0024825,7,TW_Weir
4777,7/10/2005,0.003076458,7,TW_Weir
4778,7/11/2005,0.004584583,7,TW_Weir
4779,7/12/2005,0.00539375,7,TW_Weir
4780,7/13/2005,0.004348958,7,TW_Weir
4781,7/14/2005,0.002,7,TW_Weir
4782,7/15/2005,0.000834792,7,TW_Weir
4783,7/16/2005,0.000404792,7,TW_Weir
4784,7/17/2005,0.00037,7,TW_Weir
4785,7/18/2005,0.00037,7,TW_Weir
4786,7/19/2005,0.000275833,7,TW_Weir
4787,7/20/2005,2.00E-04,7,TW_Weir
4788,7/21/2005,0.000164167,7,TW_Weir
4789,7/22/2005,9.13E-05,7,TW_Weir
4790,7/23/2005,2.25E-05,7,TW_Weir
4791,7/24/2005,0,7,TW_Weir
4792,7/25/2005,0,7,TW_Weir
4793,7/26/2005,0,7,TW_Weir
4794,7/27/2005,0,7,TW_Weir
4795,7/28/2005,0,7,TW_Weir
4796,7/29/2005,0,7,TW_Weir
4797,7/30/2005,0,7,TW_Weir
4798,7/31/2005,0,7,TW_Weir
4799,8/1/2005,0,8,TW_Weir
4800,8/2/2005,0,8,TW_Weir
4801,8/3/2005,0,8,TW_Weir
4802,8/4/2005,0,8,TW_Weir
4803,8/5/2005,0,8,TW_Weir
4804,8/6/2005,0,8,TW_Weir
4805,8/7/2005,0,8,TW_Weir
4806,8/8/2005,0,8,TW_Weir
4807,8/9/2005,0,8,TW_Weir
4808,8/10/2005,0,8,TW_Weir
4809,8/11/2005,0,8,TW_Weir
4810,8/12/2005,0,8,TW_Weir
4811,8/13/2005,0,8,TW_Weir
4812,8/14/2005,0,8,TW_Weir
4813,8/15/2005,0,8,TW_Weir
